Expected_Return,Volatility,Sharpe_Ratio
0.2646998037127403,0.14258938933024862,1.8563779882644287
0.21447165064335877,0.14379329264198917,1.4915275024499353
0.22865984484358337,0.140823714191931,1.6237311034982294
0.1963459314618175,0.1422539275801953,1.3802496338888637
0.16301389845011358,0.14246679379769614,1.1442238159833544
0.21147465213559657,0.13396074277400583,1.5786315285841472
0.21094086601256665,0.14449938416982805,1.459804602105784
0.2227003470696557,0.136337427185161,1.6334498286167927
0.20751769579969398,0.13702326732865336,1.5144704972036476
0.22759587539795498,0.13730399614388503,1.6576056181165357
0.22141864312246984,0.14784728740563946,1.4976172171152333
0.19373808101340914,0.1328206816469884,1.4586439296278222
0.23675677884856497,0.1359486949432279,1.7415156427020833
0.23473798686087763,0.13948427884022874,1.6828992400624343
0.21055341002099381,0.1360817304085697,1.5472570005454185
0.17914623807574567,0.12331606269399384,1.4527404959424728
0.15257172002355057,0.13814840618416435,1.1044044896193637
0.1855000015804065,0.13556398250491133,1.3683575692657601
0.19614700471323976,0.12894509813783825,1.521166818637532
0.19170369771783288,0.13732650031659502,1.3959701680001724
0.22262679773931288,0.13713210586988592,1.6234476698735034
0.21799188394059915,0.14014938507319286,1.555425190247914
0.18839763547560356,0.13986602727922062,1.346986392195849
0.17812139659957965,0.13578830947511847,1.311757965675375
0.14950513275124203,0.1400517178005664,1.0674994573371621
0.19370459970873202,0.12792262645174826,1.514232509772588
0.2300318723296288,0.13616784771839996,1.689325903170204
0.1896281535851888,0.1382509623743088,1.3716226659730466
0.20686975479153136,0.14556068260976943,1.4211925300331556
0.23077242181813107,0.13860329659174203,1.6649850868834275
0.17019415584607367,0.13566785480334195,1.2544913907040065
0.2476037773264784,0.13743184411864293,1.8016477834112858
0.19509532460778645,0.14376264646431594,1.3570654784531395
0.21151152504719295,0.13973991825865958,1.5136084783997341
0.19987030314639265,0.13590560721176442,1.4706553117779768
0.18965788006262332,0.13951624744982316,1.3593963680168042
0.22878197300385883,0.14793088682252273,1.5465463495688745
0.22176849055623402,0.14029122464614208,1.5807723620319292
0.24453614012553876,0.13191016350262647,1.8538081799941806
0.2493148105549943,0.13640859218223741,1.8277060599079995
0.17832311216843633,0.13024280277679917,1.3691590503778834
0.23217101738870288,0.13387713757874634,1.7342096013379449
0.23489855390235193,0.15767223592836582,1.4897902127110814
0.181548060510017,0.14066163632285208,1.2906721779726833
0.16635955861583854,0.13095450103549058,1.2703615171711637
0.20556580905563987,0.140536781043636,1.4627189233245115
0.17256544492738923,0.14967351793672914,1.1529457402099488
0.17234241606128736,0.1373982428460773,1.254327657263833
0.21982953399444286,0.129608690980665,1.696101799432856
0.16867047938903432,0.13389092882446216,1.2597603203587446
0.19522292395071394,0.14461994122430805,1.349903217343449
0.23772317225534162,0.13502206772507716,1.76062458722953
0.25465216140204694,0.13259090556868935,1.9205854301230574
0.23487790523565769,0.13826824967285736,1.6987117851811875
0.2077231316940366,0.1378460746012069,1.5069209064892581
0.21524661396645206,0.1298773624625453,1.6573066305417619
0.23923516455232724,0.12665364600303405,1.8888928357150985
0.20230376127307612,0.13715047608100428,1.4750496465910246
0.22460883661494566,0.13549401860652338,1.6577029667059549
0.1967501480397276,0.1355153460399922,1.45186618186891
0.18005008048751614,0.13610649956712426,1.3228617373905793
0.19767834598927106,0.1401863095080392,1.4101116341744833
0.19959787225868902,0.14203073902518565,1.405314607447725
0.21625958505102238,0.14134866354456624,1.529972619676289
0.18286540883968788,0.1404359815378869,1.3021264695640296
0.17971892865954558,0.1257468769568196,1.4292118660033164
0.20953937904859585,0.1305296474504356,1.605301041881398
0.19066312966297236,0.1407525818282806,1.3545977429784064
0.21606058685401167,0.12988209931874548,1.6635132014903329
0.23854559077865542,0.14301813323892507,1.667939479954915
0.23194445941118833,0.1424872721328313,1.6278258116624067
0.22208341017298114,0.13689119555580967,1.622335236910391
0.20934074196270175,0.14639953974302292,1.4299275962899909
0.23525058601006477,0.14376800510599802,1.6363208617704474
0.22133163069620226,0.13059635463616737,1.6947764837143982
0.2271850084536335,0.139927467338319,1.6235912274774598
0.19094617239795508,0.1428484408981455,1.3367046304278845
0.20322304811235486,0.1305603107618895,1.5565453768181101
0.22140797633043577,0.13944536467333904,1.5877758063102358
0.19763121667742964,0.142219742353701,1.389618722455003
0.16058280585574833,0.13748754372102318,1.1679807603631926
0.24889858673096396,0.13815568846430726,1.8015804452037985
0.23540746090163117,0.14023580451314005,1.6786544757161042
0.15619784853556407,0.13169135266372914,1.186090395277598
0.23862891243469,0.13610202183499312,1.7533090928215458
0.16726042624613854,0.1460348823886916,1.1453457113140426
0.19025255150075882,0.14009620150360988,1.3580136324813672
0.20201626082209556,0.1407843538274681,1.434934034428765
0.19275168471690357,0.1401425197369172,1.3753975958099443
0.21580621506051456,0.13453696723238098,1.6040662986535148
0.23632953376242266,0.13674582648399966,1.7282394632356481
0.2133238675161385,0.1424666537972955,1.4973599914802527
0.18479239600771194,0.1355225925921049,1.3635541681518668
0.2072547577396356,0.14524281922366555,1.4269535585127635
0.20927902560236555,0.14645666745115074,1.4289484339944347
0.19465009440573838,0.13086648487465988,1.487394534912194
0.19339353145552504,0.13321019381987878,1.4517922833820334
0.19971056537696308,0.13549917417486557,1.4738876940993815
0.20009129833654382,0.1346429639633629,1.4860880394090983
0.20905636858920768,0.15349717539353464,1.361955801813492
0.20143915610603932,0.1254275949760324,1.606019442089532
0.21488118439552004,0.13063361612411145,1.644914921373433
0.23440675211509457,0.13898320258574093,1.6865833262871126
0.17576017709551237,0.1508348130951492,1.1652494108547726
0.2107195072191389,0.12701747818886044,1.6589804035144133
0.18871615328884192,0.13615463714354895,1.3860427911087372
0.17662841061709966,0.13484699278995502,1.3098431560296317
0.17570240619048078,0.1380179704196449,1.273040066132374
0.1407547783545245,0.15105606643798325,0.9318048700302414
0.18322314087218405,0.15230589704565436,1.2029943976316433
0.2279319385392158,0.14012490406322378,1.6266340381319644
0.1971757942639925,0.13990898594131881,1.4093147265515367
0.16771098491016714,0.13895455367075987,1.206948462499063
0.22965874411022036,0.1448765329883791,1.5852032028447411
0.2526649174398047,0.1368983546534756,1.845638817788304
0.24949051263159186,0.13326523229190865,1.8721350523375777
0.16224570479375816,0.12445520351951549,1.3036474185534304
0.16873659343666203,0.14150351652203763,1.1924551246780015
0.21845162917999028,0.13909404591765345,1.5705318494317015
0.19742227044867172,0.12828001806252326,1.538994719757903
0.2095556278508478,0.14143430670837365,1.4816463751113436
0.2707519323800823,0.14613770362604014,1.8527178521493977
0.19582677734726311,0.12977088425652752,1.5090193649305657
0.19147588369881546,0.14037064062192295,1.3640735901073529
0.2041580697955139,0.13148995947269365,1.5526514010213164
0.17623488741154364,0.13129118412158544,1.3423208008264818
0.1919706668415325,0.1334459364505631,1.4385650994524715
0.2026327391523351,0.13449900638935267,1.5065742461007214
0.20943594654342057,0.1295502986692621,1.616638083391101
0.228440698545348,0.1377945777617596,1.657835179409681
0.20098962170762918,0.13701945887953948,1.4668691830430378
0.20645823839276392,0.13728397575974224,1.5038771804954285
0.22503529366662325,0.13766110753062924,1.6347049482843474
0.18987059456483982,0.13738187552426295,1.3820643650428754
0.21548924326776184,0.1365329156583064,1.5782951841961335
0.20310501163550168,0.14748495075133342,1.3771236360104722
0.205053237739405,0.1377134263984523,1.488985083750044
0.20633799076508436,0.13158611372051157,1.5680833252917972
0.18475054547427786,0.13721138588589446,1.3464665798792905
0.19750040349629924,0.14148608820810415,1.3958998089324988
0.2264598053609592,0.1335613202860981,1.6955493167922102
0.20006313715650623,0.14233543054413733,1.405575100954698
0.1829517695151721,0.13432973926639008,1.3619602815751723
0.23136503539324407,0.13661371847940929,1.6935710261639347
0.24085483319639747,0.148127903683594,1.6259923161463974
0.2153567141532827,0.14223226039586176,1.5141200284232317
0.20362516276496379,0.14086308068334033,1.445553808543435
0.20592050885294474,0.14324595598580203,1.437531045367555
0.17129078453793625,0.1268047244354111,1.3508233648280545
0.25289604914971875,0.1444578722193766,1.7506560581597506
0.23358611952597474,0.1544278872086197,1.512590269466153
0.2289052956840656,0.14058339761190683,1.6282526925119518
0.20351371529515871,0.12976439974759252,1.5683324216119179
0.18634815637373134,0.12936785237600393,1.4404518043023224
0.2122402123657485,0.13645419821843907,1.5553952545013632
0.16143941654969726,0.1438947753768849,1.1219268811314378
0.1946226816592443,0.1363184415434223,1.427706181611899
0.19888558801771652,0.13879971802347962,1.4328961964034586
0.21347701147827308,0.13648996047115391,1.5640491853127159
0.16830891491359723,0.1395519348145763,1.2060665094843044
0.22476214840769773,0.14239763905868277,1.5784120431594524
0.18284995913248855,0.12985141695212635,1.4081475845573692
0.1757793862108861,0.13104837748832077,1.3413320300478488
0.19482650803700202,0.1420100269592442,1.3719207876280155
0.19497736372772767,0.13880114920714282,1.404724419368813
0.2194209340589548,0.12747375674340877,1.721302797254387
0.19637670339331795,0.13720932471246364,1.431219808164246
0.1922132352725566,0.13465472677569265,1.4274525660933144
0.1801024624986444,0.1336927348435573,1.347137245037243
0.20166861008193968,0.14245531110500384,1.4156622769458536
0.2155999413180671,0.14061038669264903,1.5333144754756474
0.21618997804577267,0.12839233008608422,1.6838231528380398
0.1979079914736507,0.13507436147817442,1.4651780642000596
0.21732863292241741,0.13925538311064203,1.5606479840692704
0.2297456383596144,0.1309271244656456,1.7547596748746903
0.2300268903703594,0.13805919052181603,1.6661468859909814
0.1880091512528644,0.1416730457793249,1.327063664218205
0.2168986852851418,0.13528802451306413,1.60323639927344
0.2317253198445435,0.14803116063822844,1.5653820374404428
0.16173590752343653,0.13629074645519182,1.1866976425770057
0.17098622087180307,0.13913968097017818,1.2288817947516393
0.2189930786571368,0.1381798198689549,1.5848412515287869
0.2031594803020788,0.13300643342019663,1.527441004753907
0.24974066830076325,0.1380876905030279,1.8085657555065495
0.21751732133235907,0.13601814587456507,1.5991786973258109
0.20161682388915947,0.13865401446985953,1.454100154691062
0.19897103464447946,0.12736131160275155,1.5622564822909757
0.23435256397610968,0.135843840357819,1.7251615042597008
0.2538242175433903,0.1401971267153636,1.810480881385815
0.20592813816498645,0.1377800273249132,1.4946153093682164
0.21003956522559725,0.1400968387640419,1.4992455724097844
0.20642765029678153,0.14051868796759412,1.469040547435136
0.21970389913169244,0.13818563377273899,1.5899185257782942
0.18221970655791672,0.1395407708083745,1.3058528020326865
0.20157234470176386,0.13601474668831876,1.4819888990689516
0.19352931964848,0.14207184175284815,1.3621933611950257
0.22370748903195725,0.15045316871436717,1.4868911764607775
0.15921073422380277,0.13560957032023327,1.1740375981417601
0.2153654019023298,0.13780493244204348,1.5628279633089757
0.18595972671432132,0.13038143781268233,1.4262745513014494
0.209581601727262,0.14129778362041068,1.4832617777663968
0.23008554700697592,0.1412341379078243,1.6291071720715287
0.18965656804205638,0.13817657719128215,1.3725666961594285
0.21431362283688107,0.13903659210487443,1.5414188422802082
0.2126328921645641,0.13585879608856416,1.565102137560178
0.21127768252006432,0.13411484312423985,1.5753489889582408
0.23515409718636018,0.13653636429700441,1.7222818140582306
0.19490987363721554,0.14755249978161916,1.3209527044657752
0.23255873900960936,0.1420497208554993,1.6371643506866216
0.22062597045400292,0.13671794926089986,1.6137308352466637
0.20493004364466125,0.13169496635885902,1.5560962526558688
0.23752951957923493,0.1506815123240143,1.576368035572069
0.25112238845525425,0.14394055656960192,1.7446256596473904
0.20594517604141427,0.14896265346540014,1.3825289174863522
0.22932530801690346,0.13751310645097037,1.6676614610453024
0.18751606517612948,0.14442172323844132,1.2983923815016325
0.23177032545886014,0.13975252446270248,1.6584339091542895
0.2353417183374515,0.1290552415226068,1.8235734989208192
0.19477656796930257,0.13442747388551698,1.448934227055259
0.2205694648577018,0.1308481771322528,1.685690008770734
0.20658966525836897,0.13444572565695675,1.5366027015651664
0.17812190302365363,0.1376347573370353,1.2941636725342187
0.1464817970555309,0.1449759164484901,1.0103871087276477
0.18332328409908477,0.1349758936684588,1.3581927788482115
0.18661397527115337,0.13592331434636998,1.3729357334210497
0.22365139011875895,0.1506915222539084,1.4841670372266629
0.21532693660723198,0.14053835943447768,1.5321577501950456
0.18302187614418647,0.13052745483848027,1.4021714923551127
0.22403582190053464,0.13799952939149832,1.623453521098288
0.178963001029507,0.14141681951813917,1.2655001126407872
0.2167438133894835,0.13176601918702224,1.644914331682495
0.18347502763313603,0.13804232047383522,1.329121583897977
0.20840533603710365,0.14822759099109908,1.4059820755612102
0.23414676543301133,0.13789145766208438,1.6980512745525498
0.2282273042573755,0.14410146458979375,1.5837958684671143
0.2262479014975973,0.13170530157831323,1.7178344287307838
0.17357784097751272,0.14263377451299827,1.2169476799598717
0.1587461998910787,0.12493030074530057,1.2706781216729774
0.20922505251366208,0.1312628802642139,1.5939392164221993
0.22205604109648552,0.14246610663433723,1.5586587318373835
0.19509845686911367,0.15074371578871534,1.2942394039335385
0.2112517168680713,0.152884552907524,1.381772800786827
0.18400180631922575,0.1320881194232189,1.3930231357876481
0.1420458552585868,0.1451770992191221,0.9784315571989133
0.18744095936202274,0.13733400674148294,1.3648546620711428
0.23106914637613066,0.1355870169238625,1.7042129225830316
0.19506111406822238,0.12211940303000338,1.5972982935422477
0.21185394501326513,0.13475503391237992,1.572141231851986
0.1876938773323219,0.1409410908254076,1.3317186367234086
0.21180183525674956,0.1396709191150209,1.5164347496154722
0.182272582508457,0.13489596244579502,1.3512085847765771
0.20148986941862035,0.1375597408728391,1.464744467677346
0.17009370903033716,0.13188258010578582,1.2897359825224937
0.19345831711019162,0.13869762342351327,1.3948207066206646
0.19253696306982795,0.13656102687761876,1.4098968605616367
0.2099466272299674,0.13718020865616917,1.5304439998059869
0.1903868206776701,0.13179764499544006,1.444538866261663
0.21492862230061865,0.148524244765431,1.4470945308630399
0.21079091344030654,0.13966553587336733,1.5092550364853612
0.2300639422429853,0.12704980057396092,1.8108170276824291
0.20147174253126562,0.14205360594921712,1.4182796781891616
0.2204793286547433,0.13392842284824247,1.6462474803020248
0.24545780918066787,0.1481704893130264,1.6565903933954846
0.2536538474168961,0.13653672105568115,1.8577701694876159
0.23102240143197791,0.1328363779793125,1.739150110431019
0.22485178950328916,0.12638056107217913,1.7791643556232561
0.17559730881627642,0.13033731853387628,1.3472527346082888
0.2333676057247107,0.13647437884850022,1.7099737525368872
0.22046972816078014,0.14328123911307314,1.53872013897641
0.15708540552732733,0.13809362332043706,1.137528306885113
0.14640163523719604,0.14111778729819266,1.037442820215415
0.2537162228839664,0.13655125363627002,1.8580292463647923
0.24068877245121884,0.14945304518874225,1.6104641571354816
0.23697570377642344,0.15677904524292316,1.5115266419006355
0.202524098728387,0.12991543753570484,1.5588917111773344
0.19793075837312943,0.14233957377303502,1.3905532602530926
0.15431953471226012,0.12859640227772848,1.2000299540182908
0.21889733587903834,0.13222722510918092,1.6554634319694248
0.20948816281458846,0.13578961454735922,1.5427406839094124
0.2404267680090201,0.14289191438218862,1.6825778354817054
0.25964884834366886,0.13757327371345032,1.8873494926382886
0.18979252299460045,0.12796991397133284,1.4831026848788598
0.20597801248356734,0.13802775403157896,1.4922941688701408
0.24726065808137873,0.14378756746050614,1.719624738413447
0.19652776112984421,0.12663915041612056,1.5518720749790118
0.208702842153214,0.14082913018061743,1.481957900936735
0.19675962546461628,0.13947032942086096,1.410763323508623
0.18436164460941543,0.1436950085005726,1.2830066021999698
0.19898630316591007,0.1320203293342139,1.5072398635074569
0.1673727468215972,0.1364275835868176,1.2268248283902734
0.17161697399361087,0.133309535050482,1.2873570816117732
0.28272948515703683,0.155762186940942,1.815135564732634
0.1982630862750945,0.1407043992691715,1.4090752478592485
0.2336637497060972,0.14550837402271755,1.6058440022813834
0.18672801814737652,0.1331677594005239,1.4022013961034019
0.22164575523391408,0.1436293045922463,1.543179199141506
0.19511876346243898,0.13603771419746477,1.4342990443019017
0.17688417859457878,0.1353555747318597,1.3068111819183474
0.18247790189116794,0.1374679058317897,1.3274218501186303
0.18485931877822037,0.1405505912399422,1.315251093199858
0.21595550331687866,0.14062946507201224,1.535634820244066
0.19900675807128465,0.15074340971770364,1.3201688779891838
0.20945313943580426,0.1328369489338503,1.576768671042776
0.19867327233371687,0.14065161246587052,1.4125204030769676
0.20779343701080571,0.13040392362015515,1.59346000674085
0.17960947379025144,0.13654705344351167,1.31536689559218
0.19571214290805833,0.13991373598958032,1.3988057821759077
0.2663117305425284,0.1401580438896211,1.9000816731735874
0.21487895912309327,0.1398276037792513,1.5367420546112418
0.18823917424783815,0.13998357902104283,1.344723256572411
0.20898904804546717,0.1285253857549437,1.6260526807049744
0.19667500606198124,0.15245472200335822,1.29005519460164
0.16128400245031563,0.1420085216626861,1.1357346767781635
0.18116827574815875,0.1409893314221116,1.2849786144864705
0.19946630999035111,0.13605990172335397,1.4660183306314543
0.19860403508948068,0.13806000593820958,1.4385341630245063
0.20789241921908622,0.1275652799709767,1.6296943750398647
0.17673349984670852,0.14320878109474197,1.2340968095370337
0.1913422519954089,0.15065294036114113,1.270086408779865
0.22956716379519204,0.12965392834286857,1.7706147953196134
0.20724655609479467,0.12826212969956635,1.6158047319207687
0.19476491732364895,0.13307022508313868,1.4636250686580345
0.1992978739706873,0.12710331680994877,1.5679990024862014
0.1999961048465823,0.1525161974777487,1.3113105896556376
0.21369959075384423,0.1368010082206672,1.5621199984808267
0.23497388503658034,0.14121938848347035,1.6638925260895312
0.22425891251304006,0.13083011134989025,1.7141230730384773
0.21266414709949497,0.149649276911525,1.4210836930754123
0.18798650637441106,0.13656314218056181,1.376553756546243
0.22040477016340812,0.12857218401415485,1.7142492511377359
0.2000988171414554,0.13542986003565594,1.4775088528391997
0.1823700230672971,0.13852819054595247,1.3164831096729113
0.22931201402279466,0.13585638410185502,1.6879001714845698
0.1888914831130566,0.13354699017581656,1.4144196201230608
0.24286454497456772,0.14091911085610254,1.7234322832377593
0.17089254195783155,0.1353695153521685,1.2624152602840355
0.1891245801873474,0.13422521912570473,1.4090092861776464
0.2341362784574759,0.1428767992681472,1.6387284685602135
0.199751853135633,0.13943334843884242,1.432597404940377
0.2225504815885102,0.12184250502152318,1.8265422362187744
0.1904797302116026,0.13937457175567627,1.366674909290582
0.21327895312272246,0.12774964816282225,1.6695071664768075
0.19148314808575598,0.13951003302450737,1.3725403394615971
0.2261156933061023,0.12800118564763258,1.766512490974605
0.20731836197676926,0.13989892978220891,1.4819152819790486
0.17415308358810597,0.13344790946163812,1.3050266901196323
0.1906461594157773,0.13825073051059356,1.3789884415921327
0.19778785791568315,0.13479394636793954,1.4673348710764254
0.18003000483951037,0.12329434363033417,1.4601643476791055
0.24304414171656383,0.13871996820130045,1.7520487127266036
0.17231436526005997,0.14246529801265145,1.2095181610103942
0.22185214984453513,0.13778739697422226,1.61010480433156
0.16433324400075852,0.13791384276908825,1.1915645355187787
0.18610087914479478,0.13787302314514008,1.3497990752613356
0.20073400463687277,0.12850038245048165,1.5621276824932935
0.22053997853954865,0.1431566148555308,1.540550387853965
0.23707736179691433,0.13393787404396434,1.770054687586687
0.18791147441037892,0.13255383928131145,1.4176237778491283
0.2591936657737612,0.12845845907439832,2.0177236099620806
0.22204678586515478,0.14039487719286356,1.5815875216025452
0.21513589972978986,0.14665970387346153,1.4669053192375856
0.20582360546192355,0.14518366852834677,1.4176773982105086
0.18892484184761915,0.1312286581524168,1.4396614619665664
0.19252819318436626,0.13705265701023758,1.404775342443633
0.17654634604292416,0.14209964857317192,1.2424122636166441
0.2305611523345514,0.14547798541598037,1.5848525237360407
0.16265546145859539,0.1350109666006932,1.2047574027053907
0.22675641981053812,0.13534418771255183,1.6754056723302402
0.2435474871507744,0.1328961992700499,1.832614389941108
0.2239997083188617,0.1478292876980936,1.5152593360006457
0.21539662683467617,0.1392750522026237,1.5465557070573366
0.2311198146276301,0.15205601955934142,1.5199649135720879
0.1868130509282233,0.13636035662982182,1.3699953237535576
0.18662516563765208,0.13595666698332368,1.3726812357097822
0.17368542085095864,0.13916152758290315,1.2480850409427164
0.1912117981814735,0.12780902832899088,1.496074265499294
0.21191675868554444,0.13338597860755605,1.5887483894318393
0.17262278003614612,0.14152547392099096,1.2197293904312645
0.2026827910248222,0.13641368383640132,1.4857951587019402
0.21202887148329846,0.12653549914139253,1.6756473315553484
0.17556560548680686,0.13300158998000441,1.3200263659494713
0.22280399949433755,0.1337871188731142,1.6653621168540773
0.2284544319046138,0.13782308435879653,1.657591926399467
0.1900332784619783,0.13366139172259728,1.4217514572673013
0.19641252935776826,0.13744614385120582,1.4290144769022934
0.2509566625769709,0.15102605856327458,1.6616778916456258
0.16258677476834102,0.1313159090459588,1.2381346323501279
0.18460000611804772,0.1335499822938936,1.3822540665846896
0.21478809036391938,0.14346611445851903,1.4971346451710168
0.22014789846482472,0.14939506190046564,1.4735955503770137
0.18997645683064943,0.14920069459287028,1.2732947212413828
0.23921031879753107,0.13811516485106168,1.7319627359927254
0.2188208734645361,0.12499597136422086,1.75062340870909
0.17902421302943958,0.1373440306176239,1.3034728355093672
0.24409734635543495,0.1469751270097957,1.6608071809263767
0.17435784431517226,0.13092209056145085,1.3317679512101435
0.18756498306326438,0.13624144962962867,1.3767101243649296
0.18703300497682127,0.13748897505870014,1.3603491108793893
0.20589238518085495,0.14173322021981186,1.4526755608991289
0.21462451181361636,0.13219987545435977,1.623484977394798
0.19926993639526452,0.1396334992694793,1.4270926205945222
0.1781952422096524,0.1358492226480936,1.3117133741077984
0.20996333537492182,0.14393145580157896,1.4587730958851213
0.2055434500067572,0.12911558431974998,1.5919337010297412
0.225331461525409,0.13816786282518956,1.6308529126668125
0.23771330424200843,0.14694840768592923,1.6176650566372228
0.18989345970240257,0.13698086567359524,1.3862772641172385
0.16210224733379833,0.1308685530869107,1.238664625764947
0.21005540793072777,0.13905993413755002,1.5105386697720793
0.21022621229954572,0.14007711409211035,1.5007891450512574
0.25511783777890296,0.1465460373394039,1.740871622397024
0.20126874809443784,0.13706795835043853,1.4683865617948333
0.19598559758817227,0.1368909124702236,1.4316918051868701
0.17655135944659106,0.14563560478650714,1.2122815688196888
0.2507567441194043,0.14361396688922412,1.746047056222771
0.2218226098856387,0.13674648664773847,1.6221448559556628
0.2580694395437449,0.1436975890689785,1.7959204550040502
0.21811603678422486,0.13806637683256262,1.579791125023444
0.1750947831980461,0.1495516344511077,1.1707981918130699
0.1900828313157069,0.13869738241527732,1.370486075552422
0.1843186882004685,0.13930957875742273,1.3230869682078312
0.18030706377711417,0.13230985187904545,1.362763703657885
0.1955294595770357,0.1530675313628698,1.2774065004909727
0.23297937504584537,0.12891835426105464,1.8071854576585056
0.20649434262561317,0.14056310207447636,1.4690508360878634
0.23844609370188888,0.1451773891570326,1.6424464931241547
0.22908668638930124,0.12648154935998504,1.8112261238774592
0.21135993799024913,0.13776866383794142,1.5341655504394949
0.2113454639171634,0.12988185785420311,1.6272131259040505
0.17099513098291358,0.14799716245149416,1.1553946585898698
0.22318154371662996,0.1358641164374549,1.6426820382655758
0.2209085835601576,0.1336889652620516,1.6524070115072078
0.19073188477280223,0.1427295476212227,1.336316746963766
0.17086781521063937,0.14116617848806118,1.2104019322524209
0.21535679968641838,0.13255646340224864,1.6246420141197366
0.23389765644282412,0.14273853173910833,1.6386441249818424
0.1820826803916924,0.1303672268966499,1.3966906002843837
0.22455913350570317,0.15227015045166575,1.4747416538278373
0.2036315214425752,0.13475801092109443,1.511090287328511
0.1543333932635118,0.1220554527887147,1.2644530804426424
0.24563891058167575,0.1531798065396911,1.6035985168712636
0.18018458277368987,0.1381638774028613,1.304136697382223
0.2525393770587222,0.1413045166127758,1.787199610545848
0.19980533028587547,0.1366666564761568,1.4619903306168465
0.19450573794333717,0.13941902838868284,1.3951161487159376
0.26460910940707455,0.1605900504044141,1.6477304088311147
0.1983696146101176,0.12552992849404404,1.5802575289408338
0.18667354316950527,0.14811876704662869,1.2602963614377056
0.205268149708966,0.15044425255494984,1.3644133705539314
0.16900386759519664,0.13380986866948846,1.2630149724803756
0.22216630401461052,0.12555301304322417,1.7695019707581632
0.1718369871522353,0.1415883643795184,1.2136377724629788
0.18836025649540525,0.13287252101588196,1.4176012847147754
0.2861053795525885,0.13097273570086834,2.1844651714844776
0.1997363466934046,0.12676468090063342,1.5756466649410905
0.20233901362804513,0.12919717996895377,1.5661256203631335
0.19989895430492527,0.14704248141274368,1.3594639616004243
0.2220993497908936,0.14323530366991777,1.5505908396907238
0.20857226680820792,0.14264046421116477,1.462223696211741
0.18906193278021036,0.14635068625673,1.2918417919035639
0.2007002571641631,0.14411499887166962,1.392639619300702
0.2438619619549371,0.13265895366866257,1.838262365343407
0.192078947849174,0.133274892188337,1.4412238096410406
0.18538172561286648,0.14596319141207814,1.2700580455897494
0.244301564239497,0.14150625031563346,1.7264365615976387
0.18588382812564105,0.1400939650094361,1.3268510753701686
0.19275237421794744,0.13295124552139945,1.4497974310960673
0.21824057256272716,0.13192283249158568,1.6543047813701772
0.24235689246842215,0.13665416354177412,1.7735053670306615
0.23704961377506747,0.1494151431000703,1.5865166599365652
0.2246815407052734,0.13457395119368762,1.6695767547309142
0.20160261599548013,0.1373150675114426,1.4681754861219465
0.16776608821633446,0.13497781790167715,1.2429159903780747
0.20187297459295606,0.1365192625296916,1.478714218435297
0.19320454737565884,0.1282707996550139,1.506223925439657
0.1978617368305482,0.14785496753574895,1.3382150098048509
0.19283070164876118,0.1506246499148943,1.280206803851256
0.2162595960119222,0.1447384482321335,1.4941406285155283
0.19932692985515665,0.12883775921615254,1.547115776212342
0.2185016932300843,0.133738000029485,1.6338041034104862
0.198971045809999,0.13792132207276553,1.4426416656956378
0.22617025148119604,0.13160118697520373,1.7186034311667036
0.19421984537184825,0.13861458389540232,1.4011501525583
0.2226031026665384,0.12802278481607363,1.7387772261503716
0.19061342024807493,0.13165163026660062,1.4478622092417235
0.20293882457254742,0.13730432142121374,1.4780221224791912
0.23653581080700187,0.13715470304114485,1.7245913232449914
0.22763833973800487,0.13286949023126873,1.7132476337629072
0.2130114833206,0.12934809454294163,1.6468080498076711
0.1996044881052451,0.1222265758790462,1.6330694586647918
0.19923889700247865,0.1418967559091551,1.4041117129558272
0.1653030388297518,0.13037274301746285,1.267926370219964
0.15646080572326562,0.14941571297346085,1.0471509495862468
0.2066639706510704,0.14621952988535328,1.4133814464668977
0.15816018244871277,0.12922536151053302,1.223909769722883
0.2169950752685461,0.1383850835406458,1.5680524932068374
0.20966485515384542,0.13595233523855907,1.542193848939344
0.21765271074835954,0.14651767176247965,1.4855048413627345
0.1768839797353166,0.13713345037206634,1.2898674922522575
0.2096558425182732,0.1303847556954945,1.6079781827249149
0.16483064056820748,0.14531077503658582,1.1343318520371735
0.1669462779103178,0.14354787603662794,1.163000683254411
0.1975549199626765,0.14875722118586343,1.3280358317250576
0.21503796951505122,0.13454546152583619,1.5982550959086672
0.18773973410477598,0.13920199916490145,1.3486856168091075
0.222390510686963,0.14426072172614193,1.5415873983296655
0.23270450017366082,0.13561866432160558,1.7158737061576292
0.21328144318686101,0.14284976722606457,1.4930471874646876
0.19554319095024444,0.13290991580688585,1.4712460674067604
0.17486027476211943,0.13934679426025412,1.2548568174129486
0.2339648889989774,0.130958672558553,1.7865551355094045
0.18326045416558215,0.13569859123238306,1.3504963647835493
0.1970359950776708,0.1411402631082671,1.3960296710409752
0.20014079117148229,0.1535782544107235,1.3031844380535398
0.1810489676003858,0.13919704014101636,1.300666791599667
0.228655512407131,0.14605626648135242,1.5655303118153054
0.2191655392860746,0.13084539919028904,1.674996145392481
0.16028689319235775,0.13302763373340687,1.2049142625026288
0.22837106754020778,0.1420732633894477,1.6074176244843668
0.24799225350258228,0.1427631294179926,1.737088942457208
0.20361956549296117,0.13589557793834192,1.4983531368868144
0.23341281701335426,0.1406132087508666,1.6599636626378866
0.2225998360144585,0.13764583737281486,1.617192646455011
0.24855945245745503,0.15216820687653237,1.6334519382168542
0.21748019438569943,0.1338456699845646,1.6248579009749047
0.22076176863020308,0.12796743601223823,1.7251402037084687
0.1898919471647966,0.12611859012516757,1.5056618296821789
0.2148647032177544,0.1396561792665626,1.5385262889631315
0.1874397874894498,0.14122700249561415,1.3272234358671657
0.19062523476685506,0.13413141955672267,1.4211825640616722
0.23645858016955204,0.13697287613311504,1.726316821585562
0.21443772062607036,0.13592193256031654,1.577653558824377
0.17484702628966006,0.13916141871872503,1.2564331975018397
0.18121997211335233,0.13695347917555242,1.3232228432916067
0.16962955703008326,0.13226509435299438,1.2824967755844114
0.17750938929905963,0.1291209097330285,1.3747532422601387
0.22195816914406072,0.1337601910039587,1.6593738950140386
0.2815285887056937,0.14862303863907153,1.89424594789359
0.15011240256598177,0.13008208929782988,1.1539820998899504
0.18486035458269703,0.12890193771813221,1.434116180525759
0.16256070010524654,0.12772420574889046,1.272747786154534
0.21190152931679113,0.13839047341480756,1.5311858113357533
0.29351553744562814,0.14048500066186564,2.0893016056005353
0.20552060209567852,0.1310323268093329,1.56847250674816
0.17663107742071782,0.1387619024773629,1.2729075795824634
0.21734821795139725,0.14845147885077686,1.4641027467963135
0.19192302242249581,0.13353161392407978,1.437285274868428
0.1763582055427259,0.1300159052765181,1.3564356235311896
0.20948260644599037,0.1369683014907944,1.5294239920181067
0.20195394233231748,0.13293248768108823,1.5192218685985566
0.19484558678592262,0.13620768270632633,1.4305036464501337
0.20679557392038764,0.12856440808849795,1.6084978494050926
0.22327031445241644,0.14487384603999245,1.5411361025839172
0.22095778814761075,0.14123380326605,1.56448231965672
0.2024227470627295,0.1312039193376891,1.5428102154611656
0.20282801380207668,0.1393091556676126,1.455956091543747
0.20929129629887488,0.1420535817494784,1.4733264288117351
0.1943767666505472,0.1289439838420145,1.507451226950632
0.23494217315624324,0.1330663665974883,1.765601475141487
0.21794085035082414,0.14168956847150924,1.5381573442694718
0.19060608161580575,0.13117826840827349,1.4530309320944208
0.2135233571425795,0.13811417944778429,1.5459915701363924
0.1612116016880198,0.1298794063063325,1.241240672965408
0.19085779398023012,0.12563538333281282,1.5191404596159084
0.2052525708754494,0.13930681011571422,1.4733850463229887
0.1932583124294732,0.14240981972753114,1.357057489428953
0.1914427246090631,0.1481001181624893,1.292657473770683
0.2066249734996217,0.12966181608618366,1.5935684053837573
0.239414186838004,0.1350473753750201,1.7728162888998196
0.26254760387511195,0.14475858411488043,1.813692814698672
0.1919865081081933,0.13118392000908577,1.4634911664089345
0.19147511366623346,0.1339980375234856,1.4289396860209536
0.24102511145343533,0.14477818717425792,1.6647888480833974
0.21523505254451977,0.13578133271530266,1.5851593753009512
0.23698879436000303,0.15757017230024598,1.5040206588619252
0.21226136940089063,0.1336733207827202,1.5879112462980676
0.20066665966168032,0.148411518382818,1.3520962648200494
0.2580559471545921,0.13119537815457696,1.9669591321315112
0.18756421733081147,0.13492794282066356,1.3901065517622857
0.1839307548878516,0.13906620481861204,1.3226128887874495
0.20753843505932573,0.14105560644364565,1.4713235460246752
0.15841067515691,0.1344514634373659,1.1781997094490944
0.17768313695544913,0.1408483643289044,1.2615207695314756
0.23222101527171776,0.13915038661324108,1.6688492279734737
0.17431247214778534,0.13748495934416546,1.267865757674843
0.1887020928146596,0.13442346462593283,1.4037883440943197
0.2057788803799667,0.13448042357282738,1.530177217716212
0.22200746281579864,0.13947385988024336,1.5917496153502975
0.1546971626036704,0.1484149329288938,1.0423288246728275
0.19463684536560133,0.13154324750061505,1.4796414796182622
0.26294254135119094,0.14029075025644755,1.8742685520644757
0.15374205826366683,0.1402925252322347,1.0958677806188768
0.20048684349543702,0.14129780774758052,1.4188956409967373
0.19152661025784756,0.14395631077435952,1.3304495595059451
0.1845163012136921,0.13508038918685566,1.3659740123968116
0.1967298762892217,0.13031012154588592,1.5097052627638559
0.22476065800346395,0.12453801882641471,1.8047553680514457
0.18428200482873297,0.13460464812055112,1.3690612278388121
0.21948359474088036,0.1368473092505006,1.6038575836307682
0.20953410374213527,0.14798434289695309,1.4159207632394024
0.19659057004254876,0.13563841254613448,1.4493723890766026
0.2225410303648809,0.13740154145503086,1.6196399837167381
0.1716285506540531,0.1365218655834939,1.2571506397199699
0.1977983591127194,0.12966127693695578,1.5255006258259618
0.20761241118181883,0.1443211561567849,1.4385445399029146
0.2099337566734803,0.14463915887601406,1.4514309838695711
0.2514498780967549,0.1385490423488405,1.8148799431153864
0.21123741074237448,0.13261114803090146,1.592908393290972
0.2500638924676018,0.13998699279441995,1.786336626538131
0.19598326465417507,0.13006442209265642,1.5068168642963624
0.22729957032847534,0.14883340711422524,1.5272080021256897
0.21938290500004287,0.1317729773850582,1.6648550359378829
0.20913572774685424,0.13197801961460157,1.5846254426120834
0.2515269575937951,0.13839948496658383,1.8173980752495258
0.17474737815706803,0.13147997956522198,1.3290797483763133
0.20677574754540648,0.14475935871499993,1.4284102208030882
0.16691190653216895,0.1365361783331148,1.2224738422438104
0.16266101411410547,0.13872462675406536,1.172546057034813
0.16970119949585988,0.1420453526373931,1.194697301565827
0.17912388787363737,0.13736063130225853,1.3040409480899944
0.18277646459449282,0.13649005834554914,1.3391192502223224
0.23122290625881237,0.13171927831899918,1.755421903381783
0.21147753494037538,0.13616972602228564,1.5530436986101068
0.16988613322873183,0.14362761345742864,1.182823616846396
0.2103386781832455,0.12928415302415436,1.6269486496457737
0.18324722991843864,0.1408639390326146,1.300881057117187
0.21652985023705335,0.13324924611748099,1.6249986888942463
0.20034473990958349,0.132170851139247,1.5158012389472524
0.26112418256730696,0.1583593970470574,1.6489339277397754
0.20273598724970676,0.14145628754301282,1.433205909550401
0.17900179232555105,0.13520851312283932,1.3238943923813788
0.21025064788433548,0.1421822356800235,1.478740623811105
0.19822929940656697,0.13939305110853203,1.4220888188481131
0.20278400196379764,0.13198560523687958,1.536409986527345
0.19717868509058212,0.13478217395270534,1.4629433500588256
0.21556176419193496,0.13638403830638032,1.58054979797332
0.22941561867478882,0.12872584942421564,1.7822031837502224
0.21637388268109767,0.13982238772971,1.547490971899071
0.22294545616229666,0.14133347003383992,1.5774427395642103
0.2309913443555858,0.1340535069127734,1.7231279484981201
0.16531549842710244,0.13712459562292711,1.2055860414837338
0.21611295270938025,0.13020818628156872,1.659749351258505
0.2270246165639744,0.16164363910473886,1.4044760302437338
0.18627825466147618,0.13162811395342153,1.4151859284969577
0.20045667140618612,0.14174410991104386,1.4142151764330049
0.2581164600437296,0.13985560368073777,1.8455925486758302
0.1931218084256326,0.1412826775618835,1.3669178115699494
0.1986166208913946,0.13121661793880426,1.5136544746491163
0.21317797994121246,0.13261579240322785,1.6074856250380007
0.18511568404306225,0.1377731237646039,1.343626964278946
0.2020405629246464,0.13165019588568636,1.5346772677807554
0.2003940357372,0.12848682887202262,1.559646521720911
0.17418966921219387,0.1283516023870333,1.3571289019590094
0.20616326086468142,0.13626841594190134,1.5129203597154903
0.24105176236783626,0.15112684816868047,1.595029376241513
0.2318848783239321,0.13641397252635726,1.6998616346219841
0.17537520744173182,0.13667165529105685,1.2831863861475274
0.1985062620752433,0.13247034748838732,1.4984958206790002
0.18260379638550878,0.1365544712519143,1.3372231221095876
0.2044505051524211,0.14013388849596553,1.4589654747096186
0.22996829311069591,0.15437448440222784,1.4896781291363272
0.21195849092383115,0.13742057601383412,1.5424072367626613
0.21958198288220682,0.13681230497442898,1.6049870874059755
0.19831386206323529,0.1449304310090229,1.3683383170984216
0.19848159651842842,0.13793972513784647,1.4389009135699018
0.21430991251793455,0.15440877518968288,1.3879386858335372
0.23697299374143638,0.14240124748881108,1.664121613541736
0.28736824095468105,0.1685959891568026,1.704478513349534
0.185535863847001,0.140625708095204,1.3193594994834992
0.22632114625455946,0.13666299762628495,1.6560528466780111
0.21446515950473485,0.14061662653037124,1.5251763948299055
0.20901907180690188,0.14559755919828568,1.435594614070721
0.24540411518871735,0.13780328612805787,1.780829195616338
0.19999545795587792,0.12949574310720569,1.544417238413062
0.17975511346610268,0.1255783224930567,1.4314183363616872
0.20737762013087743,0.13356851794234106,1.5525935551699266
0.20342068256085033,0.12639531551115155,1.6094004887618087
0.2115848534471001,0.14027819998074265,1.5083231284415284
0.2186227097223726,0.13405244853914677,1.6308744234427701
0.20930016019217895,0.12654634523053873,1.653940774116246
0.17388566393447252,0.1274236098193222,1.3646267295443153
0.25249274620918993,0.1411317036915901,1.7890575937562054
0.2086821140160711,0.13959813672520152,1.4948775027482004
0.1914133831828451,0.13719631119292736,1.3951787881066053
0.20010086123282617,0.13494940171401834,1.4827843524410378
0.1965433531750567,0.13526170761004178,1.4530598248965578
0.2439843099271737,0.1362041561150509,1.791313252740111
0.21379238746830323,0.1318765794692229,1.621155085525991
0.22460268725150853,0.14066477698870833,1.596723018083896
0.20457721217752153,0.13271132561457386,1.541520373111665
0.16947994909808273,0.1320340289995926,1.2836080999891752
0.2586853746727041,0.13958755059437786,1.8532123643634097
0.18850114639126317,0.1382742094912503,1.363241540738594
0.1786006276491499,0.13443260272382693,1.3285514378982906
0.1979746252678016,0.137042958393031,1.4446172761392253
0.1961378649120001,0.15261804593983264,1.2851551315846654
0.21818084356350806,0.12779389371860692,1.7072869228315932
0.22112572346260992,0.13328680002449028,1.6590219243164366
0.2599981073847049,0.13953238690661537,1.8633531121252405
0.21432952249031903,0.13084008039967293,1.6381029561860068
0.21197036725051382,0.13641657570145263,1.5538461228818006
0.20313824175319783,0.1435308879782921,1.4152928656298764
0.22928160077511858,0.14590497168383226,1.571444743308396
0.23481614385283903,0.13314095781799568,1.763665724666288
0.20038784690105793,0.13116840708176336,1.5277142671721773
0.2250466479001501,0.15240781720078173,1.4766083002400996
0.2080934323366053,0.13627363648660248,1.5270263398090478
0.20682205306615625,0.1347723043747918,1.534603522775714
0.21769248913143313,0.1397201675494547,1.55806060749519
0.19416118675788085,0.13565302644462554,1.4313074455227044
0.2117662246741547,0.1425601523997577,1.4854517276351806
0.19973496965158133,0.12458349066640942,1.6032218120007653
0.17577213079415038,0.1346959820120926,1.3049545217939025
0.20668369028401604,0.141905525512208,1.456487966469179
0.1783352520959416,0.13071341381776067,1.3643225043802683
0.1864506812424777,0.14270262160869268,1.3065680163448388
0.18685398563432978,0.1353890408698617,1.380126370892435
0.16125594195639154,0.1375318590875543,1.1724988161014693
0.20542379849862819,0.133348646414969,1.5405015650430212
0.21095023409170544,0.1294370922879075,1.6297510270277695
0.2190047294808882,0.14000616692603754,1.564250591879885
0.21836974208012647,0.15491155287369288,1.4096414246016513
0.19868976788890755,0.13561843981660307,1.4650645454821327
0.19079547412542106,0.13779851691509046,1.384597442677751
0.21792928968598876,0.14131769606439604,1.542123143492816
0.2252289733318814,0.13896658690135175,1.6207419233212137
0.24760065357043134,0.13809711769634642,1.792945846377951
0.22830607942866527,0.1453715300684669,1.570500629120007
0.17458499558675966,0.14256408687777328,1.2246071181758376
0.20993107170129516,0.13498686853107794,1.5551962497223415
0.2953772159857255,0.15585425363925412,1.8952143370396313
0.19581215776661348,0.15549046536755745,1.2593193885151817
0.2129887420904801,0.14016619774824352,1.519544266107833
0.18742558592065867,0.12811908369323172,1.4629013923439416
0.23148786300654656,0.14384235536311266,1.609316410470222
0.16921150957867007,0.14439687818879554,1.1718501930313894
0.21755946240420537,0.14307954566122216,1.5205490162747208
0.18310068295677287,0.14800002186780922,1.237166593936823
0.21305088325588795,0.1308363984108103,1.6283762457824176
0.23484015000645145,0.13643156138998727,1.7213036896584721
0.2300799050944218,0.14113771050639484,1.6301802280121092
0.18911045857054665,0.14239018065154574,1.3281144648122456
0.15938445177290478,0.13570331710925146,1.174506675062248
0.2094972963768696,0.13481539588486324,1.5539567643727215
0.17530647279926662,0.12546978404786424,1.3972007215090978
0.2027943326004322,0.12905871700985658,1.5713338649178128
0.19594641578272406,0.1432571844684492,1.3677946869455546
0.22800258206920537,0.15134514919552097,1.5065073659853583
0.18367172831184914,0.14144902067930093,1.2985012369104858
0.14211639955388772,0.1380842631609733,1.0292005497267556
0.17418698153154316,0.1374376971813226,1.2673886794082192
0.20042455363174722,0.12653010891591784,1.5840068055654162
0.2190537785541939,0.13740087326964265,1.5942677316490654
0.2543179316595089,0.15149024617937007,1.678774297840846
0.20432730975670357,0.13625892283381807,1.4995517761864445
0.2117931071648902,0.13929615325598754,1.5204519451134695
0.20053952558869081,0.14126908586287718,1.4195570415408825
0.1950385677943771,0.13420509423182575,1.4532873652133327
0.20415006091809146,0.14741814277844328,1.3848367444495033
0.2054667027769396,0.13230311041243198,1.5529997906809054
0.23726680723397553,0.14031403512933216,1.6909698806343838
0.20231255248433344,0.1409386217652647,1.4354656654815874
0.23138741070336905,0.13936598131186684,1.6602861654278518
0.21928992826585247,0.12335368932461095,1.7777330330897592
0.1909379378369814,0.13148462905147737,1.4521692703884614
0.15137043402395312,0.13046118455571373,1.1602718045175349
0.20766068212368935,0.1365764347941613,1.520472272077254
0.1656211574364813,0.1327620195116304,1.2475040530847927
0.1763095480465568,0.14337827819770171,1.229681024648983
0.22720919606070433,0.14438092764093674,1.5736787384117281
0.22692084734951218,0.1417810196311529,1.6005022952991368
0.19126015200734084,0.13960091314491035,1.3700494337655693
0.1548642558460085,0.14073272938826403,1.1004139301438356
0.24215104463857007,0.13946861814920558,1.7362403661267607
0.22539234596243815,0.1334869535017813,1.6884971905470179
0.23648971120962117,0.13284552515893397,1.7801857527883547
0.18127256637482103,0.136164547908307,1.331275792116533
0.1772506647408599,0.136276002987623,1.3006740794779428
0.20078128509042842,0.14492454070722388,1.3854195025261191
0.1779231240816454,0.13302864243241594,1.3374798150859708
0.22820536618969095,0.13421398177818328,1.7003099316943604
0.18752158674094987,0.13407005418629223,1.3986836052172098
0.2084361929347787,0.13669589728565018,1.5248167433965814
0.20458530207759307,0.13475972043412243,1.5181487570509247
0.25766024831041934,0.13254078205627198,1.9440073033598533
0.20722979776521278,0.14017815132153144,1.4783316502004844
0.23686310452451967,0.14656339824547074,1.6161136229102102
0.2026315151561786,0.13209673294683505,1.5339631089720567
0.1938196790009615,0.13489549851508206,1.4368135418491477
0.20499538304612827,0.13291351663255965,1.5423215654796
0.22573140720474072,0.13436950336616357,1.67993035286892
0.15184430952836606,0.13419559106782783,1.1315148904677341
0.1893783638547667,0.1360889964376687,1.3915773413870791
0.18629717858204517,0.1361182249893099,1.368642432684353
0.23166142204248388,0.13329665138963362,1.7379387976170872
0.19024661200399212,0.13478971207236273,1.4114327353252079
0.21347533891272952,0.1362426083286839,1.5668764825591304
0.21754198444540443,0.1373590436648782,1.5837470809432295
0.2131779588923227,0.13460040320946265,1.5837839546481827
0.19790309556584412,0.1322501143028074,1.496430431150433
0.2128886841428752,0.13743874302954306,1.548971414102018
0.23610613326675395,0.12991021578359543,1.817456247321302
0.24102972177561205,0.13575188022080123,1.7755166365546893
0.19093477138179965,0.13350016499584536,1.4302212389605788
0.23060166451290212,0.13448944109859923,1.714645124771092
0.19506194572812596,0.13279908503014792,1.4688500729040654
0.2321232579434704,0.13583738980171867,1.7088318487442955
0.20537478890411576,0.12608799200134888,1.6288211561170605
0.21419427368423308,0.1310690869913776,1.6342089397351482
0.27292887186256554,0.13197916075479987,2.067969445340177
0.19338475349588446,0.13554079597638286,1.4267641864046643
0.22419436997680806,0.1319910080917663,1.6985579034364042
0.2390580292175203,0.13863632996127767,1.7243534164839136
0.17403554381245306,0.14633364674347166,1.1893064082353109
0.223606846863715,0.13957357732098735,1.602071474814107
0.24514625254696648,0.13167511046065355,1.8617508782741425
0.22092721338114985,0.1384513850118979,1.5957024435845428
0.25066773761540595,0.14131842121416388,1.773779635108762
0.2769922088897613,0.1491304038596783,1.8573825438734302
0.22472423322334314,0.13927480818241916,1.6135310912006726
0.21625229820639952,0.13813660710420997,1.5654959444838488
0.2325996612528259,0.1314003641764882,1.770159943700107
0.18808135030515072,0.12937665952551639,1.453750243629194
0.1779899758035243,0.1408745084568689,1.2634647513820352
0.21449958498474297,0.14082505472445675,1.523163512376689
0.21698085144357118,0.12817273093391135,1.692878429464464
0.2315704750325727,0.13623828995549467,1.6997459018916081
0.2106923101959037,0.13746554198224797,1.532691808854266
0.1941133354529167,0.13042997173695314,1.4882571303810297
0.2083685810212217,0.13214413236800954,1.5768280988892789
0.23543300494156658,0.13641910751853914,1.7258066646534218
0.19687710346174078,0.12427489479462688,1.5842065590728862
0.1878899348751233,0.14726368347075808,1.2758742036520654
0.19490025707442127,0.13519286445106357,1.441646035578825
0.21123501298418088,0.1311335213256067,1.6108391725383537
0.2199624955093121,0.12946123074822238,1.699060747669683
0.20272890889954487,0.1423579588621139,1.4240785026701985
0.16748459307100394,0.14648060512799146,1.143390914617397
0.21861384480909501,0.1429237398679058,1.529583853677102
0.1759599823211774,0.13609351967321717,1.2929343200446732
0.1880989629107161,0.135837378348227,1.3847364046478685
0.2283061761172485,0.1388284173752161,1.6445204838732543
0.20622562971626565,0.13534770134878468,1.5236729376351348
0.19459448137161106,0.1364270873727007,1.426362499699233
0.20114769777673638,0.13558303626209126,1.483575698864747
0.1981468981323799,0.12810366534174547,1.5467699351441528
0.18887704820097712,0.14292226669869154,1.321536892492528
0.23756739157821258,0.14638199299109245,1.6229277025396758
0.2152431033864366,0.1327401610303841,1.6215371573729493
0.2006056740109771,0.1380826703965012,1.4527939924317983
0.16800670485080915,0.13566433232236377,1.2383999683247169
0.16994259891063845,0.1345664304126413,1.262889997078156
0.2165631509252002,0.13907316292359304,1.5571886507260948
0.21173228066623728,0.12750905648223348,1.6605273892504966
0.2064970906041983,0.1331847158191716,1.5504563668143787
0.15406449122727178,0.13514839075092108,1.1399654140996258
0.17300401761935386,0.14117002821596686,1.2255010486693836
0.23849994737556457,0.13115093138485928,1.8185150868329876
0.1845596692162957,0.13965919059396859,1.3215003497540407
0.18269110605151348,0.14063285899361197,1.2990641544150925
0.24804932019586662,0.14177942702768206,1.7495438188464087
0.1904450815041377,0.14190072436442283,1.3421008409727742
0.18710223181647906,0.13854226440338838,1.3505065232058027
0.19710193631469367,0.13288775492293717,1.4832212074693782
0.2074577281687338,0.12982606468295452,1.5979667001026483
0.20776460509035344,0.1398453692242835,1.4856738284779476
0.20368628424416393,0.14117428524711598,1.4428001805543054
0.20674417401426212,0.13779389467453043,1.5003870418394984
0.22096947687621646,0.1414926492389073,1.5617028733635077
0.18060784964700904,0.1332510055504052,1.355395772819816
0.20839653248684012,0.150344193753983,1.3861295689799071
0.18345435570127974,0.13009428208733936,1.4101646341237108
0.22202070842795169,0.1321815280310902,1.6796651675545053
0.20049866327952157,0.14223594594895972,1.4096202049478335
0.19565747021947866,0.1311746845085342,1.491579499142986
0.2134708707639474,0.14370623137994706,1.485467044219875
0.19349911743366446,0.13554570686058526,1.4275562237665471
0.17705421244540706,0.1314842924966433,1.3465807138136072
0.25217408770548044,0.1307282988767614,1.928993874105307
0.17524800231972776,0.13564072662999932,1.2920013529400292
0.1925892029719784,0.1334248123748662,1.4434286962374419
0.2194155120849307,0.14440306585368076,1.5194657453274418
0.15055252784215262,0.13606632135105445,1.1064643061358541
0.22535731844913054,0.1435767993593647,1.5695942481979541
0.1418622227799639,0.13524281071511793,1.0489446502172262
0.17637297147117073,0.1347942448058556,1.3084606967100192
0.2148256031126937,0.14188372556760664,1.5140961534050692
0.20139641413601042,0.12879032789076528,1.5637541842957856
0.21886103596194373,0.1416323886328127,1.5452753291434576
0.18658956857830467,0.13641155740056032,1.3678428143034913
0.19064832914124763,0.15044070901103024,1.2672655586013584
0.20340734834164353,0.14121759264023787,1.440382494409451
0.1984273506258756,0.15789116337353934,1.2567349963495782
0.2403978327719092,0.14213810116102543,1.6912976239887099
0.2050114551738751,0.12671359820614048,1.6179120321432112
0.20397409248217332,0.13795439241495666,1.4785617834380675
0.2103471225501717,0.13180564116608237,1.5958886181898904
0.18425358836204891,0.13181718196837067,1.3977964451270115
0.21194158086656523,0.13468239417994737,1.5736398373152831
0.24758116958713858,0.1326710890073773,1.8661275145888911
0.21883299671317008,0.13278944427515907,1.647969821002611
0.23271383656929667,0.13810343727350216,1.6850691131490567
0.19090544124290457,0.13608894409847727,1.4027990481339965
0.2003427240171507,0.13197562891502346,1.5180281819012773
0.2040508279578518,0.13430472144932365,1.5193123946490965
0.19924039922840003,0.1456014620271372,1.3683955947589703
0.2262321853015606,0.12985320323349422,1.7422148985786934
0.21860636681472456,0.13943469798071084,1.5678046424640026
0.16034594291564577,0.14665480028491196,1.0933562529432075
0.1881677171755138,0.14455684220659568,1.3016866881097955
0.20426825093419268,0.13610656162420046,1.5007964972195191
0.2369918193608995,0.14387460771196106,1.6472108812651665
0.22939325927613177,0.1384847096089915,1.6564518922256366
0.2755314373193407,0.14429543558155197,1.9094951701616203
0.2352487784232396,0.14179169182814952,1.6591153923768636
0.23094669446391913,0.13384562015909954,1.725470689211926
0.185938263315861,0.13560545599150214,1.3711709603152915
0.21558692460758416,0.13029825364469416,1.6545649582953026
0.18552023312086938,0.13940373507783713,1.3308124995164783
0.20095767828651612,0.13767530833866848,1.4596493787555491
0.2374619615949099,0.1263983828772645,1.878678794692259
0.2123875728464311,0.12348448847983239,1.719953456997301
0.20479129258146828,0.1342194024474124,1.5257949957101484
0.1452824157509811,0.12154133736419202,1.195333364776547
0.21752320671057263,0.13443303183490857,1.6180785610615667
0.19481687502140224,0.1268730583848979,1.5355259619452186
0.23235640659782475,0.13747154617185675,1.6902145430687887
0.21306785468803463,0.12354041672557546,1.7246813661097609
0.25664544962581676,0.13804710005060666,1.8591151102176948
0.22386430020256545,0.13664622783486122,1.6382764731208566
0.20890319158991946,0.13943442796669817,1.4982181562778232
0.22508099144950605,0.13114719711785433,1.7162470597617034
0.20455972193139552,0.14167309724680044,1.4438854370145093
0.201880606795028,0.1368185429113007,1.4755354245068009
0.22247265287280146,0.141925132848734,1.5675352800966988
0.24419251574088843,0.14437207454262235,1.6914110053104245
0.2009341985123145,0.14339777608657947,1.4012365044698893
0.18953701527698955,0.14276859524148605,1.327581986475366
0.20288668577937674,0.12527069600686688,1.619586162179982
0.19659666671552475,0.14159409657925243,1.3884524246777938
0.21530690159002766,0.1379731530673938,1.560498523106591
0.20550573275052533,0.14377838944955507,1.4293228178260227
0.2343851219670526,0.13622800498631069,1.7205355241795222
0.24061409628610508,0.13912373145745555,1.7294971444874276
0.18553083562150152,0.13150097912373282,1.410870374181249
0.19585229313494848,0.14046560782840653,1.3943078036169723
0.22530315319617175,0.1293770163942723,1.7414465063065578
0.23751349456087023,0.13768866893564521,1.7250039265895039
0.21263956365328718,0.14763146222239906,1.4403404291488817
0.16528093147072814,0.1414869137881972,1.1681711548118865
0.24859250143834472,0.14472711500342575,1.7176636280800626
0.1544539939278419,0.12590640390241864,1.2267366006859233
0.24586886086117565,0.13153851406039788,1.869177728040027
0.1847614561513879,0.13577509924482445,1.360790433437527
0.20350142661536783,0.12655059841981953,1.608063724363209
0.21181126576275133,0.14986159707374402,1.4133792105426652
0.1799381571972504,0.14396633028611863,1.2498627758284966
0.22416506713033826,0.15005113817775614,1.4939244703681223
0.19069070752568373,0.13644605208875002,1.3975538654768171
0.2040122882415225,0.1399327203512341,1.4579312667505306
0.1838725423916247,0.1374727306903686,1.3375201137581454
0.19275326044168745,0.13225046666339035,1.4574864293847176
0.23727546932428029,0.15139197451227304,1.5672922563345315
0.15703322757631627,0.13948936616839575,1.1257720347423548
0.23320873075499954,0.14119590360351256,1.6516678232384496
0.17861328376516009,0.14239350966754186,1.2543639396358977
0.17979587580519024,0.13777123535297323,1.3050320362196715
0.19369516279167187,0.13392728738926207,1.4462710816257585
0.2326433190410083,0.14769110141297404,1.5752020048282447
0.23607940234887725,0.13623750771624518,1.732851740363471
0.1943813394154101,0.1378902807908804,1.4096812211892011
0.22068262076552086,0.1482479910399604,1.4886044607918878
0.18874394382079393,0.1428706430416938,1.3210827627178312
0.2057557925598957,0.12725341217235883,1.6168980387041336
0.23811732570405986,0.14835289590680045,1.60507366066957
0.21582637158223192,0.14474774716716876,1.491051679947562
0.20519400756095452,0.1339033465140874,1.5324038786391865
0.21315023325681082,0.13235032587708542,1.6105002526005472
0.2319350553528194,0.136605757389163,1.6978424612959901
0.19642944005620286,0.13163865696817953,1.492186600655497
0.21717500431291156,0.1441058893460135,1.5070515528442516
0.1922570974131532,0.13430938966875328,1.4314494160632858
0.24128281232293697,0.14027024481868428,1.7201282612347564
0.19968106228062005,0.13123901470844632,1.5215068683974882
0.23237009117992607,0.1318619175786102,1.7622229029196195
0.21644128675663338,0.1270057214621672,1.704185325391876
0.20342427622454204,0.13422729692492794,1.5155209177632127
0.20955316822171363,0.1355529767868923,1.5459134368635792
0.18658797943974198,0.11837100316087759,1.5762980329409808
0.20165141713375417,0.13586375672042036,1.4842178812169258
0.22910073537121145,0.1322539115429738,1.7322794668100898
0.20464893535780798,0.1360031031222737,1.5047372498097944
0.22577484106609697,0.14408617271308963,1.566943148081733
0.2750972819041473,0.15021926467283045,1.831304942833361
0.17538602787214044,0.1341780697037522,1.3071139587815659
0.20513848556289108,0.13968984863710354,1.4685282256680996
0.19786967501379296,0.1360375091449606,1.4545229198731098
0.2239606318520518,0.15126635368491106,1.4805713656492538
0.21384347213584626,0.13744440649669076,1.5558543092911894
0.21720561839259878,0.13181872266913663,1.6477599994485017
0.1887320714118602,0.13440278804381622,1.4042273539023036
0.24511763012449933,0.14778467092326886,1.658613363572509
0.24430813753572603,0.13438045852638902,1.818033218630147
0.20826492713653688,0.14214207164067477,1.465188488760851
0.17458009941632216,0.14286546059339947,1.2219895466069561
0.1576859049404415,0.1436074901775886,1.0980339865660431
0.2536617261165279,0.13325844600446132,1.9035320741173554
0.20453064933870263,0.13468117453698059,1.5186283461059575
0.20234866441943247,0.1436200785784964,1.4089162631173302
0.1685563696224976,0.13330175026519425,1.2644722915278068
0.20277838981305715,0.14626699620273406,1.3863577914186138
0.17970451120514824,0.13433058438889073,1.3377780795243082
0.21934339260631414,0.13785512794447718,1.5911152227478786
0.24120822686420568,0.1417258614782575,1.701935160938923
0.2085395632056556,0.13435620081519126,1.5521394765583207
0.16992198355813834,0.12250387564967516,1.387074348929702
0.27800967376734664,0.15427843595247925,1.8019995604115342
0.22743238317248796,0.1385880106184736,1.6410682436202857
0.1956403119501931,0.1462254800183723,1.337935850342992
0.2316794639430269,0.13061954825486485,1.773696717209387
0.18630673313560503,0.13521537736408853,1.3778516672252819
0.19360524277420837,0.138024200909394,1.4026905535305405
0.20205689899059304,0.14811477193095343,1.3641914061400018
0.1690294160938764,0.12904553196320906,1.3098432275986647
0.16923273677578124,0.13105211383485305,1.2913392376794623
0.19442973531843372,0.13484376947894652,1.4418889064710587
0.2014146453984689,0.1321484458698133,1.524154476980331
0.19433576648338247,0.13765691040680983,1.4117399984430332
0.21953797995339158,0.12893871195361767,1.7026537385635172
0.24306795510553328,0.1468594638043594,1.6551058325348318
0.20001318811723864,0.13776859680324002,1.451805366087134
0.21327423024073527,0.14515462403407622,1.4692899496654508
0.19875216218974262,0.1422893357401702,1.396816993739273
0.2108386009468279,0.13668005482784037,1.542570356826358
0.21258546455588492,0.1336797723177961,1.590259026253477
0.2054457145675004,0.1324646706062827,1.5509472346640651
0.1895749142351567,0.1335356861372144,1.4196573194700874
0.1996968032893559,0.12951551676468012,1.5418755086480476
0.18794938582566934,0.14208022556343422,1.3228398609330474
0.20487730928127645,0.13342352027526158,1.5355411763877984
0.22229533809691698,0.14253142246492387,1.5596233746395294
0.2180289214676835,0.143401530225375,1.5204086115749351
0.20924951640765937,0.1363796567109838,1.5343161982809623
0.20342343620139267,0.14560490444763255,1.3970919247061133
0.1712483854673511,0.14579425808086466,1.1745893680694088
0.20103726359545418,0.1383064492696386,1.4535639130140436
0.2291228093451428,0.13770243484118744,1.6638980248199005
0.21608705426733824,0.1423477591177682,1.5180221705391477
0.1677303510474899,0.1365556885569542,1.2282926681412722
0.19926026028360846,0.13213824254654177,1.5079681433891097
0.23749235372237856,0.15341861995113,1.5480021512253823
0.23890692773246103,0.13605160053646506,1.7560023313979927
0.17897003465661251,0.14478675968108976,1.236093929105227
0.23268415468746612,0.14384738189067822,1.6175765705927305
0.2356474215084593,0.14358340119471677,1.6411884629261038
0.23512739875856942,0.14483233092393907,1.6234455197855664
0.20450976533183224,0.14094265302220013,1.451014018443512
0.17673400685281124,0.13616691100035844,1.2979218339787852
0.1625030256780019,0.13262805696843422,1.225253761477317
0.2182686796179844,0.13441166420420186,1.6238819815993402
0.1653749246744202,0.13140044252789787,1.2585568320236755
0.20332508368418903,0.12333070141521091,1.6486169408837243
0.19608218602433694,0.1347315287469061,1.455354866437227
0.2128694063874533,0.1406930249450853,1.5130061100792993
0.24913427776111774,0.15304773731322346,1.6278207187816576
0.24772606605392677,0.1282608600320219,1.9314237094003497
0.16459645858094307,0.1372254569279199,1.199460087550667
0.1935867606618053,0.14526038021243876,1.3326879661108606
0.2527224459966702,0.1411391896480271,1.7905901729130613
0.20778548212391534,0.1598335350504177,1.3000118032700192
0.24885890845277853,0.12595502279623608,1.975775978821983
0.22531638335614074,0.14042506626109816,1.6045310809197029
0.2053397892680615,0.1398612098085329,1.4681682615870937
0.17575450703677378,0.1408052371048383,1.248210014418097
0.21522745695736498,0.15232374275621927,1.4129606656384328
0.19774853389586777,0.14349623435001194,1.378074726431672
0.20364234314383128,0.13118351816664942,1.5523470172917115
0.20064640026344147,0.13522869827482634,1.4837560578721702
0.2109572785573836,0.1381695292649976,1.5268002987314606
0.20744890482243739,0.13806849322852618,1.5025071974898367
0.25981805036274563,0.1378370083490917,1.8849658264834048
0.1723214577818021,0.13679908946302252,1.2596681634228382
0.22330091387536882,0.14423436316605126,1.548181092034853
0.20011619164261613,0.12939745653788617,1.5465233784098706
0.14348506120280483,0.13090472733850367,1.0961029759587668
0.2052252756230508,0.13382560543248015,1.5335277203479147
0.1934655796783451,0.13841726934445622,1.3976982828414222
0.23144697533343125,0.13457048229153507,1.7198940762657136
0.24019048826465036,0.1486563137503455,1.615743604863148
0.19414613878292772,0.13815479804263794,1.4052797407948834
0.16278295982142668,0.13475601097372716,1.2079829214680733
0.18365898029561686,0.14574900290876044,1.2601045402045614
0.1844542044806798,0.13090388181655435,1.4090812428249426
0.22212178366571697,0.12832595405902233,1.7309186227717748
0.19713278742709786,0.1284083099026635,1.5352027261828236
0.20837842705578424,0.133856006491663,1.55673572309034
0.1874060455381345,0.14127163295382483,1.3265652956626393
0.20856991870613573,0.14778293819722413,1.4113261060474258
0.2156134578341287,0.14399863673822638,1.4973298547686265
0.2288691024848422,0.14696827091857595,1.557268797233393
0.21785651039588783,0.14197687888033697,1.5344506240308666
0.22001405240354732,0.14317598456102473,1.5366686883844862
0.17369360995120536,0.13118743713693057,1.32401100091549
0.23043707956149337,0.13824297051297435,1.6668990741910197
0.2315985052308544,0.14206747296900407,1.6302007798884688
0.18706465422384191,0.14398898243585706,1.2991594985899273
0.2370839399227235,0.14250842272766162,1.6636486137791229
0.16523435199329467,0.12529465805251738,1.3187661354567608
0.17160296089535265,0.1355105031606613,1.266344356288753
0.16591900855327218,0.13800848236697758,1.202237758923237
0.21995449306235149,0.14071878987688938,1.5630783440845606
0.21394892807113075,0.1481013037987608,1.4446120498833914
0.18856765142314671,0.14162087861693487,1.3314961272991142
0.2093766948286463,0.14424212499462782,1.4515641310500962
0.2198501202867222,0.14315962709216104,1.5356991684896648
0.2228833421313577,0.13280585930516026,1.6782643725019548
0.1971075624332509,0.14514685012735792,1.3579871851183851
0.2503486387330117,0.1353833687082818,1.84918310957716
0.22971735646354194,0.13657608620888653,1.6819734906753758
0.17240389059991684,0.13887299495149416,1.2414500793342464
0.20895713973301738,0.13716299748234392,1.5234220859012289
0.23053350278810084,0.16285208675265125,1.4156005451637095
0.20878912258268942,0.1404902547670455,1.4861466578510658
0.18529010134062326,0.14314065904241285,1.294461703475331
0.2035357184740951,0.1467373127802494,1.3870754112752886
0.25131740196138325,0.1293848067564622,1.9424027307505414
0.18034452315194083,0.13889704099646355,1.2984043566236416
0.2169941453133613,0.13663041824416514,1.5881832764764163
0.2187288753351141,0.1402612318872166,1.5594392861955824
0.21221072415692413,0.13099249777870858,1.6200219688567286
0.20705699662385363,0.13976916129520492,1.481421185511236
0.19361164126354247,0.13464626547245895,1.4379280448973502
0.20567011273360378,0.14534720346002175,1.4150262807785914
0.16914890298185126,0.13689209825779164,1.2356367177842102
0.22283989074292163,0.14150970992619427,1.5747321569604367
0.2108201930535386,0.1338460970771019,1.575094064432046
0.21187223612992187,0.13221983325862754,1.6024240154311107
0.17410487847596162,0.14513924234031225,1.1995713610501892
0.20473103808810075,0.13162702711913613,1.555387541365634
0.23773525268365941,0.146036710488232,1.6279143229730357
0.1810980723768869,0.1324865774114497,1.3669163768528005
0.22418657114711496,0.16092807198058875,1.3930855467786658
0.2237452669883085,0.13126723798114243,1.704501979545355
0.1971116614870265,0.1309958948026417,1.5047163255306186
0.23932912897161676,0.14235916553356925,1.6811641742531944
0.21074896729388787,0.14229331252790905,1.4810883487764197
0.18311040196512673,0.124837532931419,1.4667896558458957
0.20271720173410565,0.14521131226450854,1.3960152179111756
0.22704836787436358,0.1398336722708076,1.6237031051766448
0.20690423706356678,0.1411108658817165,1.4662530469978146
0.25846961635043225,0.14431126250048065,1.7910564419708501
0.21709886738350762,0.12983423485848392,1.6721234397086406
0.18070044952191472,0.14004573938499415,1.2902959441354966
0.22635406900561503,0.15663670898217413,1.4450895353743356
0.1728522623912164,0.13574114368494297,1.273396243016847
0.18316108746974277,0.14985147679627106,1.2222841668671536
0.20065610028623626,0.14864284234901745,1.3499210396898242
0.2438146811361557,0.13633031489857053,1.7884113398957033
0.2274743314948806,0.1531909223149892,1.4849073826133823
0.18090461905163513,0.13477565835756813,1.3422647773063294
0.2100831438993233,0.1317488902205514,1.5945723986565514
0.22708328174569523,0.13070030881374464,1.7374349288592867
0.27434524952999195,0.14987280704506087,1.8305205256314916
0.19726018932346034,0.13350320311035463,1.477568962599375
0.2510424429712943,0.14135402457961027,1.7759836956740327
0.1947298182046352,0.1309449431436783,1.487112167370751
0.19319304560411807,0.13368662060352862,1.4451187765233913
0.22930750352977322,0.13217108800887667,1.7349293781585033
0.18143550374847206,0.1276833803519475,1.4209797958697659
0.21575359316977052,0.13266807717919613,1.6262660751338842
0.1853573736112772,0.13790993728507095,1.3440465368940642
0.1814303730817404,0.14377668428561916,1.2618900900602243
0.18785900395918323,0.13949986270298043,1.3466608519835455
0.21513766391170938,0.13731588574214587,1.5667354344980782
0.18781852779625952,0.13594193547653735,1.381608457595307
0.22520549705301435,0.1411653410825268,1.595331370476814
0.1973681921852688,0.14765280394063676,1.3367046674211478
0.24241480615250835,0.13791798560061144,1.757673628256891
0.18942231840457088,0.1381231799833753,1.3714013710614685
0.17581310846088138,0.1291809723506734,1.3609830090427004
0.22102900177912413,0.14911714303494886,1.4822507813693906
0.2071310477123388,0.1394491363650568,1.4853519577927037
0.2054446442271454,0.13578795742017744,1.5129813286124099
0.21428174213462134,0.12623467623790277,1.6974871605864021
0.17481985075045486,0.1378304282551848,1.2683690601815905
0.1855919030567606,0.1428566938661203,1.2991474045359757
0.2473712961206328,0.13991755422248073,1.7679789894503983
0.12828195969620917,0.15236147840347283,0.8419579610306879
0.21936172631130038,0.13884966853435868,1.5798505579940856
0.2103348712700851,0.13629459951958503,1.5432370175449304
0.2036676296905605,0.1421599360269175,1.4326654568274193
0.20911014059375285,0.13446906357528518,1.5550799197517902
0.17245645889505595,0.12995536873569621,1.3270437425774892
0.21245998870044638,0.13281645381742244,1.599651116965574
0.2085419429781672,0.13318455170506627,1.5658118025578365
0.21339262902025846,0.130715703999658,1.632494202998109
0.2276840898704489,0.1303177531824895,1.747145606106431
0.18086141281563967,0.13319841251433248,1.3578345972867998
0.23453386991122485,0.1445072135577701,1.6229907430708608
0.2286196551198897,0.14004728385459675,1.632446191225334
0.22515308676071705,0.14252131262883946,1.5797853851309316
0.2067612455695529,0.13974313899277252,1.479580658197799
0.1893590901411236,0.12999682734626455,1.4566439351380434
0.19502378182508637,0.1474693097097219,1.3224702971009392
0.18821594489140778,0.14030215965247447,1.341504260216769
0.20904613362621263,0.13081800711027064,1.5979920367537859
0.23706705433104866,0.15419452448037688,1.5374544273212394
0.1974485472895709,0.13797580841643092,1.431037437328453
0.20831587980864977,0.14066848115196956,1.4808994744430213
0.17237361675566093,0.1299285073931914,1.3266804969445356
0.2014920286964573,0.13634259077117444,1.4778362913363148
0.21547271906975557,0.14204551501353951,1.5169272965022311
0.20517653190622656,0.14726545553344558,1.393242774844972
0.2315423488901742,0.1375893829441753,1.6828504055732179
0.23388926442329372,0.12856453474067808,1.8192362683461778
0.2217947677473085,0.12960372543082307,1.7113301875391926
0.23888089424547723,0.14342186018795397,1.6655821778662223
0.21976257763770587,0.13892281352773664,1.5819041671930232
0.2259508283336023,0.1507605133080074,1.498740110230185
0.19764762989307866,0.1321871449415462,1.4952106725694045
0.21018333998719657,0.14332597493313112,1.4664706804559176
0.22257247267022906,0.1417814090704358,1.5698283303113243
0.23346297580221181,0.1350604430614479,1.7285814447979717
0.20568436021572808,0.13256291753637842,1.551598018799514
0.19119960650729262,0.14191773387100942,1.3472566203817489
0.21345360287684095,0.14081094468078878,1.5158878690909245
0.1809271560457249,0.13968377331310383,1.2952625187191447
0.2267936285144362,0.1425109341371536,1.5914121248841742
0.22223787870483702,0.14029500586010807,1.584075479681981
0.2044962608018901,0.12963744584255277,1.5774474687680504
0.18777527922917256,0.1438757561657654,1.3051210588448874
0.17819835822284869,0.14856166271102814,1.199490871137245
0.19155025645998136,0.1506731121762787,1.2712968736975365
0.21130235585644688,0.12880406342776277,1.6404944862236561
0.20580973632305757,0.13429191520910158,1.53255492709742
0.23083378389828516,0.13475377574685382,1.7130042005793265
0.22933547807631474,0.14740166366966923,1.5558540681756565
0.18445208046891606,0.12952456001790041,1.4240703110161086
0.19906798845485693,0.13721927254443939,1.4507290759057727
0.18075947928441793,0.13561274330865633,1.3329092449151851
0.18280760297510784,0.14302587492532545,1.278143574164833
0.21562905116551373,0.13287777777462564,1.6227623217122336
0.17364695900273572,0.14313183015446937,1.2131959663712404
0.19440251542247639,0.14133380429607117,1.375484912408039
0.20530873452857237,0.140794905269076,1.4582113900797948
0.20135171895962284,0.13360512582175257,1.5070658234194805
0.22953271254432148,0.14838844569802884,1.5468368272515072
0.17929392855691417,0.13034905169865355,1.3754908549040576
0.22914515433461666,0.1370227463816149,1.6723147096791977
0.2120835132043918,0.1420727023510791,1.492781580801549
0.21400754569634797,0.13889821010454262,1.5407509249778946
0.17934020616241336,0.14332308593218382,1.2513002004943694
0.1696369128333771,0.13755456530833218,1.2332336077187367
0.2231381220195678,0.14827577939639,1.5048858480321732
0.20099485065140235,0.12556271828136806,1.600752623091527
0.19579103392031097,0.12886043139257317,1.5194038371936982
0.18705525350663074,0.13655137271680223,1.3698526040786858
0.23543096083807882,0.13781893922111926,1.7082627552396774
0.18389540051145262,0.15028252578562204,1.223664558138844
0.17237818157650414,0.13192257952073216,1.3066616966007265
0.21959394792399253,0.14804222641582707,1.4833196800701176
0.1733371350546958,0.13422458906269671,1.2913962804067853
0.20185252363724518,0.1402107985931578,1.43963607412971
0.24264072641581344,0.14359956219200215,1.6897038034934027
0.1707509068509392,0.1394052710265017,1.2248525869475806
0.1973874492771658,0.13626069531112747,1.4486015121709608
0.23245159068465152,0.14845936000288393,1.565759078310293
0.2070242343257718,0.13924123723959222,1.4868026055352084
0.22968242928664456,0.13983700980771277,1.6425010060103298
0.19033584849155555,0.14200371558199917,1.3403582273285468
0.23111810051392193,0.13150502801891661,1.7574848961720024
0.18534901158833678,0.13467861637285142,1.376231925899853
0.21132460367106343,0.14444487106163667,1.4630121659417608
0.20703813761791606,0.13177638448915552,1.571132327089716
0.18469150602164242,0.1318720948957102,1.40053516377141
0.21998926971954308,0.1431005920486109,1.5373050982543337
0.1837741484760139,0.12841321990654575,1.4311154927020575
0.20827825419268856,0.13526862179477525,1.5397381257323737
0.2513446418801188,0.14827601827311332,1.6951132408826948
0.19554283393374322,0.12835649679141056,1.52343542260674
0.2276179643216632,0.13582628425919527,1.675802040548376
0.1778786592138956,0.13954905683944693,1.2746675845939064
0.18107380064461634,0.1400267245239208,1.2931374440147207
0.16928339963801028,0.144316579473411,1.173000359734823
0.19058081164654733,0.13750884993249182,1.3859530622218896
0.2036793698557403,0.13120527674764457,1.5523717864449138
0.24414399420631563,0.12794610972376028,1.9081783317478764
0.19597460724707727,0.1421987626921546,1.3781737867251471
0.21562370128604832,0.13893563624266744,1.5519682863037108
0.1901227642824709,0.13443161482961216,1.4142712227584673
0.20122335088812923,0.13494236367535153,1.4911799779366435
0.23805772302635914,0.14013584783297536,1.6987639259163334
0.2446953395448894,0.14322256104692602,1.7084971652246634
0.20081103587522867,0.1393857233055228,1.4406858257288395
0.2504671925952827,0.1324128502801033,1.891562579201715
0.16919711682645605,0.13834866206181096,1.2229761698082973
0.20651589075211807,0.13844036467548868,1.4917317737222227
0.21799583180735035,0.13370642937692598,1.6304065019402154
0.24058107349861305,0.12408570133279824,1.938829945066546
0.1719350688656224,0.14388185895992103,1.1949739189393969
0.22627442346311705,0.13150483451242007,1.7206547903890668
0.23315271799884787,0.13959874448097567,1.6701634306648196
0.19357407189462503,0.1357355055858113,1.4261122840276192
0.21685279073576905,0.12880081197548393,1.683629065762761
0.21928862356471027,0.13341403362292126,1.6436698419935583
0.1852867682666682,0.1332405272592545,1.3906186959628586
0.18839547912023263,0.12838203913349996,1.467459781693659
0.2525519442002731,0.13148973219882806,1.92069707631912
0.19879815053381322,0.1330115374544997,1.494593283697797
0.18958976720609172,0.14209284610921163,1.334266800880139
0.19786481944198597,0.13549872131393215,1.4602707503309942
0.23350851159262284,0.1539946032913203,1.5163421743480294
0.18986184936216832,0.1294312687417493,1.4668932106428976
0.1702615883862172,0.14459965170082037,1.177468869278412
0.19963401051300897,0.15974279497353913,1.249721532330004
0.2022690004067022,0.12962285285735456,1.5604424370237568
0.1963900462330353,0.12547328684057418,1.5651940837619696
0.17982128709750744,0.13903271475056023,1.2933739186501994
0.22156186982836754,0.125028166971242,1.7720956420910294
0.19878199410015052,0.13240737613870707,1.5012909393500167
0.161301804906727,0.1390669121680239,1.1598862906500604
0.20994608837661202,0.14884260345072023,1.4105241611560653
0.15802446037700113,0.12985066548227886,1.2169707393495588
0.2019970933003388,0.13587781079912065,1.4866083881713972
0.2417420413188648,0.1377471359055732,1.754969638603455
0.22870163688052816,0.13101052809430427,1.7456737271977385
0.18932730423080282,0.13940167183869004,1.3581422785939374
0.16934185881797173,0.13746539334013114,1.2318872023227587
0.19132354884790725,0.1375094762419431,1.3913481025211687
0.18887030647054273,0.1355532297371034,1.3933294458335246
0.1571140601423722,0.13570818857267697,1.1577345611553245
0.19695958995812593,0.13932374269242098,1.4136828809784785
0.21561921507258008,0.14080867704068906,1.5312921021924895
0.19116473055900757,0.13564654916791014,1.4092856156803093
0.17652006813513987,0.14952451775933726,1.1805426346149632
0.23433340574286587,0.13089518142881862,1.7902370674377912
0.1965730870922599,0.13589706838585397,1.4464851186791452
0.21010333048105814,0.1287399239671762,1.6319982489241374
0.1686580531978054,0.14244699351280887,1.1840057065341967
0.19679101960961648,0.13416656610298186,1.4667664629544601
0.24867075671259914,0.1371920870238794,1.8125736119847495
0.2037855218852176,0.12914014915622415,1.578018325181683
0.1944081465576823,0.13366467126228973,1.4544467488809802
0.14613200417392427,0.13747784033452626,1.0629495183975814
0.18611963278253874,0.13857890721706223,1.3430588862344786
0.16718147756697546,0.12737841257816743,1.312478890128909
0.19485091490140544,0.13365447553784135,1.4578704837028644
0.2386313781685394,0.1423069570737564,1.67687780749088
0.22628970405987164,0.13689885112368352,1.6529700739082644
0.18591487650747948,0.14594747278738252,1.273847864281431
0.2325191910766771,0.13863712832520522,1.677178356805328
0.22965564636353694,0.13973216078195122,1.6435417950911761
0.21934257208920763,0.12615091174228915,1.738731564122958
0.22890972715054286,0.14214654276568184,1.6103784354986654
0.2441956410216236,0.1556305052609729,1.5690731107769522
0.1660891071659716,0.1321769294572183,1.2565665418920908
0.20281436989421794,0.13541697135415534,1.4977027463108632
0.20671514907800023,0.15366494184533117,1.3452329893572332
0.23336019581676115,0.12992420183135675,1.7961256834940238
0.17271734746725675,0.13955610851749828,1.2376194012718587
0.20662712684598256,0.15845660826283847,1.3039981677712151
0.18716361406461807,0.13404470826552586,1.3962775292395002
0.17995169427003324,0.1384921814464087,1.2993635625536581
0.23087127960034973,0.1336269429285281,1.727730011183702
0.20638343930957717,0.13849705514886562,1.4901648203836744
0.21096554567385298,0.1435992979610064,1.4691265811838405
0.2071384354858279,0.13946589041914506,1.4852264941865179
0.21088472041023548,0.13588451635877846,1.5519407660357163
0.2441896528573742,0.1384857715117063,1.7632833336725333
0.22450781088413452,0.13179157137651876,1.7035065940805298
0.21415816659616632,0.14610364439456286,1.4657961988806905
0.21418559238332918,0.1304334937201969,1.6421057680383495
0.22856563169205424,0.12896369824308754,1.7723253505123902
0.1824601867758116,0.13820732838963082,1.3201918371609367
0.22656118939290726,0.14906175412370437,1.519914955548471
0.16409191877084006,0.13889958479986128,1.181370837121494
0.21525123821172867,0.1364616134329949,1.577375738103968
0.1712983967610184,0.13703876119131525,1.2499996006376213
0.23339693385706112,0.14662941664963455,1.5917469985900188
0.2045141123328919,0.13295790050182718,1.5381869867152524
0.15998441179830694,0.1337701357616385,1.1959650850872947
0.21457428149508956,0.1400367928763016,1.532270748906889
0.18559321076786478,0.1426491498204776,1.3010467360053095
0.18414586460250185,0.13020214322944718,1.4143074763215917
0.17495670819267803,0.14164789284407114,1.2351522121495582
0.19610745709616514,0.13592623813253954,1.4427490953214186
0.1888257217316231,0.13760628686706516,1.372217258605623
0.24615231330239654,0.13797632537328403,1.7840184729985449
0.2156169633662817,0.13141889942481402,1.6406845918660136
0.19838965295980626,0.1326857409733735,1.4951844222629604
0.16210564060991167,0.14046220492990583,1.1540872556486386
0.20883605404443445,0.1349497568607381,1.54750967250681
0.17121115482220484,0.13071771010947178,1.309777800412975
0.19936771100760442,0.14704261693776488,1.3558498560453798
0.20807134133329389,0.1369094788793755,1.5197730868336425
0.18186696749951056,0.13938637281237531,1.3047686357712842
0.20877287838453318,0.13047365472177544,1.6001152020285208
0.20728216858413348,0.14975271158360745,1.384163040469602
0.17543760124489782,0.13820516502719676,1.2693997450122378
0.2066486291588281,0.13959383888608415,1.4803563739475933
0.20464439922573363,0.13225743471493334,1.5473186794135436
0.19290780743147368,0.13896003981704774,1.3882250443037623
0.19598855448158697,0.1336417258362125,1.4665221752806827
0.21366285799617535,0.14525336508396058,1.4709666648526327
0.19618418590432235,0.12875810788903455,1.523664716115559
0.24946578865678679,0.13867696189708395,1.798898571501172
0.17990530642608693,0.14238700681196026,1.2634952475942853
0.22571599582897636,0.13444809048451706,1.6788337790113104
0.2324814384136092,0.14854607767798098,1.5650459577773825
0.161934928049801,0.12953552671539045,1.2501198100317068
0.1959502378533999,0.134296312036143,1.4590887484733315
0.2075549580976269,0.13751972720421468,1.509274067926349
0.19389661687852372,0.13573320753861096,1.4285127449255002
0.2252078228772778,0.14326017624157442,1.57201972512946
0.20293571834959762,0.13821659850000884,1.4682441946332851
0.21425655187885861,0.1520546893918052,1.409075594681434
0.16314277866632437,0.1393053187217687,1.1711166534291895
0.22228298598867557,0.13263182455670947,1.6759400447939545
0.198452318164826,0.12877399170442963,1.541090056603406
0.19216553517212123,0.13342162616631473,1.4402877606406939
0.2229455201324787,0.14223816210059445,1.5674100173960765
0.21462597144350204,0.139997201150164,1.5330733020390144
0.22181715304812252,0.13774027788986276,1.6104015212274199
0.18361875937173971,0.13410794729583292,1.3691862643060917
0.1802911438926376,0.14081745091942985,1.2803181900785368
0.225794776651838,0.14097093940892436,1.6017115130151693
0.19840720385423813,0.14102062082098993,1.4069375294134758
0.20453642221632137,0.12909448798666864,1.5843931480439621
0.211947723019171,0.14309357711244572,1.4811826449248546
0.2650345950105859,0.14471331817794153,1.8314457739452539
0.20213912534243053,0.13416699355520442,1.506623350393987
0.2256258335723162,0.1410374946479309,1.5997578100457719
0.28549664320970447,0.14580285276177887,1.9581005295977671
0.20997444948071772,0.15169597080214012,1.3841794766888786
0.2073097878635546,0.13896012179968334,1.4918653292661912
0.21412832281069194,0.13930038393906283,1.537169652772549
0.1921105570996285,0.13648281605035456,1.4075805486659243
0.19747063372450321,0.13784951072524543,1.43250877486313
0.22548957193284688,0.13313621527075853,1.6936756950336145
0.18934847899294602,0.13441222831699373,1.4087146784472042
0.2175791508423219,0.14460308454474835,1.50466465862276
0.16084436760692164,0.13626095159507043,1.180414239913033
0.19841897172912384,0.1416897281318583,1.4003765434885485
0.20625436173016828,0.14984178949589286,1.3764809031182965
0.21438189391127283,0.14567293726192684,1.4716658971858583
0.1786645801665907,0.13739058661718345,1.300413547722964
0.19866000921657398,0.13081842440726862,1.5185935017692807
0.13549243142915182,0.14484098005796825,0.9354564666362037
0.21940869091535586,0.1428021987941999,1.536451768726319
0.23671232691220578,0.15163076427285907,1.561110161564857
0.20148144121386174,0.13611450176923462,1.4802349389299365
0.17615013257279954,0.13668711468625286,1.2887105926343445
0.18782374025485807,0.14539450751470606,1.2918214275450568
0.24734092246506378,0.1308243720637654,1.8906333626008676
0.17557338307312664,0.13768225620635596,1.275207044907661
0.2096651304842372,0.13452899367359958,1.5585125909210054
0.19144311967958177,0.14887073149265742,1.285968825168459
0.18942474419503666,0.1401594897250515,1.3514942482070105
0.2116830578089135,0.14037967993849532,1.5079323296766198
0.24290687236067388,0.13719399077571906,1.7705358010743437
0.23567490416979653,0.14286329450914154,1.6496532925377565
0.2151262194485546,0.14734132405507144,1.460053524211221
0.2637663721452634,0.1385004098988627,1.904444704083358
0.20181664941480537,0.13292840247642096,1.5182357243073308
0.17065567425345618,0.13117207207624065,1.301006163524402
0.2165737254437977,0.1375443700959604,1.5745735379259869
0.23158169212380053,0.13749854432280703,1.684248318877568
0.2383469490691685,0.1387040437222523,1.7183850064706547
0.16429763423191868,0.12995183124011525,1.2642964140177588
0.17666621146532294,0.1316353455603878,1.3420879529979826
0.21609747363134788,0.13512582653210295,1.5992314657924245
0.18185603231703729,0.13509081437992848,1.3461761493685769
0.1649571776200134,0.145407104102491,1.1344506077484524
0.2335198644863235,0.14110675813124451,1.6549162320710737
0.2153770432515249,0.13758354251671895,1.5654273709760933
0.19667664862966522,0.13965384995625788,1.4083152644289285
0.21364899735917223,0.13620482117641133,1.5685861595343666
0.2290865259519848,0.1268629655437432,1.8057793696537405
0.22056192434138913,0.13967649802097987,1.5790911675653552
0.20792154506897847,0.127495226312208,1.630818275186429
0.18268989998272525,0.1398374650483535,1.3064445920809138
0.21390291490356073,0.12626675137351145,1.6940557397474454
0.18348042650392318,0.15416786220441414,1.1901340777537859
0.2147201266952381,0.1280349820601238,1.677042658501002
0.2199632106755402,0.13284557509432568,1.6557812371195466
0.19894877083999907,0.13827484612368365,1.4387922056484805
0.22989973376485073,0.13183979506065097,1.743781031054309
0.20376034149374742,0.13874989838166968,1.4685440772954563
0.21460408865409483,0.14402047695133327,1.4900942782366486
0.21900887237341196,0.14152134449730616,1.547532445733518
0.20729303206929758,0.13649250049872147,1.5187137118294591
0.21409985858827943,0.12937751001180392,1.6548460282528683
0.2302885582045576,0.14067913710195026,1.6369773297490966
0.22410038585756675,0.13941615915318367,1.6074204541192114
0.15858384605370218,0.13604234516477864,1.1656947391021566
0.17097059149153093,0.14545637920000412,1.1754079981356094
0.1792707894862655,0.14388827668294668,1.245902679627494
0.20951383636476525,0.13811849800577033,1.516913660297784
0.1474625412093196,0.1368919288438008,1.077218667709623
0.18891569747970818,0.13261079015559943,1.4245876769005235
0.20452971693152874,0.13424591534336003,1.52354517758253
0.16871370834237706,0.13208316928463168,1.2773293467755051
0.22080372556273672,0.13580469405602377,1.6258917049777981
0.14741397436694914,0.13910414199387056,1.059738209473624
0.20712923001018738,0.1311837623736775,1.5789242987266894
0.20237418888117525,0.1342522951982199,1.5074169762414504
0.20585797427330133,0.1344763684570063,1.5308115220193246
0.21623096299077876,0.138409723211695,1.562252694198786
0.24343417418578994,0.1443155916916109,1.6868182525003002
0.19188207776872937,0.14571698903345165,1.3168133588368327
0.20732775789941277,0.1417349685352684,1.4627848020992977
0.16645030010023698,0.140755415117273,1.1825498859959016
0.20742270347014882,0.13549950900188296,1.530800406570229
0.18641975742784817,0.14980477409839907,1.2444180003595786
0.20837373755402774,0.12914794285081768,1.6134499160759064
0.24023393350316408,0.14635194468730134,1.6414809794051797
0.23020465636923232,0.13946085053393523,1.6506758383293831
0.19927933082899943,0.14106775393386126,1.4126497748197673
0.21436182282492777,0.13412555752589544,1.5982175714985656
0.1656780960490347,0.13717721360954302,1.2077668855456978
0.18624373346113676,0.1393523233638568,1.3364953591397528
0.1766801767846407,0.13779817055122645,1.2821663457350465
0.24558138814409147,0.14136515697864124,1.7372129978336612
0.23416157699286472,0.13544851872404834,1.7287865470860277
0.20830119979774286,0.13615796011334677,1.529849592519889
0.224889571456513,0.14796624347514042,1.5198707906259468
0.20348984302992598,0.14352358135405174,1.4178146971398813
0.21892699571909674,0.14014720186385432,1.5621217748733427
0.206962050004765,0.14349704354918016,1.4422739652739516
0.18280633605431834,0.13529536081955207,1.3511648510855685
0.25017895444899785,0.13450955449769256,1.8599344513722966
0.21530216530211027,0.14826315998135384,1.4521622588456062
0.2936205381663289,0.1428237283399987,2.0558246278752166
0.19652373557631767,0.13874071073498187,1.416482116425878
0.18265597836179193,0.13396013843851134,1.3635099253471756
0.2016892481518583,0.1341643166527249,1.5033002305219278
0.19951656063937065,0.14153968120261454,1.4096157271525998
0.20406427651937906,0.1198547477864898,1.7025965202721947
0.1815420511666607,0.13599488867222573,1.3349181939051586
0.1799293613792821,0.13318748444903888,1.3509479672478377
0.14501494926912575,0.1369886785466686,1.0585907595255968
0.24203321770187283,0.1387865366534194,1.7439243282385755
0.2388332736399807,0.1435930592061211,1.6632647494273853
0.21253533241740008,0.12955511123974925,1.6405013309285121
0.23139212279019322,0.13458164161376204,1.7193438868450506
0.18721727833928242,0.13429789551570204,1.3940447660804416
0.16784240170241072,0.1424316238942254,1.178406853151209
0.26189278507192637,0.1444634868271794,1.8128649032625577
0.20989464669572722,0.13165753323127796,1.5942471467015336
0.18924340314163746,0.13052473203474924,1.4498662452052054
0.22282563349684884,0.13407060727588752,1.6620021198108188
0.23145381959350805,0.13782521445726173,1.6793285648416652
0.20545589164191497,0.13152762457906528,1.5620740684661962
0.20942302702899396,0.1424593306034279,1.4700548299779441
0.18393815320220977,0.14159980682948234,1.2990000291717363
0.23380469789277286,0.14031084407786673,1.6663337707741313
0.19950370084990973,0.13351126734554447,1.4942836272654674
0.23997102389489752,0.132917714539627,1.8054103978996308
0.15957795117432963,0.13022727421044483,1.225380413909721
0.19830902791084057,0.1395676727598743,1.4208808099281742
0.18456309686002892,0.13853459665080778,1.3322527464041434
0.2313625340835593,0.1390370577432847,1.6640350266239274
0.19930078613451702,0.13627683289144307,1.4624700464918954
0.20001421657819787,0.14020829102728014,1.4265505635417908
0.23077275269069425,0.14013419225968335,1.6467983221614333
0.22547374509056478,0.13770843655751708,1.6373270275012564
0.20292308670567527,0.13413301151200832,1.5128497035758306
0.22982759295219668,0.13003212255368607,1.7674678259389967
0.17866048975905957,0.13266328441927672,1.3467214424935434
0.2035770349836551,0.13235999757026423,1.5380555962581126
0.14552917412179628,0.1417888176810695,1.0263797702942985
0.17084044001201687,0.12636857449690156,1.351921873710823
0.23183195531993508,0.13417204899077298,1.7278707231778072
0.2391099286633483,0.14357328006359132,1.6654208119884284
0.22680609125655554,0.16190637799229443,1.4008471690185662
0.2098075647539139,0.14259018313151708,1.4714025898991892
0.23879890905000553,0.13341002047917078,1.7899623146170573
0.2028445526791936,0.12179900424548795,1.665404031303548
0.1907975882092009,0.1356561974871574,1.4064789647908547
0.20753724224604866,0.15117057411771218,1.3728679900656156
0.23315706894403718,0.1355711071159939,1.719813859339138
0.22491419061294896,0.14715210438767323,1.528446987209989
0.21971814440463477,0.13197369220597022,1.664863206689122
0.22991956894125054,0.1293076541199631,1.7780816650493587
0.1858864245759051,0.13642533547888722,1.3625506136627556
0.23182912735109354,0.13991053582239557,1.656981198652407
0.20273315877166506,0.14914548820969661,1.3592979660680373
0.19560533554388548,0.13261254788017457,1.4750137801486904
0.2044673896535896,0.1420876019804242,1.4390234390876668
0.22609922494416973,0.140342467315422,1.6110535126620513
0.18996242907565392,0.13726638130222849,1.3838962408238988
0.2087250319550929,0.1331352462212946,1.5677668977916979
0.2500325323234742,0.1380216216980297,1.8115461131916515
0.22012733029664988,0.14536064920477076,1.514352966231973
0.19626887020142367,0.1367479692997845,1.4352598521675668
0.1924456494829335,0.12437460221421177,1.5473066531017499
0.1545303154852531,0.1369600165335493,1.1282877981209927
0.1803648570339982,0.15300261854709796,1.1788350993383652
0.18926769606140365,0.14643077807539454,1.2925403972377525
0.20282464202323505,0.13727284919273963,1.4775291925241285
0.2015993686180549,0.1334623677598127,1.5105334335208698
0.18117804881793423,0.12917566980898978,1.4025710033928187
0.1851043588838682,0.1261323753192172,1.4675404186704963
0.1890298621850222,0.12597513188641857,1.5005331556664288
0.2074508643771458,0.13143675465955737,1.578332217000316
0.16609718533731685,0.15272233096680277,1.087576284920778
0.17752075161312314,0.1325680838285714,1.3390911785575905
0.1966881873521968,0.12911540301029623,1.5233518446789192
0.19935804613194658,0.13831914837009404,1.4412902948081607
0.18481322855922533,0.13039995670767082,1.4172798306485452
0.2344453981526289,0.13729871826632173,1.7075570778298845
0.18583440598943685,0.1251758896100513,1.4845862615264755
0.21453114360543418,0.1465955785605686,1.4634216509933606
0.2520571833009512,0.1343268958751691,1.8764461253924134
0.20811641932686764,0.13486974927726084,1.5430919123237095
0.21749965925044012,0.13220907786809913,1.6451189491498666
0.1730268231825961,0.14101865525821497,1.2269782523863382
0.1835445156200638,0.1539867127511154,1.191950346499843
0.22683781367768646,0.15207378780648975,1.4916299314273156
0.18463099486383128,0.1295050282912523,1.4256666115589165
0.16968205930453617,0.13502424434108434,1.256678458987727
0.2171340705476631,0.1451476464953703,1.4959530918373445
0.19179477487740718,0.13625621412123462,1.4076038741745522
0.25687075712532925,0.13687012594165868,1.87674816076973
0.20677162705096563,0.13391927807194368,1.5440019542211425
0.19729482109460827,0.13002392730593879,1.5173731880162715
0.22090596733686968,0.1397378091189319,1.5808603893943616
0.19920561400332176,0.14474824735755187,1.3762212506190232
0.17101263634688557,0.12310882886988875,1.3891175630273065
0.1639874323960861,0.13982196593117513,1.172830258135592
0.18906428773435127,0.13612677179173382,1.3888839443251384
0.2231667867089987,0.1449891011892877,1.5391969801761005
0.19225674634029943,0.14502877285107352,1.3256455430242327
0.23226250881951038,0.14193556420374792,1.6363940223332505
0.17822706851559675,0.14429412143848255,1.2351651386683895
0.15803389491498862,0.14517496894105822,1.0885753657653696
0.18573184031241582,0.13972670208207094,1.3292508700543362
0.1827160161685579,0.13632980621372742,1.3402499515191104
0.2167329190437476,0.14785804003258768,1.465817611243731
0.2272060771868777,0.13315073822604662,1.7063824069916587
0.21691097679963348,0.13141126838357198,1.650626917065432
0.20592750679368277,0.14057125741456772,1.4649332344404429
0.16498694898114755,0.14071342687247057,1.172503240438286
0.2019933792279,0.13141108588316086,1.537110646871107
0.21732362699720964,0.1454101539773036,1.4945560612715578
0.2072072026596669,0.13399748742723178,1.5463514028365057
0.18511857253467495,0.1387446551975187,1.3342393065241882
0.22178631617830183,0.14588135540423525,1.5203198212940576
0.20030844615946844,0.12836814243521522,1.5604217865858738
0.20929825331158755,0.1426042254820195,1.4676861965634902
0.1978136895771202,0.13077333070888492,1.512645495108434
0.21941419990065567,0.14254763124807016,1.5392342754459214
0.21315687355483945,0.14072918631178538,1.5146600299570452
0.1811322409195641,0.13807229665575146,1.3118651989339452
0.20538011602153133,0.13918061639378929,1.4756373505376723
0.2071674974027896,0.14154633720390306,1.4636019659368276
0.23229331764239422,0.1319175571371885,1.760897659746832
0.20491205361723314,0.13759387257292321,1.489252753669187
0.18099556432053893,0.1353474804590898,1.337265856051504
0.17499718348469404,0.13195959707251873,1.3261421478009205
0.2286302222414414,0.14557563591185918,1.5705253204586294
0.22103027685411789,0.1323216647236027,1.6704012703876743
0.20596603939329958,0.13024178905270803,1.5814128544406467
0.19137004529834623,0.1411560162532076,1.3557342462475281
0.2054732611263606,0.13344292028940546,1.5397839067126133
0.2128473682342211,0.13670124344905185,1.5570258387119111
0.19887435458018296,0.13680084036524362,1.4537509714794858
0.1578040603962707,0.13126319680769302,1.2021957733321194
0.21247682848453125,0.1446396610271638,1.469008064424511
0.20750455317809957,0.14727076773050687,1.4090002814259477
0.1825553700297004,0.13447796595068678,1.3575113866359614
0.20844618377895888,0.1315404469971507,1.5846546711482137
0.18143743345432503,0.14398611215540405,1.260103705408059
0.21011323480793653,0.14773904366516236,1.422191653576287
0.20318455572602984,0.1532208048444233,1.3260898605273514
0.22420606451669295,0.13688558111157303,1.6379085561535258
0.1876029031602205,0.130342658017249,1.439305489192908
0.20988688014317913,0.14190697565865656,1.4790455449353077
0.22320095421245853,0.13666630424604786,1.6331820447168717
0.19940488536846016,0.13200053120564192,1.5106369917391458
0.20906937829215358,0.14650954629290255,1.4270017454984205
0.2383202727711545,0.1461728618975135,1.6304002649838554
0.17627721578394434,0.13605311328318478,1.2956499967555757
0.16552415558841804,0.1450028652895811,1.14152334340328
0.21819657572833304,0.12640450867274808,1.7261771594969593
0.2408940115262156,0.14449793506223857,1.6671104083422164
0.21369410591186172,0.13497000394701786,1.583271094781525
0.22388368778938408,0.13589927692423756,1.647423686545418
0.250315843508076,0.13421165595726095,1.865082743541946
0.20083390005146556,0.1549518620682278,1.296105108843643
0.18781071035993208,0.14708859734793767,1.276854316012453
0.19165470049492303,0.14348615960922248,1.3357016524582246
0.1821668262019614,0.13643818303365712,1.3351601593596694
0.20685550637691236,0.13041666311181666,1.5861125521940287
0.2350369471661348,0.14628137271391078,1.6067455671598556
0.20231593319195187,0.14025326088264725,1.44250430912429
0.26868927758155603,0.1494864227479029,1.7974159301054344
0.23463202071284778,0.12682680271659635,1.850019204829676
0.1813017868028503,0.12716225250472216,1.4257516144275415
0.19888197334367919,0.1312737502372948,1.5150170767893316
0.2092496080318761,0.1315395799252748,1.5907729684916656
0.20112015564976732,0.14267406295086082,1.4096476366488297
0.21079228152859125,0.14327755235101575,1.4712163773720195
0.20898111195671296,0.13871275723268275,1.5065745654969502
0.2165235111430974,0.14273285944914443,1.5169843298784642
0.15636462150813524,0.14227558790021796,1.0990263601497
0.20511546297525607,0.1418847299857907,1.4456486120514713
0.17554278197654116,0.13189688826358184,1.330909199508465
0.2065751603515556,0.14475685520204626,1.4270492410409554
0.19883551481115583,0.13529314917991878,1.469664325329109
0.1815591404698245,0.14488406094154044,1.2531339837518922
0.2760990034617823,0.13463279554074994,2.050755927282325
0.23759938746591375,0.12945826996707402,1.8353357226722091
0.19280593630009116,0.13991483151804185,1.3780235748290135
0.2223363304668995,0.13415291370206925,1.6573350837587515
0.23093325248261798,0.13366787254421789,1.7276646069624868
0.21229856700629307,0.15287297878656547,1.3887252586521193
0.1715657340825,0.12912954521536732,1.3286326827555688
0.2136946618722449,0.13699565643228548,1.5598645054697071
0.18780130857637323,0.13312728428313556,1.4106898490992783
0.2146303030909211,0.1471061247295828,1.4590167709567794
0.22075981387135218,0.13937528664768853,1.5839236580684972
0.23234603754264063,0.14282067453876676,1.6268375590088213
0.2252814530201122,0.13997024655506138,1.609495293212127
0.19516562037841745,0.1390980108620757,1.4030798799267967
0.179161467249814,0.13193758151581872,1.3579259615906583
0.206823833600825,0.13492464383125924,1.5328840434775208
0.2085960447739006,0.13702798051641785,1.5222879589100264
0.18884360194894936,0.13459409417010257,1.4030600905139659
0.18959916707051264,0.13619128654241194,1.392153432748935
0.21442351977152305,0.15303924747842973,1.4011015037286116
0.1961546971594348,0.143742277643452,1.3646277238349465
0.13862980469453634,0.14071837092137066,0.9851578282696198
0.21038807466896123,0.14399481002611975,1.4610809558399929
0.2233077647847329,0.13354836108486703,1.6721116078903113
0.21420383598323012,0.1404593009093621,1.5250242212258704
0.19291343965408253,0.1370372017112957,1.4077450301452052
0.2249242290398792,0.13434575542484556,1.674219094816912
0.235810779064003,0.13129749186722547,1.7960036837753652
0.20732278619228947,0.13318407292869974,1.5566635081304352
0.1993433720761779,0.14731290283564955,1.353196958575831
0.19551709386604854,0.15422206032111374,1.267763466905787
0.20462154785535475,0.13497105683721236,1.5160401989157375
0.20566580604995166,0.14614229259741104,1.4072983418736589
0.2319495018997779,0.13240992211551297,1.7517531782658076
0.19158887834299493,0.13409478806947034,1.4287570837111037
0.22459490274461388,0.14171583886992167,1.5848256944007886
0.2397181269632651,0.12696140709720527,1.8881180702394869
0.18611139746114844,0.133130839201646,1.397958569007859
0.19748295266896265,0.13879664943629422,1.422822189663913
0.2109720128800813,0.13841586152130558,1.52418957308305
0.1948069486793825,0.1233501891878762,1.5792999586135181
0.19550331471278196,0.13462061100784542,1.452253954644348
0.274534424004042,0.12630100214410425,2.1736519848893163
0.23927687512780774,0.13345136465239182,1.7929893467261686
0.19666412900757257,0.13715021895893478,1.4339323006582827
0.21971153423278544,0.14034036282164786,1.5655619653200326
0.18133603347003868,0.14974388510038278,1.2109745472977256
0.20097451123553844,0.14028355731716605,1.4326305596967197
0.20836988142259139,0.1263464479254207,1.6491946140471407
0.2700705022632355,0.15156987253533033,1.781821794435323
0.20136711330553267,0.13480279136702916,1.4937903827025958
0.24439370272435026,0.1401536631675987,1.743755369648092
0.2076392443225415,0.1322524500760001,1.5700219103934914
0.2078332299166365,0.1387495580478511,1.4979019237305262
0.16928357946299852,0.15073513449423154,1.1230532286384554
0.2168512596819779,0.13062567024087,1.6600968192707484
0.21671623211651525,0.1376616496605447,1.5742672897710337
0.19288408067677046,0.12606649561312333,1.5300185805806719
0.219387001328504,0.14032394183011354,1.5634324297567839
0.20849100222550915,0.14565260788462406,1.431426496603901
0.20387653578533746,0.14245894007928636,1.4311248958603002
0.20396430658791,0.1341038101012389,1.520943412673595
0.20724388460321064,0.1381894380134343,1.4997085709478253
0.19676949690231155,0.14057036689553223,1.399793578461276
0.19034453046804567,0.13686078827722606,1.3907893770309332
0.1731347285586565,0.13238123850325056,1.307849439363005
0.23457478347788666,0.12378235250369289,1.895058372483981
0.19862714887981037,0.13564674644588437,1.464297184297389
0.1872905242672525,0.13334634870277612,1.4045418272735453
0.27591205916345113,0.15314600735900913,1.80162750516016
0.21895857605138247,0.13187639845786903,1.6603317850034696
0.22701437157777818,0.13787833453365958,1.646483273427982
0.17774413270153624,0.13620785600329421,1.3049477314820774
0.20447249150794952,0.13695980481010023,1.492937959363027
0.20208154588406016,0.1429020862073215,1.41412593228962
0.17513905920572465,0.13493649824599788,1.2979368924072339
0.21877968355887298,0.15036004284064244,1.4550387152439455
0.20565861583491096,0.1369554211570218,1.5016464050672351
0.18280854685845846,0.14727151599470717,1.241302811502453
0.1928820320582828,0.13063659168490754,1.4764778349661007
0.22773654967395032,0.14369931000239025,1.5848131050188217
0.15578799126948614,0.14057615998017328,1.1082106047814817
0.2060580483060729,0.1447741294527947,1.423307113535506
0.2236711087642582,0.14882155757175905,1.5029483121516722
0.2653131484165488,0.14252553708689428,1.8615130582163248
0.2124671738305189,0.14126379421322735,1.5040454988049894
0.2350960735350213,0.13751255781265379,1.7096334856581947
0.18286085739645525,0.14907465543376439,1.2266394771423936
0.19172664441316617,0.12450719890001365,1.5398840075675748
0.19203915796315849,0.1381768926007079,1.3898066047707216
0.1938602993839609,0.135873460780858,1.426770896022339
0.24620475234249475,0.13015003965499775,1.8916994032052186
0.2341637350899991,0.13466589307027246,1.7388496058746357
0.23378793625913022,0.15047155061685707,1.5537019144198236
0.17568635393256204,0.13064292523372686,1.3447827627730333
0.20219863944133268,0.13872073898172033,1.4575948839774926
0.18573879124308218,0.13872632821900074,1.338886378870095
0.2019512151041892,0.13146272765748077,1.536186101587383
0.14928318983162264,0.13477512834761737,1.107646430479261
0.22444575388646412,0.1434565228040861,1.5645559330403007
0.18880859110941148,0.13186798603104982,1.4318000660520769
0.20734722235885042,0.13267885471328353,1.5627751898139595
0.2849247732937868,0.13265481335799448,2.1478660749750755
0.2012245229373161,0.13735202374045782,1.4650277255292037
0.23381134547909266,0.14367348930636142,1.6273798778599038
0.23529536846205587,0.14231716980684825,1.6533168048619638
0.19108287388664347,0.130202429458455,1.4675830142448625
0.2069461081778793,0.14426428757870777,1.4344929826446033
0.246003741077957,0.15501749304634632,1.5869418105246231
0.20224367248717,0.12976961357143726,1.5584825054274842
0.21034326341649529,0.14321164136366465,1.468758135956
0.21123588006200283,0.12154316435790538,1.7379494863238987
0.2606061845965048,0.13071450244426505,1.9937052103887545
0.23643624587556078,0.13629802025084958,1.7347005146546655
0.2101187507891661,0.14052415834170992,1.4952500215530509
0.19031804086282283,0.13348453896988655,1.4257684248042963
0.19981067634127883,0.12831195949775567,1.557225664103226
0.25040759022667763,0.1263987367179012,1.9810925071628007
0.1887591515538907,0.13860652562739678,1.3618345218558803
0.2596623643955797,0.15486019067987314,1.6767534849053205
0.23240572998902076,0.14920179214866755,1.5576604452408132
0.22218224508549528,0.14468305687608107,1.5356479872815456
0.21799409558210045,0.14168615358730693,1.538570213551408
0.19227491060297544,0.1311282516718744,1.466311859965234
0.18663863865438146,0.13435495421404767,1.3891459361970233
0.21525429418882405,0.13079814279078447,1.6456983990447762
0.2210451583950361,0.14596815141226024,1.5143382734959399
0.22684835925252383,0.12925056730541484,1.7551053274411448
0.22014473854091493,0.12824191058974338,1.7166364531574736
0.215744853331709,0.1406341136337141,1.5340862025384763
0.1628123467257167,0.13131588923537235,1.239852600273602
0.18040230456155348,0.14171583909372917,1.2729861793517487
0.19929083162572353,0.1442787923740625,1.381289851033926
0.1995771759519335,0.12996284635497296,1.5356479297692511
0.2202261898605261,0.1382422726055857,1.5930452075888968
0.24132342283245095,0.14768321237458726,1.6340613056300022
0.16782503729614548,0.13456862847985582,1.2471334455286356
0.16904601654058643,0.13982560771616626,1.2089775206536921
0.19702990430931405,0.13838437073116258,1.4237872620173369
0.21829864947048783,0.12826120840636238,1.7019849741230035
0.2288143360678446,0.1288053821991663,1.7764345880674357
0.23022640883244913,0.14528096164302667,1.5846977210829865
0.16684926036849496,0.1424521757653938,1.1712650892976253
0.19847531681889102,0.1356626789178701,1.4630060264330145
0.20293825984044583,0.1369526316440855,1.4818135102934331
0.20940263242938845,0.1385545285858496,1.5113373382064574
0.16057554028388665,0.13500355578367385,1.189417118325303
0.213120586827103,0.13804717396933405,1.5438243369940035
0.1848284373321946,0.1473446694120762,1.2543951407925604
0.2467176826725635,0.14573867178662187,1.6928772552132663
0.2149466583743431,0.13129653327616464,1.6371084065276242
0.18762588458085303,0.13443545804094953,1.3956577179489469
0.2054835145469506,0.1409063884328691,1.4582980717360978
0.18494299696956704,0.12883381809572814,1.4355159204561319
0.18433834538340743,0.12352985910841802,1.4922573919688507
0.21971783483840973,0.14376526196690467,1.5283096335816482
0.21042150008807844,0.1361517262134742,1.545492708319802
0.2355417047838823,0.15660284607605646,1.504070396456831
0.2034505768015854,0.14430790301067253,1.4098366933274533
0.18725627554175142,0.13441471542482894,1.393123326935688
0.19832102299421292,0.14064720213917206,1.4100602072266744
0.16896080274868877,0.13068762080004492,1.2928600407165014
0.18204842868271315,0.14328645785883395,1.2705208252273745
0.20564735594506242,0.13224497260667636,1.5550485730501058
0.19631363251223705,0.13450870705192758,1.459486428907903
0.1731124346028738,0.13216356313732064,1.3098348023729236
0.21032887654473842,0.13259957356219446,1.5861957236693967
0.2260907814892557,0.129044502776969,1.7520372942969478
0.19134483370410707,0.1371753527447245,1.3948922300946356
0.21612631728184678,0.1471558090446062,1.468690354020167
0.19954649527483292,0.1388235405332166,1.437411079622242
0.22289072613666927,0.14603515310920934,1.5262813191970641
0.2030439844544934,0.12302864512160863,1.6503797489909198
0.1914762853624042,0.1402581248213799,1.3651707208138648
0.19793235836029466,0.13573595149837386,1.4582161628908308
0.14006891740318192,0.1299824646679284,1.0775985650143025
0.20975075010612287,0.12464839906614512,1.6827392223049562
0.1618958121837977,0.1339198441958188,1.2089008403196184
0.1794635533032596,0.13278493992624094,1.351535448243962
0.21722668398358802,0.14947295257726642,1.453284224591054
0.246184457892824,0.1281054915725262,1.9217322760394548
0.19332429701960938,0.1404857858052469,1.3761128637427535
0.22333199687942443,0.12159446244565615,1.836695457897497
0.21912175152213786,0.12618393666876604,1.7365265128582446
0.20311668035777442,0.13479439359584025,1.5068629706276047
0.20727575997526904,0.13705372486414585,1.5123686728013455
0.2193793002702464,0.12696724182132152,1.727841741879961
0.21058229430480305,0.14623700113416044,1.4400069248658285
0.20105441920070705,0.136044050928134,1.4778626322066453
0.1969356771192059,0.13532280091612256,1.4553029924445104
0.19915220093683336,0.1349534195377855,1.47571066831006
0.20597060433743164,0.14200002828612168,1.4504969247077404
0.1889959987407723,0.13702231353173383,1.379308186159049
0.18833495148094123,0.139479101733045,1.3502736190644784
0.17977348079141278,0.14168053110896472,1.2688650965964494
0.2743535957122705,0.14344256246324993,1.9126373023527106
0.17035603735438828,0.14714730035683685,1.1577245178217304
0.2260551139056897,0.13899150376891786,1.6263951952165405
0.20115148512780995,0.13505270039077066,1.4894295674635498
0.18539030071714319,0.14082780017924168,1.3164325543762212
0.1942343050574423,0.13246133135127605,1.4663472205511028
0.19325810756216363,0.13666724352653623,1.4140777451521465
0.22638466590750497,0.14451445062176524,1.5665192299697213
0.19203272393222642,0.1353502523132096,1.4187836420714588
0.1808427124188151,0.13700364186607783,1.3199847095713728
0.21713601479948064,0.12625530886553488,1.7198169071110985
0.20668289685033703,0.13689486343773757,1.5097929291141037
0.20022644883384572,0.13772266621983617,1.453838023395797
0.22879067900202202,0.13409851978611573,1.7061387356619466
0.1934207703752533,0.130729842140557,1.4795456584984843
0.20373947998620706,0.14804715048678135,1.3761796786787754
0.19074220871224476,0.12829907711624808,1.4866997721224353
0.2120427236108155,0.13669684473979177,1.5511895977880674
0.20497555487734875,0.14255234616072474,1.4378967473902056
0.20994895404935227,0.14226217472724148,1.4757890103387377
0.19210025191162403,0.13246559506610692,1.4501897780760087
0.18085653923195438,0.14221934087480329,1.2716733049069866
0.17247714422784516,0.13197809640850477,1.3068618878543743
0.20405659588606212,0.12920462898452312,1.5793288327967352
0.1728951086925531,0.13357573946344212,1.2943601090067118
0.21060069595721242,0.13425468174117175,1.5686655632853637
0.22704361499913195,0.13860598773459645,1.6380505540199055
0.21145421126479524,0.12994850014085907,1.6272154817915343
0.18939889199288712,0.13021522433327562,1.454506513832327
0.17626961655594958,0.1373880760848925,1.283005203792446
0.22694243801940522,0.13297291562227434,1.7066816724096108
0.23717436855648832,0.1500831846022864,1.5802860872454805
0.20428599548647905,0.1330016478674173,1.5359658978821191
0.19346925891449226,0.1297210179081224,1.4914256921073568
0.18268049086971253,0.14084280073699879,1.2970523868723605
0.2116881184315713,0.1361061890454436,1.5553158891319199
0.21611870358913973,0.14203074832745677,1.5216332106542918
0.20668438582174103,0.135942666329747,1.5203790789302352
0.19870848346908912,0.12953354535250064,1.534031072247287
0.206361051392907,0.13391616311562707,1.540971952838351
0.1647404577732627,0.12987336332060312,1.2684699430366433
0.23112427156174553,0.13986419413565737,1.6524906391522407
0.21002143669986342,0.13956600590247698,1.5048179916147906
0.21203578846628449,0.127159600602763,1.6674776223044951
0.19887298831251743,0.14090257034101317,1.4114220048023534
0.2159732419396724,0.13901705253049504,1.5535737379577668
0.22076056826312085,0.12861843451573393,1.7163991234562503
0.22552900533529258,0.13878689223001817,1.6250022009392109
0.21049285303459525,0.1308053571870713,1.6092066682984463
0.2160771825822406,0.13553201238709017,1.5942888973352438
0.2088926255762871,0.1399583454401697,1.492534260242351
0.21589085842413566,0.1409426652617152,1.5317636999644488
0.21415153048291305,0.13271305832755848,1.6136432479338283
0.16462486426087425,0.1468515192989081,1.1210293570459389
0.16423079422836334,0.13327400803021971,1.2322792467614856
0.2259206486397875,0.1416553618668757,1.5948612580729722
0.18491687626143924,0.1279879922872325,1.4447986327220923
0.1921349838118471,0.131204933348606,1.4643884106198393
0.19473231431494117,0.14143645073088315,1.3768184460840736
0.1830472242710649,0.13234519360306707,1.3831044353606419
0.20947837886963383,0.1399871611556327,1.4964113647303934
0.17592163320357765,0.13494312921848636,1.3036724005321012
0.24167595152234447,0.14870156020589703,1.625241532016961
0.19812100699651572,0.12650473552050848,1.5661153409106734
0.23003093299576147,0.1462702643141235,1.5726431757979005
0.20779466473531566,0.14045780778256753,1.479409852793569
0.20186029629648838,0.1307480749162864,1.5438873300867546
0.1687347816933059,0.13787728708120434,1.2238040453604786
0.1755794965114862,0.1387597084181439,1.2653492754711484
0.21130479501224167,0.1409077089981033,1.499597122930201
0.2090345618126112,0.14404656479239836,1.451159644895901
0.1989220161223808,0.13829772327401546,1.4383607438587238
0.2042996903408886,0.15004269147675206,1.3616104078787685
0.23543316575358572,0.13922750972529194,1.6909960267056128
0.22429862837253628,0.1352826513547054,1.6579999440167292
0.1634226363046562,0.13212345723578794,1.2368934307631054
0.23347623545741267,0.13472022953594814,1.7330451132813198
0.21387244018406715,0.13484866927117595,1.5860181738536638
0.208360145367871,0.13538921803567347,1.5389714808233146
0.15511136808322384,0.1382522924471891,1.1219442754808189
0.19347869782383686,0.13414086977688944,1.4423545795225676
0.18402405582468417,0.1330116059541273,1.3835187877375896
0.1795785018680792,0.1418724504410826,1.265774301562905
0.24280709641748155,0.15123957806395766,1.605446798554284
0.20736574668616292,0.13492640150413152,1.5368804353669305
0.23851626081376087,0.13591196458807603,1.7549320366066332
0.18861316734005507,0.14384023650075314,1.3112684734710338
0.23069356369663996,0.13250332899498102,1.7410397568605858
0.21403676578488784,0.13339863807369498,1.6044898874203273
0.21560104185064788,0.1370681957323566,1.5729472522687673
0.24961932691525723,0.14560371419639373,1.7143747210910072
0.18511625815375796,0.1284781293436613,1.4408386789209662
0.17680736966094981,0.13998116260979535,1.2630797341911597
0.2307849011343121,0.12697933254090815,1.8174997183889083
0.19424721362733885,0.1439229907024559,1.3496607642688752
0.2098460072472666,0.13651119346692583,1.5372073301674594
0.22565454420807463,0.14424811410511112,1.564350047887933
0.2118592150882043,0.1386694424148189,1.5278002954280572
0.2120596357956429,0.13632244478977726,1.555573890437924
0.1622088234399923,0.14403493924969202,1.1261769143304523
0.17164537323244555,0.13231619094961225,1.2972363548298513
0.1833281183106819,0.13311857673021543,1.3771790745796777
0.20035113103309987,0.1408857183642651,1.4220826167424918
0.21042396937961944,0.13202070879569391,1.5938709260018968
0.2166107282405158,0.13377723626943114,1.6191897387105207
0.22050014260094364,0.13192268191360731,1.6714346570466432
0.2600175888043089,0.13710265968970237,1.8965174664940403
0.1697057047463613,0.13306310821914302,1.275377578486076
0.1931844222467277,0.12874014667352313,1.5005763721602026
0.1982109083858057,0.13808119845950437,1.4354663096579063
0.18960328325438897,0.13184707662561182,1.4380545106265767
0.25042369019645333,0.13687178872927297,1.829622397145562
0.1847390516401666,0.143429314816561,1.2880146006166084
0.2420557859351648,0.14172957085368548,1.7078707321074942
0.20188294856896433,0.13439770791164551,1.5021308897744323
0.2272410510660155,0.14473125698032901,1.5700896669259268
0.18443087566350957,0.13199639015113218,1.3972418143582668
0.22719006485541965,0.1302680980099767,1.7440192059764323
0.2590642168521535,0.14976968676355254,1.7297506755232026
0.21985533944478317,0.13753036640272398,1.5985948790464986
0.20035109037985405,0.1288092026687059,1.5554097551178243
0.23698469120782373,0.12959236363870388,1.8286933315648408
0.1750829028038196,0.13867244797685385,1.262564448512823
0.18997510897256067,0.1331537643665493,1.4267347969944886
0.17580158279645097,0.12671380001884983,1.3873909769125297
0.21126007661095617,0.14254751947789512,1.4820326399556627
0.24108708906503745,0.14350969110531753,1.6799359486329795
0.2269180262280901,0.13634026970005628,1.6643507213774893
0.21174385103560828,0.14729041936617382,1.437594189403446
0.2394630165670094,0.14676718008274348,1.631584230425402
0.19986047949663654,0.13272772817676984,1.5057929661122336
0.19121992782878605,0.12770672770629535,1.4973363679677136
0.21648941384595533,0.13529176558809392,1.600166964374416
0.22761013951454767,0.14091745780323836,1.6152018569080167
0.25694552793680364,0.15044110995122875,1.7079475684545427
0.23000738713195884,0.14317613549418703,1.606464557365408
0.1816326447441675,0.12749249335287657,1.4246536401279768
0.20668567469810223,0.13642557689781756,1.5150067853692077
0.19851251870143366,0.13320313087916072,1.4902991948554147
0.16996115425186364,0.13171630796574674,1.2903577155841828
0.19005265452221742,0.14289919742433005,1.3299770603880174
0.18904322150007102,0.1437427121952892,1.3151499551729373
0.2105433321862957,0.12473481449563426,1.6879275688798556
0.1962305456854024,0.13926599656029495,1.4090341542951208
0.1770631255704122,0.14409200695567848,1.2288198999468123
0.16124596612897624,0.13544187591451778,1.1905178146730953
0.20475580472857527,0.14359936643670532,1.4258823684909923
0.21739318641384917,0.1262665037768793,1.721701163104954
0.22161008755514933,0.14000543231141538,1.5828677780317835
0.15964510683392855,0.13918966785161024,1.1469609008919095
0.20909869105599066,0.12488351804515693,1.6743497807323313
0.20879515089715223,0.14160580611260504,1.4744815670278248
0.207251885921172,0.13437322408270408,1.5423600001858446
0.1656435327090671,0.13647143113892604,1.2137597688152346
0.20400358121805817,0.13551590873357888,1.5053847413525776
0.2133319574571752,0.1352862864305849,1.5768926998128177
0.20493498140015154,0.13957096023364862,1.4683210680579997
0.14070073274212863,0.138809266133807,1.0136263713583669
0.18749937985771903,0.13830448046522925,1.35569996884416
0.17478435616446292,0.1345411036864284,1.29911492752303
0.20467649570846622,0.13853578453132553,1.4774269074297193
0.19589911399921062,0.13870289237701403,1.4123650245643702
0.21665219561694776,0.13090531209910847,1.6550298237929435
0.2513498760339285,0.13822554581406396,1.8184039321648642
0.2133479374352156,0.13270031061743404,1.6077425624894217
0.23758610420336024,0.12611922024400068,1.883821543962185
0.21014181379031494,0.13162085747902144,1.5965692506129483
0.20897613019085698,0.13624163834393313,1.5338638960235518
0.2170661946596548,0.13862507898692558,1.565850827613432
0.17685132677802,0.13541369757043548,1.3060076635602593
0.2027522736275275,0.14316248166439996,1.4162388865458293
0.19891018442986233,0.13422571884736875,1.481908133090707
0.23764960392246673,0.13873505368614897,1.7129744618118325
0.19785900735766127,0.12980133260044663,1.524321849350416
0.23167398156240376,0.15036218147688168,1.540772947604673
0.19127457616130986,0.12571369863383475,1.5215094157593259
0.1849864695914343,0.13237289813624536,1.3974648300064882
0.1963575199156266,0.13444146142402086,1.4605428848792856
0.1730026870192876,0.12609684383860667,1.3719826900720564
0.24010064763020428,0.1317421506898462,1.822504387342673
0.21838161415111884,0.13656492937346792,1.5991046541232012
0.17445612127548452,0.13573327375246103,1.2852863299653625
0.19564046829347467,0.1403341811672747,1.394104178085283
0.22250156004696234,0.135405353452572,1.6432257246379645
0.2009865998068446,0.1410235368134984,1.4251989727973315
0.23408465902440234,0.13669959910514742,1.7124019423374293
0.19698748461662746,0.13018536933631694,1.5131307428850622
0.19046572405718293,0.12412892337616627,1.5344185615788064
0.2068248344040161,0.12684127909157641,1.6305798544864363
0.19462822405238592,0.13155010610619922,1.479498799455656
0.22892578739790245,0.14574494019735904,1.5707288849129508
0.18610724484450944,0.13632278656436878,1.365195427226933
0.21721175459605027,0.1342189750651097,1.6183386476515762
0.22133987711459618,0.13029911118650248,1.698705962758129
0.17143904848552632,0.13987738620071527,1.2256380616057698
0.13824480020014393,0.12742127536616454,1.0849428386497963
0.2091429714657558,0.1313326043778647,1.5924680124671735
0.20812352512023682,0.15215817065234877,1.3678103793437277
0.20397079796690804,0.12703224216347586,1.605661637495315
0.2313982999641008,0.1375954635511538,1.6817291354818102
0.21059344340371108,0.1360488925170511,1.5479247166772583
0.23858185877434965,0.1595429172372648,1.4954086518271559
0.20724805515359232,0.14704203557671852,1.4094476748824765
0.22803409623588508,0.14356253836362332,1.5883955440959634
0.17293362241147564,0.1379342862650791,1.2537392050525829
0.17619995781412007,0.13689946502756897,1.287075576070635
0.2094867960934554,0.13390356149127253,1.5644602261539489
0.22632036541169143,0.14013751076646666,1.6149877657584835
0.21081837677786078,0.14212051193225278,1.4833775498807342
0.20525956754878252,0.1241873837055592,1.6528214173143432
0.2396893735817145,0.14734747711536372,1.6266947916186778
0.18685997789251022,0.1423747923261972,1.3124512762371043
0.1870483992485547,0.13912670426435222,1.344446418375205
0.21129045386856157,0.14013172659286025,1.507798833325207
0.17665496868952846,0.13847191185143426,1.2757458630242686
0.23631967333644055,0.13683691342868934,1.7270169825892432
0.2111036412138166,0.1373573692953952,1.536893450251116
0.22497138793259486,0.13797058893348202,1.6305749629079094
0.2262067804626653,0.15478052343795495,1.4614679898879017
0.1895040332502669,0.13702832708480836,1.382955169065012
0.19676362291405614,0.13990389559888186,1.406419900402178
0.21915774879419586,0.12962219106023934,1.6907425109975702
0.18312011938599435,0.12933600887948207,1.4158479218005668
0.20469450559679453,0.13587575727590823,1.5064829054173623
0.21528525642029944,0.13407768311231866,1.605675541394552
0.19400570335476824,0.13618686669425317,1.424555157659376
0.19384727916129713,0.1474792695614639,1.3144035750767586
0.2107498650903381,0.12611316448035242,1.671117095179794
0.2349665473619243,0.13404440999053926,1.752900754149375
0.26884174179021003,0.1437718818213591,1.8699187795583978
0.23032536759313052,0.1372146023506563,1.6785776706514566
0.2167076294762347,0.1441606120640119,1.5032374403350175
0.20494901227941267,0.1358413612946896,1.5087379155072165
0.222993085245662,0.13961278836274665,1.5972253534989491
0.19443251585553917,0.14674411433458198,1.3249765875599335
0.18747849028108587,0.13237126988305256,1.4163080134134807
0.21620755358006172,0.12352259731111005,1.7503481815194575
0.2449909607236933,0.1340659104222645,1.8273919145594175
0.23559650589001777,0.13438567258256703,1.7531370819703003
0.1947565467694522,0.1308680965956391,1.4881896492406235
0.17840386220788576,0.12289466649309945,1.4516810802192393
0.21106186341212685,0.13687929409344832,1.54195610672885
0.1534969631957323,0.14253820399566489,1.0768829611491437
0.20053123217658464,0.12615894851393336,1.5895125517349837
0.2271770464005218,0.13372643772969717,1.698819248140876
0.21013423431350553,0.14049269656329463,1.4956950749310733
0.22453191502265116,0.14660408567270303,1.531552916771527
0.2300198585137257,0.1466991717228794,1.5679697152499428
0.17337268092972138,0.12774753151312476,1.35715092789804
0.2568189798272189,0.15296188571151045,1.6789736778715272
0.15095853903572926,0.15448959589081784,0.9771437239205151
0.27949330448162224,0.1554685968560746,1.7977476489375137
0.21695263321493521,0.1392885569846066,1.5575768599491746
0.19904535406357934,0.13600194259821233,1.4635478748389266
0.21250823451689374,0.13932444088965124,1.5252760618304297
0.20843067089901324,0.14000723190474507,1.488713604743079
0.22195948532695317,0.14109833547470943,1.5730836553117054
0.228440393781467,0.1355727595360902,1.6850021683054621
0.23796242196261633,0.14147483474107173,1.682012369183091
0.20108199366724994,0.13819562985274933,1.455053201620829
0.19686342415821548,0.13280719504458205,1.4823249906914335
0.24452436458531118,0.13892488128023797,1.7601192985154253
0.2181528801019093,0.14389890205247816,1.5160149034518111
0.19555733975322867,0.13057566980580723,1.4976552679688528
0.18708239308840677,0.13420905214391587,1.3939625539400533
0.25036087151081565,0.13319999805252045,1.8795861499344688
0.22884868810350018,0.13208423846974437,1.7325964911091263
0.226504657978506,0.14520183205068865,1.5599297528107996
0.2129093792872072,0.1375212539869552,1.5481925383504944
0.22216709016606853,0.14980604358609753,1.4830315576579738
0.16483528908993678,0.15219051647009238,1.0830851547989147
0.21555720774227924,0.13484083590222862,1.598604801727698
0.18901750884888793,0.13320806147614725,1.4189644887425537
0.1990342350827721,0.1496576125086522,1.3299305778465849
0.21670261226983709,0.13999012739329056,1.5479849636898266
0.16202553507977907,0.13105951578437763,1.236274482704083
0.18674970932831791,0.14264896314847494,1.3091557429263687
0.2060298737966597,0.13417787244419377,1.5354981417099909
0.2190301912359925,0.1303350261500125,1.6805167245211121
0.18485937964129462,0.14037009988196528,1.316942709285949
0.19970244860266956,0.1427974366894059,1.3985016344308472
0.14529845367991678,0.12990576532854606,1.1184911871497074
0.20207556258982487,0.13857136946514412,1.4582778778169934
0.20752050155981014,0.13601840793691225,1.5256795363761486
0.22426082044096043,0.14858109338953424,1.509349644190712
0.23432457972581908,0.1535103734499143,1.526441337218634
0.21240142428959802,0.1396992060829237,1.5204196948944664
0.20764524356452319,0.14007569338915046,1.482378837759202
0.1916485732427547,0.13336714167756103,1.4369999299085188
0.20432349346898637,0.14942812300654018,1.3673697384263037
0.15802634811488842,0.1333330298105684,1.1852003088762237
0.18142144272579086,0.13020207671232023,1.3933836334011718
0.1864562592814047,0.1355121276465528,1.375937803646077
0.17766973220423235,0.13720264859738399,1.294943895183813
0.22199457244555504,0.14107343080754461,1.5736100779203759
0.2386092156469182,0.1291268413064589,1.8478668976392207
0.22843700647372672,0.14040566556898107,1.6269785520976432
0.18756431782097868,0.1352104630324212,1.3872026884191935
0.2516315535234827,0.14160323706535585,1.7770183700485898
0.16836122090829045,0.13364033961912905,1.2598083886056775
0.25418455595267275,0.1498610135153196,1.6961353055755801
0.19727253977506679,0.14254140685934225,1.3839665548533024
0.20250663283085504,0.12498460533932092,1.6202526085598257
0.24466640413771693,0.1309141281286183,1.868907562805912
0.20624201217224336,0.1257450732448204,1.6401597839996387
0.18487746602303043,0.14155964715680783,1.3060040042219008
0.221259606058781,0.1412483046497546,1.566458490297819
0.18744849968274938,0.13402642177342672,1.3985936295429369
0.18635320694611612,0.14309218639878912,1.3023297192955121
0.18885553949042203,0.13940969378485144,1.354680111283219
0.19765010639103137,0.14176073483389534,1.3942514238701078
0.2349906085546067,0.14966512294014717,1.5701093477107704
0.15619441692927177,0.13702508092864796,1.139896549381392
0.21271042481722446,0.13010531752663773,1.6349095399092677
0.2254647173223731,0.13120483585660841,1.718417738571616
0.21836801510033138,0.13945048204824986,1.5659179652371231
0.22330501308027756,0.13871837487673408,1.6097724131983786
0.20688660382625138,0.12945884306232228,1.5980878473219085
0.21963058866928906,0.14632387355165982,1.5009894375967856
0.1904648427544635,0.13927720975823646,1.367523395141824
0.2522450931522996,0.1497345181828138,1.684615519611374
0.21072156292573865,0.14215674238557435,1.4823184563008251
0.18638196972869397,0.144098760330041,1.293432152378052
0.21115414619571427,0.13948215177420514,1.51384348111816
0.18090231740191298,0.13895394155305646,1.3018869085684732
0.25497581544401393,0.13776784345745655,1.8507643659440154
0.19686907321326255,0.12961214253621026,1.518909180582849
0.20253538658834522,0.14783130973719671,1.370043916599246
0.23015178188788102,0.13806452401640043,1.6669871100308267
0.22994671362405097,0.12456247545026217,1.8460351947314082
0.20041087484719106,0.14092486807418403,1.4221114951953908
0.2035981571442066,0.1381150191788358,1.4741203263388833
0.17478207706136012,0.14788969975620028,1.1818407728833893
0.18151855295476366,0.13890563633930084,1.3067760080762558
0.21859468577822422,0.14663940941310755,1.4906953502684037
0.24946302614031135,0.12955835339129618,1.9254877791389904
0.2332701779153694,0.13619387155896126,1.7127802833212045
0.21357666051048022,0.12697077555578645,1.6820930609866378
0.21397194909034126,0.13440544753018696,1.5919886658037723
0.19707018891135247,0.1237697543091916,1.5922322057701404
0.24119874689763612,0.13689299952465497,1.7619509232405655
0.22645171656440305,0.15273257681984087,1.4826680809001163
0.1654507789625595,0.13366702488238627,1.2377830591212737
0.20197222311464763,0.1318656213767413,1.5316518513768735
0.20100898553939317,0.13913659424249264,1.444688125606028
0.22514579029682089,0.14721755677332282,1.5293406250688395
0.18056503749546404,0.13625853712391556,1.3251649497106774
0.20920941405622526,0.13748195195281965,1.5217227504015993
0.19336703681320666,0.13500847754586637,1.432258479824085
0.1843085006947731,0.14075277485936183,1.3094484345259376
0.19677344701981025,0.1352829526872828,1.4545324677726954
0.18976777628124533,0.13384952020052338,1.417769566875917
0.17081256381708826,0.1433752726637106,1.1913669675644303
0.21558239119986833,0.14055305286457495,1.5338150741384842
0.1826873390034002,0.13891304995811957,1.3151200629348934
0.2309886659524148,0.13375432685340796,1.726962195440404
0.26211422866772416,0.14921902029779982,1.7565738479224484
0.19798436875887612,0.1403951811754743,1.4101934774486553
0.2407489997163676,0.15174530615543017,1.5865334211377349
0.22589806451464514,0.12985704658107777,1.73959034540034
0.21244212325156447,0.15411337201998454,1.3784794951084205
0.1680313919838796,0.13109371958715657,1.2817653851995963
0.182260563605769,0.13463443193727825,1.3537440681643622
0.2057864702288957,0.13437606317916936,1.5314220803932304
0.19290889731947214,0.12977443788170182,1.4864938000758028
0.2246408753057247,0.13600273068124175,1.6517379774692158
0.19377863297555326,0.13932074176130366,1.3908814332007475
0.21556005283524649,0.14072769472891575,1.5317528880898714
0.18208812023285276,0.1393432954814904,1.3067591060169834
0.21680969543752568,0.1326359993412509,1.6346217958497793
0.24856322629868316,0.1415443497488471,1.7560801737386746
0.1701865160419192,0.1195249173334098,1.4238580526869637
0.2368314406466291,0.1432263311173622,1.653546794077726
0.1941249233875257,0.14753543391782784,1.315785084521774
0.26565327927834753,0.15747672809146918,1.6869367461333387
0.21198892303003306,0.1325762658004552,1.5989960325862882
0.17285431520868594,0.14124873271166577,1.2237583438113908
0.19584292611505102,0.1370965934187818,1.428503227040951
0.20571579871788254,0.13529403740246854,1.5205089793124107
0.19184178867886947,0.13533802395756223,1.417501032370807
0.23038641913482794,0.13193408775014495,1.74622361107412
0.19133315756889183,0.13263088331137945,1.442598833634367
0.20553470385220515,0.1430668506288649,1.4366340137408242
0.18630646799712255,0.13160205900170224,1.4156804947460033
0.20220362317624277,0.13456251561644023,1.5026742198593266
0.2198406186248218,0.13391688004194133,1.6416199254042514
0.15268421735051357,0.13895669597042723,1.0987899236105025
0.2037127343116919,0.13577452918702734,1.500375184737932
0.22645335832692234,0.13350894633378727,1.6961661712224414
0.21503005838635783,0.12990661077303542,1.6552664803336659
0.24882279694429266,0.161812685673966,1.5377211984828065
0.2018750446139384,0.13821046873719123,1.4606349754721264
0.20810812162555734,0.14289860921628986,1.4563341292606076
0.19491630867808926,0.13657190185527687,1.4272065192783143
0.2171283995011838,0.1353609405288535,1.6040698199411576
0.21689684820846217,0.1410964847834473,1.5372236136240538
0.22153764039891943,0.13390983536688916,1.6543791558845968
0.1946309745578593,0.14291480596624445,1.3618671154605904
0.1519312402063261,0.13340066140884071,1.1389091973141996
0.2229811619641452,0.14202446457904228,1.5700193809922607
0.21307305989138073,0.14234817759957838,1.4968443114933971
0.23049030648882118,0.13146315864531286,1.7532691962063929
0.21858332181512152,0.13978755423200426,1.5636822821317882
0.1937521466014697,0.12815584367901275,1.5118479270188692
0.20966638945992622,0.1439770490446867,1.4562486927680487
0.16195183095788349,0.12860455488583797,1.259300894137442
0.14784278113350258,0.1369651140416832,1.079419253347308
0.24619653916686826,0.1390766900507369,1.7702214445645257
0.22930846283772396,0.1286382633904744,1.7825836325360727
0.20230323685972762,0.13827768551417902,1.4630215721898485
0.18084711940231576,0.13603477956162496,1.3294182560158478
0.1972033601286884,0.1336275631664347,1.4757685873764628
0.16625668930974252,0.1351789836992402,1.2299004235721074
0.20026039025866693,0.13909827285805287,1.4397043625626382
0.2016628903500233,0.14372399416080908,1.4031261205028012
0.20623833899918279,0.1340108515717988,1.5389674536071938
0.17527581059875177,0.13260564422212165,1.3217824296012264
0.2018234426769832,0.13908901945463412,1.451037928575022
0.22059362337248486,0.12981183036441662,1.6993337414103122
0.21559115287110503,0.12970458635820825,1.6621706211351832
0.20061344892286062,0.1356273505298247,1.4791518682564353
0.2880146239398519,0.1679942055613951,1.714431893513102
0.18511799205113091,0.13982789627704145,1.3238988569516632
0.17343651613407526,0.14820967013025443,1.1702105266252205
0.16940091303878857,0.1374973410009602,1.2320304655026426
0.1815384495370436,0.1394483141117786,1.3018332325733712
0.24871188598750435,0.14914865344785216,1.6675436233453031
0.20820784318410843,0.12954553124983845,1.6072174869742415
0.18743905116493387,0.13591390864906133,1.3791013225063953
0.20140072855147184,0.14137944358314297,1.424540396023212
0.2139510507796834,0.14155057844204752,1.511481289122937
0.1823635852128583,0.1330221262579897,1.3709267047737106
0.2162336979181939,0.13844157389856893,1.5619130282108786
0.17933789585927298,0.13462209880070714,1.3321579254588993
0.17466263351720038,0.13234510243271314,1.3197513946993416
0.1672709423763031,0.14783738497940976,1.1314522534310247
0.16199150921751274,0.14335767215437106,1.1299814428004684
0.18555264237985597,0.14108644685532193,1.3151698587330094
0.216191262060214,0.12687014232789173,1.7040357809442253
0.1760529879842714,0.13671092239819987,1.2877755843931717
0.20658216100304955,0.13287695726016177,1.554687624270168
0.21337581247070994,0.1368668071953917,1.5590033613196925
0.1898168646207094,0.1407253340115459,1.3488464316249962
0.18284084242609347,0.13269646838505034,1.3778877814256316
0.19699305360366193,0.1439430210354852,1.3685488340216139
0.2134981344333306,0.15013620324217875,1.422029662552111
0.196239109649555,0.14159645151913328,1.3859041490389192
0.18825206854107465,0.13725295642240412,1.371570226594739
0.22787721737168742,0.1424232704719616,1.5999998919877976
0.24120209412767654,0.13824678189068956,1.7447212212027676
0.1698082197427837,0.12735813644175725,1.3333126919648317
0.19036481536810448,0.1432718806356507,1.3286962837614595
0.2516079228265225,0.14928429435719534,1.6854279541590322
0.18844170229265902,0.14190521039721818,1.3279406849486135
0.2380883950334955,0.14842080137790867,1.6041443842313952
0.20800897529219411,0.14814915641142135,1.404051027563988
0.17056305484620152,0.1362688221708494,1.2516660240326662
0.25246052439430006,0.13722080028304648,1.8398123598867493
0.1988993968529588,0.13883799289152854,1.432600635536089
0.1997812061048495,0.14606333837784288,1.3677710527747007
0.2299336764196691,0.14125713928542238,1.6277667633850919
0.22911916028585272,0.142015373490042,1.6133405465565203
0.22371235217366853,0.12998105639593371,1.7211150484284499
0.2111340614103908,0.13758379479304955,1.5345852447809998
0.19668454647426953,0.15074485327152828,1.3047513212274826
0.19994776446045673,0.12610563884416381,1.5855576823772646
0.17968233732483807,0.13679387026753054,1.3135262345705234
0.2684547080841885,0.15354359704679577,1.748394027804175
0.21707710549015674,0.13722309792335724,1.5819283252984135
0.20845789257257868,0.14937249924321758,1.395557372533177
0.20303072693481256,0.13715668900122643,1.4802830865434284
0.20918189758662595,0.1381380403107477,1.5142961136270785
0.23935530603072405,0.14087605335308476,1.6990489180642772
0.2056930390697996,0.1305105722123364,1.5760641883873119
0.19960179034671577,0.140770510392259,1.4179233263452877
0.19599188940085174,0.1349284126458197,1.4525620331376803
0.19024362832531655,0.1267167540545882,1.5013297155904235
0.2121378350016999,0.13613665380585746,1.558271259584701
0.18745623636269565,0.1339665926277475,1.3992759887801256
0.2344338577042526,0.1320922061416284,1.7747743379567311
0.2015381540315898,0.12869667891880768,1.5659934329675784
0.17958717883429384,0.13724696069140344,1.3084965811235076
0.20549788433906138,0.13911875024030962,1.477140097823553
0.1597180034715519,0.14185483483803302,1.1259256947703946
0.21695939649809665,0.1339290432867449,1.6199577864047159
0.20243711258939748,0.1297277742113661,1.560476265164048
0.1924244441381693,0.1343300913421994,1.4324746020456234
0.22891990409408147,0.13897427632779094,1.6472106215839595
0.20592243853554246,0.12371432811776371,1.664499510028659
0.21271260158918043,0.1314876404041823,1.6177383740047295
0.18439049291849965,0.12347661929766603,1.493323140585734
0.2079226002251034,0.15493516582539987,1.341997467891933
0.21054821499085233,0.13114298718018588,1.605485886192042
0.20512387212438124,0.13592471237160306,1.5090991810495458
0.1408407995298795,0.13063187811924837,1.0781503072420946
0.2116055342141372,0.13295938184125924,1.5915050994052748
0.20707821343371746,0.1325181197645194,1.5626407452934665
0.2088567251585061,0.13630717727268266,1.5322503872315394
0.19920064208030813,0.13247749336207448,1.5036564855274888
0.21606030187025782,0.13271563101958447,1.6279943832567425
0.20352881948169763,0.14082177459751238,1.4452936704100656
0.22554741808199236,0.13224079409739306,1.7055812438322215
0.1866926361115664,0.139869332754101,1.33476461519827
0.1861368348972013,0.12840785262055066,1.4495751708210685
0.1843361799913177,0.1362014179672608,1.353408670353397
0.22496681384813463,0.13100966416332743,1.7171772424946643
0.18670001500705372,0.13473807739568247,1.3856514699907414
0.22619939969820752,0.135482188214331,1.6695877345910821
0.2097368133684931,0.14644732265846838,1.432165570261895
0.16767617907503565,0.14464985768524774,1.1591866162764726
0.22443124926636873,0.1407130656267595,1.5949567175351802
0.1370373037207411,0.13393656950031116,1.0231507663067534
0.22352709476198881,0.15018485961271522,1.488346397489086
0.22783815297789478,0.15105486979831442,1.508313854972699
0.17391028193491123,0.13804041434486378,1.259850477559669
0.19512632061578977,0.1394041327664864,1.399716900378002
0.23144987685173368,0.13318499217536967,1.7378074892024993
0.19284534226618186,0.12907332647185324,1.494075867861322
0.1974689654953148,0.14105817825980083,1.3999114970251256
0.2205392646765353,0.13280755132130395,1.6605928087852495
0.20378304312203058,0.13660983623489673,1.4917157412562259
0.20617563835244876,0.1388951993081314,1.4843971525254762
0.21505971709505503,0.1404025173443723,1.5317369030326375
0.21002508608240025,0.15000995402525585,1.4000743313809707
0.18397382769637385,0.1367169815987546,1.345654545214519
0.2251324437527623,0.13306085796145237,1.691950940358306
0.25514217196628053,0.1472454661952805,1.7327675925036958
0.169114232137185,0.13407230749636528,1.261365865145341
0.2625604326266553,0.1546707722629011,1.6975439430816905
0.1875448424207791,0.13972449982260376,1.3422473700667295
0.2034949657698183,0.13349200765532918,1.524398121985204
0.19841721826502148,0.13426875718198922,1.4777616359112105
0.22080417648289932,0.13650883959431973,1.6175082664176952
0.19497205893751288,0.1360371437781683,1.4332266432721343
0.16857627968806027,0.13593288065096537,1.2401435096554254
0.21138017306093845,0.14283687455799549,1.479871172727968
0.18554427468999246,0.13934251462116837,1.3315697308494339
0.18274161340255438,0.12852187088563885,1.4218717183564908
0.22907013662700088,0.12952800522305966,1.7684989144434065
0.23865232477772613,0.13297560276770432,1.7947075990670933
0.26078658546922734,0.14024519653906667,1.8595045812965343
0.2382751580819108,0.1292265279704939,1.8438563801413579
0.18825183188350358,0.13701701567806238,1.3739303177192492
0.2036774433848489,0.1374998871943166,1.4812917126034388
0.19581842191253634,0.1408243738705096,1.3905151255463397
0.18696223687366303,0.13710574344959364,1.3636353384597555
0.2227579165458752,0.14517530440179824,1.5344064024095545
0.2357119944326467,0.14283673281309886,1.6502197284299036
0.21038233074818544,0.14539145356329125,1.4470061725918615
0.24917615999803008,0.1371933268373104,1.8162411083850576
0.19739462191074342,0.13910979469673723,1.4189843521879142
0.17298313186199818,0.1280417394251835,1.350990174286679
0.19120736997877105,0.13604392674713547,1.4054825860339046
0.19488492767161733,0.13325496117872276,1.4624966001095892
0.2075360604974321,0.14587210384175509,1.4227261760930745
0.20878324236136164,0.13639928596564352,1.530676945141416
0.22744219520265363,0.14124157406306334,1.6103062905621708
0.19313028775506363,0.14462703220628037,1.3353678410520342
0.20722430464134844,0.1427380265921099,1.4517806473079202
0.20322038094665812,0.1374512742015084,1.478490338683437
0.22553353266406917,0.1321460859530889,1.7066985453063837
0.17717883662318964,0.14008160662243943,1.2648258461279502
0.18065921254803008,0.13925168903802726,1.2973574237846057
0.21941846384080887,0.1326635932164593,1.6539463353958521
0.176750696996468,0.13740355969031406,1.286361848228941
0.22793667960587077,0.12543187987988022,1.8172148884649917
0.2162536837923346,0.14304000650534124,1.5118405617819899
0.23928708931736647,0.13004263261826363,1.8400664805040265
0.21231465896060153,0.13112388658978583,1.6191913196168197
0.19378684947002867,0.12648154236104459,1.5321354076854903
0.2142615669887648,0.13319769991649325,1.6085980998402647
0.19126768200208957,0.13684198423269306,1.3977266047008519
0.19663991975807263,0.14448360879874217,1.360984276299337
0.15233593095839332,0.13322812038239587,1.143421753013955
0.19453782969136266,0.1365638680686831,1.4245190359833853
0.18945351683683512,0.13451654884418937,1.4084030438238442
0.21564742183084837,0.14041148145012813,1.5358247032486643
0.16193122266082105,0.14265885342901533,1.1350940987437232
0.25142582456249923,0.14464468896156696,1.7382306005670538
0.19632154626827014,0.13413966621071008,1.4635607185713668
0.17898945794511673,0.14642681624751358,1.2223816820722282
0.20888003908342734,0.14596534122369373,1.431024908600159
0.20365241795985267,0.1351359705083587,1.5070185768729574
0.2021528142538123,0.14467062429271685,1.3973314571781335
0.23112475215197678,0.14168307596495452,1.6312798870144924
0.19231724706576728,0.1372653418420424,1.4010619467736851
0.19433528969226013,0.14676707904854364,1.3241068157252294
0.2339552809516632,0.127572772475389,1.8338966568810537
0.19883261690903015,0.12528949681707488,1.586985517224398
0.24214582484142233,0.14100306251108102,1.7173089756287583
0.21797405254713764,0.13671676266410082,1.5943476739767288
0.24684673961291542,0.12222964223831216,2.019532538037183
0.22952086213812933,0.15111426321156857,1.5188563757002016
0.21394437595095894,0.12993089645338401,1.646601245668438
0.20311522024842252,0.13553482582154805,1.4986201444332412
0.20891019583438364,0.13117866442112916,1.5925623023856168
0.21278124602461476,0.1378895803500838,1.5431278091092213
0.24475773059911313,0.14280277163825975,1.7139564435004115
0.19761070866106192,0.14821445307631767,1.3332755649633536
0.22522975043067414,0.13257836481746163,1.698842422297017
0.1993417712174064,0.1508659359394975,1.3213173005293217
0.26799761542446354,0.1374456589780805,1.949844159626774
0.19805687634682664,0.1278901311744861,1.5486486293192472
0.24450801379835366,0.1361524252543907,1.795840311632412
0.18722314128391934,0.14237391563710888,1.3150101298128574
0.20146767941042035,0.13470404121257082,1.4956320359572035
0.18170766103103378,0.1464239387130607,1.2409696298848834
0.19973142187878135,0.1315693806498886,1.5180691806270235
0.22761514260706014,0.1362882155776443,1.6701014217724957
0.196210453406559,0.13110492131867824,1.496591061823133
0.20896551420953907,0.14447293884750148,1.4463989995393725
0.2558292328270607,0.14151899103639046,1.8077378234082824
0.19374521151959384,0.1462649018970008,1.3246186132612217
0.2089998936490556,0.13917366642809456,1.5017201099393143
0.16576892373264382,0.130309547700134,1.2721164846194408
0.154858653841301,0.1391264156375777,1.1130787286628987
0.2610688186738763,0.14891130870685484,1.7531832937403935
0.16985466003089733,0.13830035320344708,1.228157818086207
0.19210764237281006,0.13519693820555478,1.420946693931246
0.19154215278318223,0.14084956845648774,1.3599058547513747
0.21917367033424137,0.14829598001202673,1.4779474825714527
0.15594898020780237,0.13708717851318517,1.1375898307864223
0.20268089859638308,0.1278969178293652,1.584720742581081
0.20972178791948212,0.13546828391859259,1.548124637391221
0.2313898176146346,0.13975653566469534,1.6556636619112135
0.22241539370509708,0.13953051450148177,1.5940269015687971
0.20875070635226164,0.1361984995176687,1.5326946118461529
0.17881989477654117,0.13596015879173695,1.3152374663702515
0.23671671026789473,0.14530378588719903,1.6291159161651891
0.17313848683235483,0.13483206655675534,1.2841046737162858
0.23809262288177174,0.13994950681419566,1.7012751834693927
0.24684079696438,0.14112857259437586,1.749049058080085
0.20332743500870157,0.1281016679663795,1.5872348755214116
0.21481240230840398,0.14762353600312592,1.4551365461389256
0.21688470052856823,0.1304980604364401,1.661976429406039
0.2056505444534869,0.13314711783668612,1.5445362077287403
0.15896729794975806,0.12866375655100348,1.2355250787873737
0.18656775116266427,0.14045394709064274,1.3283197448503297
0.23277584259710132,0.15638995464768268,1.4884321894043755
0.16876452477173573,0.13711756691249355,1.2308016293742932
0.17599918615442894,0.1408597506023265,1.2494639909686314
0.1929617908162292,0.1348565345233655,1.4308671915545648
0.19911630416583603,0.1349278001162504,1.475724824641641
0.18884555197691216,0.12825913049243845,1.4723751147529072
0.19361459363935352,0.14187504441410148,1.364683933238011
0.18364300024261618,0.12958635667201482,1.4171476454687248
0.2520088743999185,0.14732018768260183,1.710620101454569
0.21137031811729032,0.13559197471468293,1.558870416645695
0.21054103034186805,0.138682748273219,1.5181486735976777
0.19797998329928235,0.14860592586349036,1.3322482407676466
0.21894491242045336,0.12956522927274222,1.6898431288193978
0.19051845011868487,0.14676518966623833,1.298117425201076
0.2235039253216663,0.13737372050283464,1.6269773032539685
0.20364180583357736,0.14513634792790464,1.403106862897879
0.2081148645347829,0.13103733959888025,1.5882103923343183
0.1794148828028478,0.13986023731356426,1.2828155181847913
0.22767596008305432,0.1415257602168962,1.6087245158346304
0.22888526614000076,0.13430860914277076,1.7041741970292799
0.19952196584050594,0.13579988590851258,1.4692351507196588
0.19535572713085975,0.12814569294092285,1.5244814136743696
0.2392965465578055,0.13825712129745513,1.7308081081984035
0.2528867466446528,0.14610365959792687,1.7308720899982244
0.24591646996163538,0.1253828042994728,1.9613253295425728
0.2367561513209036,0.13054514814748655,1.813595945009175
0.18074122232852896,0.123144810987825,1.4677128567471542
0.1867581983631649,0.14143310931375033,1.3204701449988414
0.1956821183200347,0.13527058537358655,1.4465977047382863
0.22560171630411585,0.12982227551671335,1.7377735477689407
0.2263430077232049,0.13360053036130934,1.694177464049602
0.19243859911188815,0.1415198108356654,1.3597997197392406
0.230091421255664,0.1344991254522942,1.710728010177848
0.2483342956220549,0.1405232967499604,1.7672108566021447
0.2263881418777372,0.13131329201395167,1.7240306628949953
0.20158536370841335,0.13189917704512383,1.5283291998057673
0.19447787239072362,0.13847430267374575,1.404432942687755
0.17690447855706404,0.1506128490979957,1.1745643191568722
0.21681894588422854,0.1342694931433559,1.6148042329521333
0.19993053012950054,0.13691490745466903,1.4602539186296808
0.24076822497441158,0.14220617168030694,1.6930926564543314
0.2095237628005858,0.1437124037560687,1.457937918540577
0.2401771492725673,0.14255542632923912,1.6847983654993657
0.26243698965143264,0.13617943760406848,1.9271410887629639
0.20303224605765638,0.1357423031716954,1.4957182935142073
0.2076089944799364,0.13954035014021132,1.4878061741376536
0.18488017821185992,0.13185462521291133,1.4021516341449984
0.19453670387591146,0.14415706310816698,1.3494774358016892
0.18424316909161714,0.1413117820567372,1.3038061399412741
0.23623878300011744,0.13159167622516474,1.7952410804152419
0.2394173284313303,0.14186167794210613,1.6876814930177035
0.23995480674162448,0.12740610083963064,1.8833855298943794
0.25922961928726884,0.13456736573621159,1.9263929101163277
0.20843821237763815,0.13326756414036456,1.5640580941218363
0.2402514831087398,0.13686966674459233,1.7553303724854146
0.251201371204195,0.15055002256868671,1.66855751276681
0.22546752909426257,0.13890121345339732,1.6232221698330165
0.1511885645825406,0.13759740454055266,1.098774828546874
0.19823277518786958,0.1422932974819054,1.3931279877260394
0.17305030214603662,0.12477935892358462,1.3868503864650668
0.230923911875369,0.1295822624656692,1.7820642075650492
0.1347688633964252,0.138986374045213,0.9696552221197178
0.24421683851490272,0.14391346149003448,1.696970081786365
0.19367383893926474,0.1304410192224519,1.4847617727440219
0.23258707702625375,0.14132451223485476,1.6457659987514253
0.168900323503755,0.14527791231166376,1.1626015325813206
0.18392366670906052,0.1278126665661291,1.439009697946487
0.20519264452117916,0.13939760756147332,1.4719954532267758
0.22032140499235672,0.1329585088162273,1.657068862714764
0.19421505240577042,0.1349669911555802,1.4389818632164166
0.20937699778868066,0.14958106380237754,1.3997560417494015
0.22620837767217816,0.14287231689233568,1.5832904693681287
0.215742629839262,0.13696917091851496,1.5751181699684127
0.21335975968886395,0.14010153221769636,1.522893835003428
0.22508563833746018,0.13517223273147047,1.6651765957333062
0.2130231978457527,0.13952141931636808,1.5268135809507328
0.194551505549206,0.13570711265563373,1.433613181667891
0.22636471725533477,0.15268915579415332,1.4825199345558409
0.19551231309433786,0.12803876766406763,1.5269774667567797
0.2212640816478139,0.14193914138712238,1.5588658595893716
0.251344143395178,0.14506175745646083,1.7326699179872893
0.2162583064683349,0.14042787185249195,1.539995612092567
0.2269990756237304,0.12860354214998954,1.7651074910439306
0.21898765919416371,0.14226122004815436,1.5393348877511244
0.19002084486610213,0.13632045998291356,1.3939275504932964
0.1781625909638265,0.13639769790576042,1.3061993985186038
0.1880018780935033,0.13335952353629346,1.4097371759305892
0.18675540112782038,0.13314514461335145,1.4026452235276858
0.22543665027332513,0.12826963327925817,1.7575215934587016
0.21389953136349713,0.14080380920039548,1.5191317094203751
0.1997737597113711,0.14496671421924956,1.378066411915984
0.22403192140237302,0.13869993859516744,1.6152272572828572
0.22676949076856723,0.14332884512336794,1.5821622686862449
0.17954108691755097,0.1414217555840087,1.269543615663138
0.20841470076137175,0.1368396789763009,1.52305751022309
0.17862592246873113,0.12968903574465498,1.3773402002959454
0.25922649729249997,0.1387185238196633,1.8687230094049971
0.1920780713438584,0.13523150648610407,1.4203647976338687
0.19560709517579375,0.12979322457218542,1.5070670739596694
0.18904082871444874,0.1488559113360739,1.2699584921934934
0.2510388578061593,0.13750304495939786,1.8256967173365979
0.2445213607223412,0.13859469650756326,1.7642908919606273
0.17139469967289728,0.1319462302666008,1.2989738268883455
0.20214863206431993,0.13515016536443228,1.4957335162648626
0.21461267130188783,0.14229232559750457,1.5082519060722384
0.15667774545602273,0.1282078860705486,1.2220601263935364
0.2230654665429414,0.14376781402930283,1.5515674912986859
0.20195674774296501,0.12939952746168787,1.5607224516546987
0.2081096011014552,0.12979326768501492,1.6033928786391298
0.22245787732809102,0.14564603847933233,1.5273870793242246
0.22520185083323516,0.13483594099527588,1.6701915614704343
0.15709537120533965,0.1352462872076637,1.1615503423330786
0.24785822823348327,0.12804573198805905,1.935700818646555
0.20337885716379117,0.1306069943074568,1.5571819736163977
0.19478332175590296,0.12780125125293834,1.5241112261913368
0.2145665440862402,0.13913761483269968,1.5421174521658787
0.16905201002304213,0.1347310789237558,1.254736556505337
0.21357725937370492,0.1322053672194614,1.6154961320077563
0.19440490402405408,0.13062778466317038,1.4882354816422545
0.1916518791234938,0.14156200004864347,1.3538370400081834
0.21695006428988178,0.14472069231049067,1.4990949865305148
0.18338871009037747,0.12926074073995372,1.4187502643151193
0.2127567446096948,0.130176217051376,1.6343749221543837
0.1723599180838974,0.1366587200443521,1.2612434686052862
0.19069900316829144,0.13162893564526937,1.448762023588884
0.2093678047935901,0.13533390027738515,1.547046263829406
0.26244691976942003,0.13392556418011026,1.959647669779217
0.22736911732810502,0.14329273080361554,1.58674565034089
0.1726817045413182,0.13360251841847512,1.29250336434855
0.2347834401808587,0.1366951201543513,1.7175700194399734
0.20259198109903348,0.14039087578154083,1.4430566087092613
0.22735745879650152,0.1432596154323833,1.5870310562421641
0.2069837156575069,0.16009288216151502,1.2928976782908093
0.18468261956587342,0.13794332258026712,1.3388297172442647
0.16431166837771757,0.1318583446495391,1.2461226387638555
0.17916358436410637,0.1338416272594077,1.3386237752239596
0.1931309627712379,0.14379213258807938,1.3431260757812058
0.17781834129607813,0.14151161340244262,1.2565635923490137
0.18873864779760793,0.12914990176850843,1.4613921126777771
0.21841577018755814,0.13464815268858962,1.6221222930009582
0.21257419096359903,0.135452985299031,1.5693577405792307
0.2360834802317946,0.14321671150955664,1.648435282051851
0.24899287586528474,0.13832535437979077,1.8000523257771057
0.1898158602553568,0.13860936688951597,1.3694302521896444
0.21718975814831673,0.1356764600279566,1.6007917519631927
0.22284632542849964,0.1315869175394868,1.6935294905865366
0.20874863364287066,0.14080156500522537,1.4825732486362895
0.2312232744375707,0.13985318421290438,1.653328637019589
0.16391755497355767,0.13717561129227668,1.1949467797471856
0.2372943869988503,0.14783985249834738,1.6050772710389634
0.20700529680618304,0.1375978245459863,1.5044227442491303
0.21457262680969333,0.1373318529650755,1.5624388819996533
0.20213444149154897,0.13278431423980414,1.5222765026786278
0.17891199415232212,0.13479866140232483,1.3272534926614374
0.1985614933271406,0.12233937935738211,1.6230382593906723
0.1765684066758165,0.1461182243323106,1.2083941444172928
0.21703113775031052,0.13549356342316426,1.6017819021593938
0.23722978807424433,0.14187115694857694,1.6721495276184388
0.1962856969965287,0.13815078324393784,1.4208077029135617
0.24482877576441275,0.14232665863715938,1.7201891627946333
0.23493124626546846,0.13543811105929288,1.7346022063362867
0.202345606801479,0.14506817366293243,1.3948311451940614
0.2172825858255015,0.13265261472792406,1.6379819295017817
0.17281239365145978,0.13091429769829685,1.3200421702579856
0.21102481960713496,0.13585176360890386,1.5533461914756046
0.21804831185826623,0.13362673865266397,1.631771560518582
0.16678729409903068,0.13591535556098186,1.227140917305678
0.20879590784251972,0.12921544893897902,1.6158741818954014
0.19615927866388463,0.13913767839484503,1.4098214152116557
0.22425530352005843,0.13064063547125604,1.7165815422675266
0.17905323885214436,0.14034155985814697,1.2758390246846762
0.20334472623787941,0.1335981510901116,1.522062428099951
0.2023594017820394,0.13948385919701156,1.45077289191017
0.19845412684313948,0.1414895213010547,1.4026065324009276
0.21678763451534053,0.1272645443159222,1.7034409362059688
0.21005439304813203,0.15172202717252803,1.3844686692016868
0.1922310344206236,0.132881282347508,1.4466374121669408
0.18211094481943035,0.13689161083569146,1.3303294753249333
0.23796368360361653,0.13676719942534088,1.7399177917181616
0.2170799937244603,0.1368249223326694,1.586553019899859
0.20789901096498836,0.13297702161091934,1.5634205703093957
0.20916164373690554,0.14047849628924744,1.4889228548278195
0.1982964013741588,0.13245905355014673,1.4970392438980185
0.22013153969104338,0.13632765707541067,1.6147239996156904
0.23344868039882904,0.1418677904663268,1.6455368736728124
0.16533736944398894,0.11835426015100978,1.3969701575003113
0.2352481989025667,0.1423611288474701,1.6524749473897369
0.20146137601325562,0.1392101256728242,1.4471747298521673
0.2407993707250817,0.13273515047538903,1.8141341601125416
0.20137177504452844,0.1387200538450017,1.451641413501255
0.15835135487862334,0.13624985481844762,1.162213017324869
0.2026912445346554,0.13808515274034366,1.4678713859686094
0.2276399199667171,0.13620116497873724,1.671350755349667
0.2419536251423466,0.13608138124010924,1.7780068289829507
0.20817393663452657,0.13382174297236357,1.5556062266915622
0.2109747393479794,0.1397128087801036,1.5100601096642199
0.23786024491418242,0.14817097100970225,1.605309348337923
0.24827881028615859,0.13157155027872022,1.8870250427254718
0.1762795898976543,0.13418476907465426,1.3137078903461867
0.2290188596388553,0.12662889801180408,1.808582900385871
0.17910800233347632,0.1403508257226162,1.2761449846220232
0.20382490751581508,0.13844160842173564,1.4722806953737626
0.17304152770377604,0.13092543020757413,1.321680039007162
0.16810704725945336,0.1482345211195636,1.1340613912994053
0.1965925005206689,0.1345184433941505,1.461453876214105
0.23058713380979526,0.13977286535746236,1.6497274576154664
0.2342018578078915,0.12744181791799897,1.8377159211475318
0.19940976927582693,0.14076324696750198,1.4166323495071458
0.19550255034139422,0.13375415715146735,1.46165588049724
0.25649676451791764,0.14370908977636418,1.7848332691903503
0.16786228681822435,0.13558187672941585,1.2380879426328588
0.21425822210063777,0.13130502514811418,1.6317594993714144
0.21103262826992164,0.13115462306107897,1.609036901212726
0.2132854607623289,0.13589997140151347,1.5694297692836279
0.20245687116953698,0.1437140157866447,1.40874827038513
0.19816722492410394,0.13469024122284026,1.4712812385289535
0.2327048022367623,0.12571859695347845,1.8509974488728471
0.13423304235056813,0.13443948846312712,0.9984643937959076
0.1908967742239321,0.14528569216535375,1.3139406322727711
0.2090261994818047,0.1347321446546042,1.551420412832133
0.2233269162261751,0.13625923795099415,1.6389855072174628
0.2347655800822343,0.1400930972948061,1.6757826375142764
0.2306082559812829,0.13935086118457743,1.6548749969749403
0.21892266398731558,0.1368122390138618,1.600168709797479
0.18633131734316488,0.13142800701600502,1.4177443725557968
0.2020611016030653,0.133180903000011,1.517192758507191
0.2369916402148264,0.13630552960426942,1.7386795745035075
0.24791990563445201,0.12923992188010056,1.918291979969271
0.18095977445083372,0.13567872470720843,1.333737288888444
0.23550462174358733,0.13722614517651713,1.716178950014608
0.1804288428745206,0.13442827064108734,1.3421941829204296
0.2206327238511836,0.13022936486931977,1.6941856705865084
0.20904959597327577,0.13997847625229817,1.4934410030045142
0.2268852610929104,0.15385695882567463,1.4746506288999215
0.20981233233739294,0.1410277171016204,1.4877382733651454
0.23662776025336607,0.14162036421170063,1.6708597070096785
0.190404881227958,0.13610042345876985,1.3990028567812582
0.15543978380016296,0.1437137504486066,1.0815929812906087
0.21831692292627922,0.13263434378315198,1.6460059792900423
0.17167606075201203,0.13471702211729403,1.2743457215268528
0.17762396583461648,0.1467800036156365,1.210137358353997
0.2014812537142285,0.14325534714312196,1.4064483995346775
0.16579956571039442,0.1463517186163894,1.1328843096470964
0.2185299469617025,0.12811783089436243,1.7056950264939155
0.23317942541552047,0.14725925417494565,1.5834619475832785
0.20595829160754847,0.13850127108404825,1.487049829907803
0.21796396246666147,0.1535140855424729,1.4198303803617889
0.21084558536952247,0.14289573333419822,1.475520510303874
0.17662207845557315,0.1478121683304374,1.1949089202232022
0.23791262241794545,0.16257280254758094,1.4634220404013423
0.2090165702051747,0.12925169483516255,1.6171282741919786
0.18187716422582484,0.12775401473789974,1.423651261363208
0.22721710523134483,0.14157845108101125,1.6048848076557294
0.23288403777390565,0.1327133712105268,1.7547895562420417
0.2029667622651459,0.13239020192111886,1.533095042683583
0.21043897108428403,0.13166687689100018,1.5982681146033026
0.22551077161556804,0.14980999475687554,1.5053119251592404
0.21632515781703132,0.1318751223731158,1.640378821450342
0.1479489745103196,0.13834970939410868,1.0693840641823544
0.2267319782256542,0.145608943432281,1.5571294790082824
0.2015282867431876,0.13414825858289733,1.502280304433863
0.2107211809807979,0.14714596553386053,1.4320554438327957
0.1735253796277885,0.14034083694079577,1.2364567820055965
0.2060694506966917,0.12501124271158012,1.64840734502676
0.190006200523236,0.12989178816295932,1.4628037939154281
0.25403455406281156,0.13679278884524343,1.8570756266268262
0.19316234736298113,0.14223069635268007,1.3580918347190625
0.19829384734724614,0.14840056711659122,1.3362068029797767
0.21508220081937848,0.14649913503823306,1.4681465577475714
0.1988170163864673,0.14012201838492352,1.418884902444847
0.19554318126741382,0.14636676995212508,1.335980710180144
0.2051210807373878,0.13812964904802122,1.4849895163787523
0.1793086970741375,0.13983386716052398,1.282298063517745
0.20563661223325974,0.14189692770228732,1.4491970725730166
0.20141499106498353,0.13761432376745866,1.4636193787889082
0.22041007311297106,0.13682186371489832,1.6109272825887617
0.22218993966938258,0.1468398091090365,1.513145113832139
0.21792789416161118,0.1351056028636538,1.6130189240304131
0.20638923072557266,0.1378090206161698,1.4976467418661565
0.23934007365389906,0.14455236816531614,1.6557326364946146
0.18412567522825465,0.13823264820753972,1.3319984650211727
0.18505255074513247,0.13360686544544675,1.385052707644665
0.24573100969966474,0.15537168258446998,1.5815688265206862
0.14548686712294845,0.13184075868014167,1.1035044744843554
0.21179732578739296,0.1326435000576685,1.596741081887249
0.19645807574734947,0.1441314119284228,1.3630482982079761
0.22527247959610391,0.14144153763943987,1.5926896960803998
0.24723867449316256,0.13802382466450608,1.7912753475287657
0.21646320176170622,0.12765442611770492,1.695696799123239
0.21975757047132005,0.1423184756662432,1.5441253810691622
0.22844030402899257,0.1454391816523095,1.5706929964382472
0.18629581965695083,0.129800273890749,1.4352498193782959
0.21774926830648525,0.1387271942348017,1.5696220882110201
0.19997636672525834,0.14212579414902146,1.4070378140900976
0.1923956941151356,0.1367197566008505,1.407226716156535
0.21540915724587628,0.13861878437318953,1.5539680153733832
0.212288680701283,0.13700405117313916,1.5495065940276667
0.2146686136507871,0.15007781498771788,1.4303820565908107
0.20373146687693533,0.13814042444145494,1.4748142529653108
0.23614609572219547,0.13955915353845746,1.6920860419028132
0.18139236899701433,0.13812579168801903,1.3132403932693493
0.24055444645406418,0.13298951749621035,1.8088226123605493
0.2083802431859818,0.1350100205764942,1.543442792588254
0.1977725673057876,0.1336493353863551,1.4797871364946507
0.1774399305393459,0.13588168111643037,1.305841442948489
0.2532292186483423,0.1375741498533539,1.8406744211632058
0.17359639245025318,0.1352251626256223,1.2837580601094454
0.20887591549477036,0.1316693857811748,1.5863665973342305
0.15160956226801173,0.14152521381098132,1.0712547834091166
0.21349228916486826,0.15306826576486937,1.3947521264323801
0.2108180221474638,0.14134600774198014,1.4915031949986253
0.19052415578535514,0.1460198525442135,1.3047825515894569
0.2178190788859241,0.13202406339106107,1.6498437731062288
0.19724993402398278,0.13293562421332564,1.4838004123518471
0.14660129710748385,0.14271276126224516,1.0272472889659336
0.20999488169760558,0.13724242451041682,1.5301018066878203
0.14838635195577055,0.14312965119983267,1.0367268466867054
0.20273626880416218,0.14479361199344248,1.4001741237959022
0.20175728602093007,0.1394752420924264,1.446545515850269
0.18275538315500117,0.1280807008150744,1.4268768205669584
0.19947286810572445,0.15075815752892366,1.3231315066148552
0.23974712567128262,0.12957397679409666,1.8502721889308056
0.22612618026391873,0.1289402870974022,1.7537279104482042
0.17783818599728402,0.1330664094586695,1.3364618968885658
0.2440422147646142,0.14781332159130536,1.651016377531761
0.2504489136681941,0.14287672415787686,1.752902126951423
0.1658752369703412,0.14025722345125802,1.1826502256975444
0.18713675030725313,0.12705194413861434,1.4729152833984653
0.18652981876661678,0.13995969399692115,1.332739544077026
0.2143507319967885,0.13510192052503006,1.5865853806058676
0.20516666273307743,0.1527455289290906,1.3431925907849154
0.22538077274720142,0.14273234938112472,1.5790447906479028
0.22585644660892013,0.13840654150742465,1.6318336124077222
0.1837791100794395,0.1412993943261111,1.3006362196803731
0.19248660571947857,0.13449090860412222,1.431223922250896
0.1884818646379398,0.13369295124693484,1.409811533667233
0.23909504232724862,0.13995683213562968,1.7083484863071627
0.23290358924251486,0.12595288719534128,1.8491325957562443
0.17022349672147252,0.13289814084837567,1.2808568700421594
0.1648857710363672,0.141799998669866,1.1628051663120866
0.21902168970535668,0.1406544087320807,1.557161923893551
0.20647570152687122,0.13803966776994353,1.4957707799687185
0.22598695911658187,0.13988286667272382,1.6155442370602187
0.16543640305840837,0.13134634648973123,1.2595432418163404
0.2271160184525301,0.12885275988040434,1.762601116680229
0.252239006071442,0.14221151266480841,1.773689073021589
0.18533952971993276,0.13680483291436293,1.3547732618185468
0.18187086649181256,0.13353000615748592,1.3620224526711486
0.2272558290131936,0.14223137222370136,1.5977897524307498
0.1880365617459678,0.12870853657458955,1.4609486421826907
0.22675944634424178,0.14236851874747342,1.5927639645282607
0.204097496560264,0.14753359441093117,1.383396760413653
0.20009989606944695,0.13692918457429465,1.4613385502261376
0.26032561807842947,0.14642780961814114,1.777842738734633
0.18060424165517058,0.14122168311893132,1.2788704798474384
0.18240654155511757,0.13002301037682232,1.4028789290947923
0.23449165314093415,0.15266669534276098,1.5359712386153583
0.1992387470576226,0.13792746167592132,1.4445183333088532
0.190221998590352,0.13311879234886645,1.4289642749450002
0.18898818190287683,0.1398169858887432,1.3516825634709413
0.19560644461061305,0.12581156728393417,1.554757236027148
0.20267825708140455,0.13341908674163683,1.5191099117166542
0.21908474190687433,0.13980331370424026,1.567092625360492
0.21797264365816924,0.13081130294221066,1.6663135276197378
0.19174830327851944,0.12934008574742098,1.4825125727299346
0.17685397894136162,0.1278772947395762,1.382997500076359
0.18994527454385382,0.13347922441451007,1.4230325009530511
0.2199052927311167,0.14316323400578465,1.5360458588287493
0.2402651258773073,0.15084538887420032,1.5927906558527942
0.226127892552587,0.1354147319023102,1.6698913727918343
0.21722893229856227,0.1338931991497463,1.6224045259805409
0.23009467187183383,0.14064260266554113,1.6360239892532178
0.2062195308828686,0.14103702155385583,1.4621659519668915
0.21361097767663348,0.1333508049940523,1.6018724272880163
0.19267216356432448,0.1375079406574191,1.4011711806835867
0.22726638223758966,0.13107349689473602,1.7338850921182434
0.2513965834164379,0.14151732116720836,1.7764368442178382
0.18285872897472463,0.1368549870691032,1.3361495469828397
0.21789766492318094,0.13194959400259465,1.651370484087251
0.1946444076738215,0.1383490962992973,1.4069076913429044
0.22630961326084872,0.13772952151479287,1.6431452804876105
0.24381038869666094,0.13377168002963238,1.8225859811482772
0.230920457037371,0.1364198947676023,1.6927183343071392
0.19831380701350224,0.13975288765373045,1.4190319094147792
0.257138537358533,0.1397508896349361,1.839977820751213
0.19557879017566604,0.14295011202823027,1.3681611535711318
0.18014463617221493,0.13358509224861023,1.348538471919864
0.20876304084681885,0.1288967342910807,1.6196146628151205
0.2441857590742643,0.16321744346869055,1.4960763622125084
0.20222675280830377,0.15213184079436895,1.3292861754144307
0.20068303574448332,0.12411042233456497,1.6169716609577014
0.1927115519864656,0.14862369025463484,1.2966408764060136
0.1863037653659779,0.13738182935403123,1.3561019404238348
0.2238816400114317,0.1280575048002039,1.748289882430032
0.23223553441805783,0.12963160500554483,1.791503965472959
0.19912922382534104,0.12984005836404813,1.533650141060616
0.24316667999483332,0.1416665884190737,1.7164716303854597
0.20318067793760314,0.12672238147547027,1.6033527429953875
0.2248922085613814,0.1318718217657316,1.7053848619828669
0.20491420324451642,0.14132276038426403,1.4499731160596065
0.19062133124916045,0.13089304118750386,1.4563137162967739
0.19068170579523558,0.14091053866309364,1.3532111054599048
0.19809174336622393,0.13966891269804554,1.4182951634662215
0.21011063949052355,0.1367246022150682,1.5367434688895192
0.1723447738408533,0.12697933298686004,1.3572663345041176
0.21374561738859144,0.13992734300850584,1.5275471740758941
0.2332078312173236,0.13238128190361156,1.761637505422595
0.20831560324899154,0.12676914763145458,1.643267365452438
0.20582333072639447,0.15288997434827992,1.346218622926403
0.19583313013349776,0.14949978063922992,1.3099225249438902
0.1987760104874684,0.13473704763217453,1.4752884524389838
0.18109213601449275,0.1362093766392261,1.3295129930309153
0.24307055539453146,0.14125353190940912,1.7208104612238737
0.1949769373636992,0.13056321400967918,1.493352770476719
0.18860411611710912,0.14148072216814092,1.3330728966237888
0.20889970204803046,0.13631777067528122,1.5324465842802304
0.16123839115981484,0.13699681682594045,1.1769499094615767
0.22314225652718572,0.15400651008961003,1.4489144413268533
0.16773944973540872,0.1322721637250164,1.2681386998713202
0.22763821908600101,0.13812673248406912,1.6480388335563916
0.18053797196071492,0.13880985179449923,1.3006135344628997
0.1880731922438621,0.13414950450608315,1.4019671033174312
0.23301221841229383,0.13802003461837747,1.688249239007712
0.23982548585208566,0.1335386521937633,1.795925613387959
0.20976430266482668,0.12890567845420145,1.6272696841617669
0.21364592088185275,0.13690618889311446,1.5605278520217272
0.1703509124940832,0.13563151029055714,1.2559833045370379
0.18632569830008916,0.13663312903727187,1.3636934147154147
0.16447387299618602,0.13034755057185246,1.2618102317582243
0.16986610568419414,0.14207776840508254,1.1955854008058697
0.20690851462045337,0.14098433048436868,1.4675993701540746
0.21577468040441133,0.1397259339002491,1.5442708048632814
0.2364159036191556,0.13311948951014707,1.7759676249444656
0.18550075319728984,0.13622305734573378,1.3617426947516629
0.18372944486588755,0.12813056749877894,1.4339236019354902
0.2032207261855112,0.13585863826140926,1.4958248425432379
0.2107627218243556,0.13886221586747327,1.5177830809318384
0.17336722351948944,0.1342050847398255,1.2918081595461526
0.16848927727068386,0.13523496105114693,1.2459002905835856
0.22392782231694516,0.14536675030508472,1.5404335712739152
0.19004560173267027,0.13547353508349394,1.4028245562171455
0.2208815102931012,0.14322262118806361,1.5422250232598718
0.1570434695455398,0.13903942117704102,1.1294888040822175
0.22741253180945226,0.1296523817685226,1.754017386394549
0.2281043535312911,0.13487320796082067,1.6912503007828892
0.20714986560966292,0.13550795172087854,1.5286915858366272
0.2348210530081792,0.1508648029059556,1.5564999157196346
0.21160210858371756,0.14689123421564285,1.4405359837407063
0.23372007289008903,0.14242890864114777,1.6409595153112562
0.16106597695384567,0.1316730317456142,1.2232267672321633
0.23298640790150524,0.13968479507539466,1.6679439431883132
0.22277433333128624,0.14554843803618578,1.5305855310924108
0.20932803979704642,0.13319912316892357,1.5715421754809595
0.21584949477572493,0.13625046069113933,1.5842111188528414
0.21490154342623566,0.14010213024309337,1.5338920475609947
0.16287904383400803,0.13902942529192158,1.1715436749595214
0.22519841949650915,0.1364223587013078,1.6507442155400167
0.229994121089613,0.1331282964874154,1.7276125899451762
0.16584370117724456,0.14100629673927612,1.1761439383369763
0.19828052630251378,0.13462724838162876,1.4728112524475478
0.23672578485430418,0.1457546206087807,1.624139144718429
0.16011593514612613,0.12900889970905463,1.2411231745036595
0.2081731237248239,0.13867370317140748,1.5011723128754393
0.18786067788565758,0.14493276197171068,1.2961919398343211
0.23431509392993266,0.1266783128889173,1.8496859374453525
0.19503408808380732,0.1427883329675655,1.3658965269109873
0.26211778465053354,0.14656515536345757,1.788404508564975
0.20244613680144202,0.15040000480505974,1.3460513984945788
0.23496666739657762,0.13507843659658678,1.7394831722720343
0.25028862689160836,0.14274561528811286,1.7533892469231673
0.18448966433423206,0.13087403429338484,1.409673548540998
0.2096482015527166,0.13870695220273496,1.5114469622711735
0.22608582194280957,0.15271327124739692,1.4804595572872539
0.2045450548861565,0.140577359129176,1.4550355487771032
0.21556371124105836,0.13555088310660315,1.5902789144614395
0.24031176855187694,0.13893642918998458,1.7296526904637055
0.16013484730289584,0.13643790269081557,1.1736830026314635
0.21412265811810915,0.1389524590878514,1.540977824528691
0.22738660837640867,0.13233337860230876,1.7182861253754884
0.21086483321757937,0.13645039112190643,1.5453589504861893
0.22737646876719228,0.1289634903063449,1.7631072811930986
0.21101165925569343,0.14486291114270908,1.4566299792761939
0.24352765175190563,0.1313212489220209,1.8544420933470815
0.18471228913041016,0.13524090455987509,1.36580193493628
0.184418642715625,0.15027475619362035,1.227209728279394
0.21518676903943054,0.14083990970930274,1.527882043403618
0.23788824934883843,0.13639650861600272,1.7440933918518804
0.22748920841254502,0.13723492320125705,1.6576626641815417
0.21988795763841726,0.13395038495896913,1.6415627152230432
0.23371013188273568,0.13278485565811166,1.7600661666152786
0.2146764409027121,0.13344573097044582,1.6087171866910932
0.17440339081597503,0.14050154663270759,1.2412916084966097
0.1998511473401853,0.13900402035746628,1.4377364541417075
0.20131873495620262,0.13565610240125586,1.4840374402083578
0.21364883548297717,0.14342823814187386,1.4895869756947284
0.22044194730309735,0.13043515361581368,1.6900501221656203
0.18469085235790067,0.12797494339927698,1.4431797932636876
0.20323188069779205,0.14378159080212788,1.413476367621218
0.1890100381847226,0.12542322298551778,1.506978003639302
0.24573901251516353,0.14420340724953945,1.704113773746829
0.1448672913978555,0.13512435362692843,1.0721034921493637
0.172774070110702,0.1344510814345379,1.2850329522624402
0.2362089010460492,0.13596109787481223,1.7373271085493978
0.23937533716147008,0.1465091207958753,1.6338596249920931
0.1830974577742231,0.1367177066274154,1.339237340143529
0.23600897092269363,0.1386835443289049,1.7017806407007428
0.1999152408176425,0.13650637242629707,1.4645121488784807
0.2134472036728211,0.14500740603508364,1.4719744977796436
0.21104194695272868,0.1389334421161441,1.5190147435943038
0.23483138765474984,0.14456616032260225,1.6243869736231422
0.24238490065262147,0.131595728357427,1.8418903385243641
0.19961422064592155,0.1290813737403934,1.5464215700662032
0.18293956633768113,0.13903996108897573,1.3157337279504326
0.2033841718607448,0.1347457516223373,1.5093920914908392
0.19692488660730995,0.1356868335355007,1.4513190519387211
0.20719418689772515,0.13135708949418368,1.5773353969364512
0.1834109963467094,0.14968155219267137,1.2253413574347571
0.27064246644762263,0.14004741753207464,1.9325059413226109
0.21344381939111481,0.14205839580771845,1.5025076003252866
0.22168429165971062,0.14842540262308435,1.4935737935820999
0.2555480532728047,0.1372241172837556,1.8622677874063187
0.2124142147380783,0.13235221926774654,1.604916154132388
0.19984184038480546,0.1355329688175417,1.4744887692516953
0.22742784575288705,0.14282638492995006,1.5923377593322845
0.20376078062128597,0.13046789526863797,1.5617695081363532
0.26793092551041037,0.15721772528009104,1.7042030409298847
0.2354475093250092,0.12933568314954796,1.82043735797774
0.21146730029142286,0.13594992934424535,1.5554792952922862
0.21678585098837427,0.13167154660764782,1.6464137968573296
0.2091625913808531,0.1308137662941125,1.5989340977354523
0.18331898842360123,0.1382125426542007,1.3263556613834542
0.1971389553117455,0.1363085199285718,1.4462702361895645
0.2258321864598325,0.13493694264271833,1.67361274115854
0.19352608632220686,0.12996788731808898,1.4890300236131624
0.18988593452968713,0.1281871686225787,1.4813177993560964
0.171510383001157,0.13488551533918372,1.2715255790799793
0.19590804313382443,0.13654720559390085,1.4347275894936002
0.22754060526164524,0.13554020480071935,1.6787683447593376
0.17410610120381845,0.13964766635350143,1.2467526722794608
0.22845364127381199,0.1467358876226112,1.5569036653212607
0.18552880389386728,0.14494701266035898,1.2799767341780262
0.1882376627516677,0.1313971449491235,1.432585638177699
0.21105271639401776,0.15146670071246082,1.3933935010222014
0.23350224094962935,0.1375025921073834,1.6981661026962642
0.17631855135361832,0.14222951495253888,1.2396762473137501
0.1858006608741167,0.14025526275505604,1.3247321863323007
0.20907713177391168,0.13557310734468112,1.5421726024347433
0.1919817247296684,0.14265701299082764,1.3457573567870242
0.20579953680686355,0.14477205887018865,1.4215418252177778
0.20466647300326385,0.13269998076909625,1.542324812837708
0.23026969793365007,0.14224689591020825,1.6188029725373074
0.20271515581942406,0.13617885936975246,1.488594902010542
0.20114488039936307,0.13868868869018058,1.4503337099733102
0.1937567547092381,0.1446586859244199,1.3394062960759268
0.18811980752196686,0.15130647069837316,1.2433031228187224
0.2211714931479445,0.1313399008826673,1.6839626926894695
0.1990319306582452,0.13785622977000658,1.4437645000904313
0.21132085565904282,0.14552782201273295,1.452099349363954
0.2038468264009763,0.1399101073953422,1.456984275088639
0.20136316589387257,0.13616583290268128,1.4788083148420081
0.2019445901638801,0.14406149740651952,1.4017943295009863
0.18866832744618336,0.13946014337592702,1.3528476515158268
0.21202552188129406,0.14395027966899884,1.4729080233037986
0.20249363787364913,0.12929044701116832,1.5661917995856058
0.20117462852353113,0.13585298854197186,1.4808259331106146
0.19049019318929783,0.13753881575793192,1.3849922448406147
0.1956486036211009,0.13235286095373142,1.4782347900246502
0.19334387859194177,0.14375890252652934,1.3449176029725323
0.21891203512660296,0.12858114458580655,1.702520504322588
0.19400341314283653,0.13227557805400003,1.4666608605833256
0.2128234182146653,0.15079102476624037,1.4113798785079479
0.1627235288624722,0.13137973588325347,1.238574029461221
0.20428964876757336,0.14028385956942002,1.4562591120219344
0.22590410542544284,0.1316600525524038,1.7158135747783307
0.17581643656476748,0.13998326501139496,1.2559818243306127
0.22519402795969845,0.14025616165867785,1.6055909793661844
0.160363563678256,0.1417152301937201,1.1315901858892954
0.1951891262806303,0.13838473035992147,1.410481675058857
0.20820160294521403,0.1473367555655015,1.4131002284263947
0.17861789651145069,0.1363495145539891,1.3100002379599593
0.22283808010474718,0.1383093363459583,1.6111571784810967
0.24850511724886942,0.1486900274346055,1.6712964651120468
0.23428908171166674,0.14458634329667958,1.620409482456613
0.20761749426381118,0.1288800544426379,1.610935805091686
0.22568267906320816,0.13669336374661026,1.651014159557579
0.19626793385070604,0.12551336670924879,1.5637213708509623
0.20612066589712558,0.13861604331255203,1.4869899686312922
0.16969153574343504,0.1274936197289097,1.3309806098866042
0.20733847220716514,0.13736086825804694,1.5094435179141257
0.20842376485494568,0.13179799429645153,1.5813879867256613
0.16405165198655386,0.1357571869436211,1.208419647459867
0.20134919522814104,0.14914877761644774,1.3499889066870687
0.2076205102620823,0.12594899830536221,1.6484490790368038
0.2040590374539962,0.142602922996233,1.4309597108285546
0.19814002964777536,0.14259547238165884,1.3895253919244412
0.17442731475285217,0.14141608318256366,1.2334333608128014
0.2683456754848126,0.14435569554591926,1.8589199024672522
0.1859961966533249,0.13761299139575392,1.3515889362395173
0.20521054966367994,0.1314292990770002,1.5613759725177692
0.23471753711180135,0.13633592952882986,1.721611741842179
0.21393012751023888,0.13590489754893512,1.5741163958657878
0.21582413020864244,0.13119843815111726,1.6450205753215708
0.196367960217882,0.13968988503244983,1.4057421564364943
0.19536048008959161,0.13244397944321254,1.4750423606333538
0.2228198574552777,0.133719310232965,1.6663252081324849
0.23462894570046386,0.14216308105363076,1.6504210795202907
0.1814581157319461,0.1342523661204351,1.3516194982303975
0.23540968958719308,0.14158347208497177,1.6626918814783072
0.2066090233558517,0.1261794260702838,1.637422437163151
0.19208360447671968,0.14511877510500004,1.3236302769075776
0.21560622889566394,0.13661589600565824,1.5781928399220406
0.22695635843320827,0.1490984184183035,1.5221915888904347
0.20834015659188312,0.13799962086525666,1.5097154273728566
0.20601748859495259,0.13806462133527997,1.492181607442025
0.20644583672883968,0.13336763858345446,1.5479455055332385
0.20692586806358954,0.13182339552993738,1.569720361334466
0.23402787722921795,0.1292628552266324,1.8104804881410397
0.20040612999569335,0.12910973417681798,1.5522154953958291
0.17857349929736926,0.1286627621849994,1.3879190549368519
0.1648588331049072,0.14490680852167603,1.137688662022024
0.2167357468643602,0.13431713095317774,1.6136120934559954
0.2224522176779315,0.13692049514523238,1.6246816624638634
0.18250231496239605,0.12768771943669538,1.4292863539854863
0.1917166046129682,0.13181842589310894,1.4543991351287298
0.2052054753047856,0.13262643229040602,1.547244178712857
0.22322379279715035,0.12689855293035676,1.7590727998266291
0.2426736253873983,0.14747224546156718,1.645554555895344
0.1915621104584398,0.14242336071198006,1.3450188894631694
0.23929521904914347,0.13415856092764136,1.7836746115531734
0.24626348434435938,0.15654243676925167,1.5731420145666908
0.2063075052269833,0.14153392860667685,1.457654056931553
0.17723324272167348,0.13435420809913506,1.3191491746272626
0.2242039763800789,0.1335447365367948,1.6788679373994295
0.23591485939845286,0.12929447454673387,1.8246321834362746
0.19799585471223122,0.14060218779969566,1.4081989605616918
0.2152857308206374,0.13453987257780556,1.6001630349109766
0.23047898768258931,0.14170721372074785,1.6264449891505
0.19818432902696184,0.1377361001659951,1.4388699025754068
0.21645118854010567,0.1301967587123327,1.662492912118884
0.19024967129164438,0.12767556015226372,1.4901024993722827
0.18993867749073137,0.14147855744549312,1.3425262521771775
0.24911471918844266,0.1456995836737775,1.7097833288680664
0.2248740029689756,0.1395805460673716,1.6110698038137439
0.2084453844160332,0.15025282024963932,1.3872976498524896
0.1982496760198749,0.13910369203381107,1.4251934878312762
0.19221277726793706,0.13598723246931577,1.4134619388721514
0.192802721197537,0.13807030250498026,1.3964097832738689
0.23848091853838002,0.13870574719203996,1.7193297564534222
0.2164896396639168,0.13760398316369904,1.5732803272589306
0.18623873402410218,0.13393913811349495,1.3904728419731247
0.17610828204676116,0.12630029945028529,1.3943615558574463
0.14486623070506396,0.12395669282606381,1.1686842186757955
0.19372470630935468,0.1383548614963689,1.4002016569142308
0.22173947754031476,0.133508523930762,1.6608638236110649
0.22028296485861157,0.1321204340143029,1.667289140412334
0.22053281545677017,0.14311639020626174,1.5409333280341586
0.17670355401155857,0.143084882753926,1.234956136599344
0.18519712818714285,0.14013514008998665,1.3215609451577957
0.17406496466719204,0.13687281939576484,1.2717277647645067
0.19267695094692677,0.13834691295345486,1.392708711988034
0.22657802983807201,0.14534248669316638,1.5589249571352293
0.2261226122662607,0.12632753776338637,1.7899708667621799
0.21432426339275829,0.12858933712270126,1.6667343357423787
0.22298642763359777,0.13899855785163845,1.6042355480522656
0.22772463817470542,0.1369990647343857,1.662234983984882
0.23022668675527738,0.13128460572845577,1.7536457186112877
0.23321567975888233,0.12990511103926228,1.795277167257843
0.17958538740317778,0.13811148657593972,1.3002929144813302
0.22147571798348423,0.14069092016950177,1.5742005078696937
0.17004992590939713,0.1319048953943072,1.2891858592591419
0.1754644759867692,0.134721641262495,1.3024223453816886
0.2461697150667973,0.14213608414105952,1.7319297668457794
0.1866679336641565,0.13674419122041837,1.3650885788871712
0.21771614923199065,0.14006025378035525,1.554446342596356
0.22614451667423607,0.13138189626531802,1.7212760898012198
0.19686752910651611,0.13254452125096092,1.4852935998294903
0.2420352743360925,0.1318285295613595,1.835985542290657
0.1892018889047196,0.13518836163379483,1.399542731475949
0.24331033756785164,0.13600971530903752,1.7889188063882688
0.16976877939072932,0.1434048208148734,1.1838429030910342
0.18611370290299417,0.14052926768414223,1.3243768075509286
0.23666314607503333,0.13211570884067797,1.7913323718410505
0.20831589250331853,0.13655510322090414,1.5255079274944965
0.1769532181006118,0.13904851478662042,1.2726005622725187
0.21231423716650014,0.13690868052096822,1.550772649028512
0.22080309871999323,0.13336152007861832,1.6556732301028587
0.19774894299129359,0.13602984606552085,1.4537173180071439
0.23831439102379356,0.13768464894005678,1.7308711817796592
0.19662188274019166,0.12623558991039377,1.557578832401864
0.17114524392191333,0.1317526043257407,1.2989894567759708
0.21616092396722913,0.13770121050261344,1.5697823074919635
0.19231437144012992,0.1295787820059186,1.4841501707536178
0.21188908604505033,0.14108777377888337,1.5018245760765119
0.21711672143636385,0.15132267905217744,1.4347930052275906
0.2201055163499375,0.13775260970928002,1.597831916320563
0.17606069692763557,0.1335536067671269,1.3182773658417695
0.20318597847650335,0.1432862408037449,1.4180424954745054
0.19151829312688723,0.1260984323562668,1.5187999529271643
0.22729113147249783,0.14463510365765114,1.5714797149832458
0.18976755722102587,0.12852200086053495,1.4765375262633147
0.1908600491625939,0.14054520759608638,1.357997561262335
0.21061798820625138,0.13513671023799007,1.5585549465821005
0.2084256169990102,0.1302775631067808,1.5998581185324756
0.25485167871072006,0.14803257186267205,1.7215919138873217
0.21345887646972608,0.13984175743154625,1.5264315923247465
0.19063561435224224,0.13529268179203782,1.4090607993510957
0.22964025947805067,0.15643993853303498,1.467913255601019
0.23604193010506733,0.14027356878040478,1.6827256350381006
0.2355432760392623,0.15325207520344458,1.536966306828634
0.2457146145675224,0.13080857933970566,1.8784288905807123
0.19224398891309963,0.1401298661606442,1.3718987549214672
0.21107034156267668,0.14378374288230586,1.4679708382292442
0.22037464343414823,0.138374544532619,1.5925952578814044
0.21941806202687078,0.14516264063326867,1.5115325890302391
0.21524223209800028,0.14458310557653867,1.48870942590216
0.18627590995892174,0.13892606567969354,1.3408276484874875
0.23859014715937224,0.1429618358075891,1.6689079698199198
0.1427640681259255,0.14302340099722308,0.9981867801388485
0.21455950940663324,0.13268601539444785,1.6170468965308256
0.2394110755218415,0.13433474008709786,1.7821977797151791
0.21210084929244621,0.13871585850183035,1.5290310104640814
0.20041394000770063,0.1381175618581141,1.4510387912406284
0.1728334715700083,0.1397117640949154,1.2370717146810282
0.22181076673760391,0.13165434632416947,1.6847963848564813
0.17250721391057078,0.13227531229202358,1.304152762306298
0.183571104067367,0.14067551718902002,1.3049257449731635
0.18895531104072058,0.13906861141253157,1.3587200527961385
0.22698275642004426,0.13543237983895876,1.67598588085026
0.13366510530476908,0.14337075683274106,0.9323038272072821
0.20265521576748563,0.13487140684225887,1.5025810178172492
0.1786673145047968,0.12773097209948467,1.3987783195264483
0.16473017045339408,0.1365244948551687,1.206597912177937
0.20934619154987222,0.1311802146286184,1.595867121749632
0.21830551213888452,0.14213385825264,1.5359149102309668
0.23441531841067487,0.14271549093268862,1.642535907480683
0.182579075703537,0.15198323653164816,1.2013106173424444
0.22597219967164134,0.1359764539925264,1.661848011451022
0.20120255859978173,0.1505913038622479,1.3360835150469914
0.20507181467924765,0.14115652534764492,1.4527972700814933
0.23831828398952787,0.14682523241866108,1.6231425625125608
0.23099729672086475,0.1456766163773954,1.5856854893062202
0.18640026136088428,0.13933934859123845,1.3377431662014028
0.2009110009812415,0.1470337495290706,1.366427786985862
0.18807279744392633,0.14447402444159332,1.301775860199414
0.18408797117372294,0.13454841822708,1.3681912697259218
0.23462799166612866,0.1339302564286118,1.7518669636176742
0.1858663394150886,0.1424408163087946,1.3048671317086016
0.1744623186924096,0.13581629329509276,1.2845463122259513
0.20209177042369061,0.12876284785914333,1.5694882008571565
0.1852040596586195,0.12883522807137182,1.4375265401480146
0.18976595765829804,0.13281255418550697,1.428825451193725
0.2113135666160136,0.1440094507762342,1.4673590203767832
0.18779852571298258,0.13881666900003123,1.3528528458851028
0.1882101474296265,0.13849526288776054,1.3589645126140952
0.21253128448668665,0.13603543517412184,1.5623229654439088
0.1932189918793969,0.1442408053315934,1.3395584656866562
0.18947594815356952,0.14088619567714056,1.3448865394007716
0.1415005922741937,0.13677819214837172,1.0345259726835643
0.2362478142583564,0.142303311086897,1.6601708874791572
0.2700371261299682,0.14929132656215624,1.8087931318470831
0.23372649170886145,0.13378839027963546,1.7469863507613936
0.1888192854039276,0.14296570718814613,1.3207313076515412
0.18912669737137702,0.13632627827285193,1.3873091803536735
0.25455288962249306,0.1290214760725193,1.9729497551199626
0.25019494814950705,0.14491149911068169,1.7265361940560087
0.23419561744404802,0.12983152750842433,1.803842425167892
0.267829611770955,0.1420649329137025,1.885261945209578
0.2020991143571251,0.14044039581417478,1.4390383421058903
0.2088280064682962,0.1440712709558148,1.4494770892410718
0.22429092705247003,0.13305891094974245,1.6856513062637852
0.20259612456584863,0.14447849172810198,1.4022580256936776
0.21642078093301262,0.13517524092262492,1.6010386181363871
0.19995557275048875,0.13989259521490596,1.4293506560752038
0.1993729972386449,0.1368928251101017,1.456416704661409
0.19066760079938883,0.13861999762308863,1.3754696585540203
0.18940568398679064,0.13863817242210558,1.3661871090605222
0.2183593418012042,0.1349932271033792,1.6175577581679885
0.21843370670744264,0.1433582842849802,1.5236908546786239
0.18910925029334963,0.1301052115185562,1.4535101867643327
0.23410535886653724,0.13912309718423865,1.682721011856967
0.22120834668112135,0.1341568155734384,1.6488789312387213
0.1849967610635112,0.12751496913603505,1.4507846593771563
0.20858477198766684,0.13550250301323216,1.539342575592851
0.2168526906869797,0.12739832910078375,1.70216275376288
0.21064950447253333,0.1334883786736479,1.578036279753826
0.17179077122025813,0.147492289070445,1.1647440846091128
0.20924548145902902,0.14611672377237697,1.432043342177553
0.17529512812011466,0.13906465029243964,1.260529744629464
0.21031887914352415,0.12608248869463498,1.6681053913276187
0.20738285323152775,0.13681426587548062,1.51579845789089
0.20937364077428944,0.14548562004130003,1.4391363264276775
0.2295504544685086,0.1304628245556818,1.7595085439111888
0.20109237864631513,0.13912527229422297,1.4454051038336424
0.23605166642268768,0.13618817882560616,1.7332757399227747
0.22708412572309986,0.14074916628312778,1.613395885175637
0.19121033386851347,0.13743701879324458,1.3912578688581974
0.21874485420417009,0.14708577264935926,1.4871924745953529
0.23971701024503927,0.13044302252446377,1.8377143185261737
0.16501155162036993,0.1414998789287151,1.1661603732078072
0.23369934142210913,0.13629306372852518,1.7146825746584013
0.21018780169018605,0.14772551336797426,1.422826679685468
0.19042452465996468,0.14600106126153278,1.3042680855508018
0.23467657283708093,0.13822374612519683,1.6978021462717519
0.20744003466603214,0.13321874440705886,1.5571384912034985
0.1953173744173096,0.1384665422688342,1.4105745057033265
0.24573560831735558,0.15795698029564972,1.5557122442921465
0.2421612850185453,0.14104621473902826,1.716893186156083
0.21511548489544913,0.1524871568850151,1.4107121497298276
0.21362141850272615,0.1352918566127349,1.5789673070582886
0.24690614167271038,0.1294274408600128,1.9076800099892355
0.22634568639887395,0.13710438265912095,1.6509004454046616
0.19691720160801707,0.14370761950803615,1.3702627757813874
0.2109285296743319,0.15201128922703444,1.387584637607424
0.17677663485434933,0.13246591231126872,1.334506604529014
0.20301610671673245,0.1309302054116242,1.5505673887738998
0.21887119275663747,0.14166678001901642,1.544971889156072
0.21041014768871838,0.14135438287961624,1.4885293501504877
0.24509883933477108,0.14134438117594367,1.7340543521830925
0.21583096209572347,0.13538870108347364,1.5941578608000184
0.21110251545818343,0.13610995161472614,1.5509704687555235
0.18149161152875012,0.14280105912470895,1.2709402342054936
0.2005575306957687,0.14806738403522146,1.3545017493390792
0.22848850671363635,0.14198646157454325,1.6092274163313753
0.21248492149533704,0.1327179400665852,1.6010263675636647
0.20751774597059802,0.13405915811634897,1.5479565058173412
0.20970239000793361,0.15268754865468454,1.3734085841026424
0.21654517058886225,0.1380105406741658,1.56904805626486
0.2365430605887296,0.14406629730551956,1.6419042136350304
0.18745227415015156,0.13452078334186757,1.3934818805936129
0.20981748374640916,0.13341694705188198,1.5726449179264852
0.23721630498080556,0.1406784842345536,1.6862301742268861
0.2226794026895557,0.14355322978967783,1.5511974409479112
0.19428432635842718,0.14843719737641925,1.30886549862394
0.2453271558530756,0.1373421779751454,1.786247746103692
0.22287940808147289,0.13904418122235052,1.6029394838541173
0.2414544415762838,0.13210294499853972,1.827774858304278
0.24351860826004373,0.14632323947092743,1.6642510727657023
0.17869707222558237,0.1453819422598059,1.2291559009869355
0.21381924965719443,0.13522253308949425,1.5812397887538652
0.17014415719631137,0.13108255965312993,1.297992331295224
0.2264029955553895,0.13720262986581758,1.6501359760874026
0.20183607611790394,0.15759678498838026,1.2807118884613382
0.19715049274252278,0.13768618761391974,1.431882864643943
0.17432189022755976,0.1273004046677695,1.3693742033460743
0.2361990140858202,0.13642374626583734,1.7313629082253708
0.24015525143797134,0.1361865706360745,1.7634282904422922
0.22347582351571268,0.1486476356320385,1.5033930581237325
0.1918831628170368,0.14538753156691434,1.319804805467262
0.20511108957121926,0.13894299251492503,1.4762247872931522
0.196310033588813,0.14325745821323044,1.370330285328788
0.2102026680519095,0.13670583863868793,1.5376275815656486
0.21709329583143516,0.13273505139200273,1.6355385676561014
0.24183829987133515,0.15212201386971783,1.5897653056214023
0.22988211545848355,0.1291417587649512,1.7800757683414257
0.21894891426451205,0.14086263643192723,1.5543434356371748
0.1716450056583839,0.15181187285867465,1.130642830670908
0.22534265649411478,0.1321219360275166,1.705565807385561
0.17248915459881867,0.1356064925802582,1.2719830099339204
0.17017321392894436,0.1295730065705049,1.3133384678879667
0.1828855559719507,0.13846902928931534,1.3207686723204513
0.19201458899078264,0.14069925111611362,1.3647164961263403
0.23874334240725315,0.14207475957947185,1.6804064501950335
0.20384986178909434,0.12932211993086093,1.576295392451639
0.21689770179067944,0.14626244718926953,1.4829349977305182
0.22103762174251618,0.1421746718375417,1.554690571011752
0.22403646917620854,0.1444954431885023,1.5504742864724155
0.20716531179282663,0.12840606402607732,1.6133608125450718
0.1911059281011281,0.1435795724884622,1.3310105663985385
0.17862563832483458,0.1379572359639794,1.294789918605456
0.1983085780443355,0.1317059032434607,1.505692403762332
0.18857296657793227,0.13866065627331656,1.3599601476444236
0.19279970124992635,0.12372602068240303,1.5582793351515858
0.21581051198209208,0.1349749383894445,1.5988932060810572
0.234984256405116,0.14620795350032817,1.6071920219072662
0.20187878222724076,0.13457902785415432,1.5000760924355938
0.19739203671735203,0.13804963227816244,1.4298628215076872
0.25212148553053537,0.1373314654479394,1.8358610294310986
0.1631738670289526,0.14004098964189723,1.1651864746615195
0.2032412346165406,0.13446554042385986,1.511474493583168
0.22833841558253384,0.1230996292101047,1.8549074196869357
0.19618847553756757,0.14844101733029738,1.321659464924219
0.22995322680251107,0.14284349418616668,1.609826391552807
0.22491573966350387,0.1294870955075794,1.736974165509324
0.1601251570731946,0.14294090634491174,1.120219265203327
0.2510113144800754,0.15279044374946887,1.6428469498502125
0.19586598165838476,0.13474865939976235,1.4535653455171236
0.22578148206607235,0.1495967745444827,1.5092670463889988
0.2255065936643309,0.12992196648859258,1.7357079773275357
0.1978484615969154,0.13830919165742292,1.4304794874874613
0.18632108506733625,0.13679491762313936,1.3620468384698186
0.2004681883147324,0.13970312382055716,1.434958523706495
0.19308187907987348,0.1323951283467243,1.4583760104391386
0.21806303919492864,0.15984985067617452,1.3641741814115484
0.20505482902859537,0.13061829044348414,1.569878371033484
0.2307616819961375,0.130713527093665,1.7654001626838614
0.2007573046040084,0.12889559980679274,1.5575186810483237
0.21855848661984603,0.1341852918241513,1.628781244566395
0.23820943456016813,0.14731362590733413,1.61702241115164
0.23481882082619834,0.12862410746628195,1.8256206045025791
0.171697291565664,0.13227886908192316,1.29799485554513
0.21269571053849765,0.14260994592816062,1.4914507480820625
0.2018827537921024,0.135456452869574,1.4903886047162909
0.21737382665935448,0.13658624824778431,1.5914766636316968
0.2164353734463805,0.1433108441675827,1.510251193505556
0.21127437082218195,0.1406557173284915,1.502067422746603
0.2554487587539917,0.13492286868744777,1.8932947486148193
0.17752597910405996,0.13952036219280373,1.2724019369927961
0.21939464478008672,0.13039641276630554,1.682520555019274
0.23176857644895335,0.13687680728781543,1.6932640455413739
0.19888710531328394,0.13258952273603483,1.500021277768963
0.18661309972901097,0.13136880139587978,1.4205282970242876
0.17745667418712524,0.13888824193718854,1.2776940057127302
0.17949217512191182,0.13827618203373565,1.2980700832347294
0.20882377715536932,0.1375074970251613,1.5186355774998834
0.219896351629685,0.14038528291687355,1.5663775223496355
0.18067494985861132,0.13469475114019155,1.3413659279904913
0.20369232769519163,0.1422564737917765,1.431866840684804
0.23957457095879853,0.13514143596439154,1.7727691677179167
0.25287720484286647,0.13891262954236416,1.8204047081676367
0.20133901177406396,0.1418683810056157,1.419195809149991
0.22974188949081017,0.12998184959824072,1.7674920783241392
0.20092188107789727,0.13347718594732733,1.5052900587609401
0.19966566827827503,0.14372325319464263,1.38923704995649
0.21234770673636874,0.12995497235327738,1.6340098642713725
0.19043430979310316,0.13375279177666208,1.423778205026829
0.1976399779420277,0.13078363482614427,1.5111980807442624
0.22447254637755018,0.14238539801721864,1.5765138104288248
0.23968695807137114,0.1451786331516228,1.650979575080067
0.1908427646151496,0.13658471895555171,1.3972482871766563
0.2901071942556528,0.147812355709133,1.9626721518905317
0.20182286549306408,0.126591452364411,1.5942850936893358
0.1933791847262342,0.13454024197440947,1.4373334096055537
0.18623847189517834,0.13014847775627825,1.4309692676078523
0.26577779603745005,0.14977692721008812,1.7744909111711886
0.26920129259586145,0.15412448262614975,1.7466484753680986
0.21842399941724608,0.13840346722211014,1.5781685517077317
0.23190307869739246,0.14834174657775145,1.5633028735834884
0.2005040716830035,0.14082809000498914,1.423750557689877
0.20199679715277669,0.14295765437822525,1.4129834322711443
0.23437460133531657,0.1369191844880382,1.7117732786072244
0.1991745002179521,0.14159217922222783,1.4066772706799664
0.21436843345747658,0.13788997817751728,1.5546338921129004
0.2258022050564175,0.13584042452495354,1.662260743413226
0.20390291257212506,0.13705043348673046,1.4877947291707576
0.16427635009390518,0.12900311597174866,1.2734293187916583
0.17577708990755686,0.13534871861141787,1.298697850344691
0.18696631520851542,0.1316505566486616,1.4201710951171749
0.20562110614154372,0.13866497617943996,1.482862593041944
0.21621574717981487,0.13997490465242274,1.544675080984758
0.2762222671527735,0.15000398181522426,1.8414328993814686
0.22406481466814895,0.1352431010741718,1.6567559667628766
0.17681017575910407,0.13046880878774766,1.3551911556634701
0.2606064799247088,0.1445945726642766,1.802325461618754
0.2204862351127896,0.1435129183919911,1.536351135376912
0.2221116388395532,0.12699852089203853,1.7489309110014781
0.202409637460451,0.14369129108273127,1.4086423466256714
0.24864916344298513,0.14516943417635028,1.7128203664480002
0.18658730864612455,0.13671350963164047,1.3648051984684144
0.23673830258719872,0.14641592849403842,1.6168889889383717
0.24340835489671345,0.13583415487473402,1.7919525109217496
0.1816373045716635,0.14284450330236004,1.2715736368741501
0.23366849563087333,0.13875586906638102,1.684026032218399
0.21198203602842966,0.14229972551302442,1.4896868933807421
0.25288944509197103,0.14346750121884305,1.7626949862757941
0.18731279057118458,0.1347729798483767,1.3898393489697758
0.20567668831679456,0.12971843030782815,1.5855625744831614
0.22832384571756376,0.13184324221521865,1.7317826980077737
0.22855838424343747,0.13152389543137138,1.737770794377804
0.2179914547690897,0.141473776421065,1.540861213178384
0.2113090565653492,0.13351875095464408,1.5826170860235973
0.24497928085531423,0.13541609878974314,1.809085352810871
0.26646239774963393,0.14958146707623032,1.7813864441765253
0.17716010969907828,0.1350472481367822,1.3118379836932492
0.2315719192959168,0.1302512606001259,1.7778862041638694
0.21772262334950415,0.13789025852566647,1.5789557991798089
0.22144077591109987,0.12666575367864927,1.7482292528167844
0.2707283778053159,0.14336644979201024,1.8883663381361313
0.24860903250682717,0.12929776344421792,1.922763595319906
0.19327588167476223,0.14426887598603705,1.3396921571182705
0.19929749384088888,0.13371387777706017,1.4904772575153016
0.21793980780630248,0.13451859274628317,1.6201463556592572
0.2109793207148218,0.1392669153334684,1.5149277932209617
0.18430572865826308,0.13662154476334293,1.3490238964690315
0.1922550855297925,0.13518416193997881,1.4221716713763624
0.23562548636891986,0.1530478844010516,1.5395540244873902
0.23236774040812894,0.13945077281852047,1.666306580534548
0.18842173105502327,0.13904456391227915,1.3551175662925976
0.21463591669624763,0.14362893539422383,1.4943779685279168
0.1488653720523393,0.14299288726889617,1.0410683698721321
0.23113432362887967,0.14295550342467306,1.6168270412245465
0.22192672092737326,0.14170960027050908,1.566066946090723
0.2002661045834883,0.1364725678651139,1.4674458590200075
0.20077610211359895,0.12316103575811793,1.630191731319255
0.21727878828011848,0.1449922487143739,1.4985545103734803
0.2031971302743167,0.1294040754318894,1.5702529429319836
0.19236263549004973,0.14174070993530535,1.3571445746098614
0.1912147103625803,0.1415714145372239,1.3506590365550348
0.19274742381658885,0.12694681446300465,1.5183321033452168
0.21005822237557029,0.14085034662591725,1.491357511057189
0.22700172805394003,0.13618555771583055,1.6668561032558946
0.19714153539040064,0.14502617089402337,1.3593514479152877
0.1582181498813887,0.12842453919598418,1.2319931289762116
0.2837233011071383,0.13448235979455633,2.1097436239263776
0.14454279680425783,0.13452027066911287,1.0745056940882756
0.2105860404365594,0.1314385737754269,1.6021631579505888
0.24129940918424714,0.133894188360936,1.8021649194644724
0.18605577232954384,0.13216702412802273,1.4077321749283098
0.16965753993601204,0.15060708769014622,1.1264910738136014
0.20947090855540992,0.1357480924559412,1.5430854663640776
0.16686664580252708,0.13891359525799832,1.201226168631031
0.17475579053156437,0.13563762785375297,1.2884019965314444
0.1741974678675991,0.1374265925870669,1.2675673942598549
0.21081902013528137,0.13816519874044159,1.5258474786500176
0.19429701227227061,0.1397893146375419,1.389927497506237
0.22172451264178647,0.14406794980654558,1.5390273335569646
0.198801923573036,0.1369242242316176,1.4519119950371062
0.2143523279249815,0.12863062070985717,1.666417581926162
0.20241524525795193,0.15678245878664201,1.2910579845760006
0.1903963767053075,0.1400978011479856,1.3590247323310338
0.1515500799245982,0.1375639292682405,1.1016701887679121
0.22236601197670977,0.13262837893237484,1.6766095896421291
0.2160283460123473,0.13917921334064043,1.5521595562091517
0.17219900937220384,0.1494449776440055,1.1522569181441544
0.19209007181640964,0.13395122224745928,1.434030004306684
0.23044610313742994,0.13675840312758475,1.6850599149102523
0.2488490920790865,0.13285410678381493,1.8731004867167778
0.2066496732776174,0.1378752542282928,1.4988162628186232
0.2356310931145884,0.13948713803570273,1.6892675298440558
0.18458843487303137,0.13538440763256465,1.3634393952810813
0.1939774734131192,0.1280183575564247,1.5152316989196075
0.20564419558021152,0.13503623467568845,1.5228815885906446
0.2257047575621523,0.14564285627126144,1.5497138915057713
0.23085623875915776,0.14142236296851668,1.6323884986319368
0.210307959628015,0.13515386281098138,1.5560632545304305
0.19581971513861782,0.12285434099514417,1.5939177529458044
0.17933150710958834,0.13211869778704421,1.3573514582973274
0.20259644078196504,0.1444694959449242,1.402347529884097
0.1799501006036646,0.13135861497578083,1.3699147226608837
0.21671048241755334,0.13949483844690738,1.5535376421833322
0.2076121774637385,0.13567821666602414,1.5301806182696363
0.19693967237453605,0.13213900293537248,1.4903977478236063
0.2174133796985073,0.14472217160260373,1.502281076154027
0.18991851832267595,0.1272043502027198,1.4930190517856616
0.21339551820812996,0.13391572090456752,1.5935061004540476
0.1549316265648368,0.13775395538565974,1.124698206531246
0.23082242122994015,0.14228097098974263,1.6223000140094679
0.24815208523477408,0.13785296858059914,1.8001214467114346
0.1931199994361383,0.12444498986256239,1.5518503368389591
0.2402124412130489,0.14725854350141315,1.6312292346606276
0.17230816801255253,0.13481159277948707,1.278140584648377
0.20111997962946854,0.12921041467816635,1.5565307187536894
0.15626403438877395,0.13882845366799154,1.1255908299784108
0.20395662143473628,0.1315578733476491,1.5503186259006285
0.20576171078310743,0.13163013412720664,1.5631808943099643
0.1767541407857597,0.140919117862964,1.2542949705209145
0.17737801637090297,0.13766008758073234,1.2885217457592972
0.2440554665545908,0.12865616613194167,1.8969589557355755
0.22669669598219705,0.14083682960432886,1.6096407212451844
0.1887375668785948,0.13711333299664372,1.3765077600674673
0.24519271732851422,0.1433178924839,1.7108311675463592
0.1970663993421849,0.1376262834746528,1.4318950884006063
0.16814668436571145,0.12598858834954577,1.3346183695558302
0.21021058138330048,0.1359207803242088,1.5465669111219777
0.15884100978593937,0.13866497517053591,1.1455020245061174
0.2013615915321403,0.1330950649195101,1.5129155363793145
0.19472413458417218,0.1343590471571934,1.4492818958172173
0.2025203119643407,0.13906912550029407,1.4562564568935357
0.21619392100502358,0.12782701284966208,1.6913007367174433
0.19091538170417738,0.13163772456305864,1.450309038217406
0.20507152021938138,0.1350706732200475,1.518253484124518
0.26842907911625885,0.15555728215784634,1.7255963551991078
0.23210182723910794,0.15651757896658963,1.482912199201935
0.22180744507435665,0.13780478377875632,1.6095772511821174
0.19563969452687763,0.13282460780732944,1.4729175395771956
0.22995461791401733,0.1412891842029466,1.627545797020899
0.19927310351074148,0.14132871234263725,1.4099973049186487
0.1837994003968064,0.14234187445255309,1.2912531965993772
0.21120794124134845,0.13810262865569778,1.5293549680933936
0.25694438082294146,0.14325322283080538,1.7936376979554263
0.20414688468181896,0.12744423979196184,1.6018525828634187
0.1991007205990397,0.12704842924237392,1.5671246137109618
0.17606817300832936,0.13349311657711668,1.3189307248409157
0.2350871975392864,0.13499842811928803,1.741406924616614
0.1865997256650828,0.13378671563882444,1.3947552623149395
0.24072806417632076,0.138444211689271,1.7388091653598285
0.18488342172063507,0.13746152284599186,1.3449830752113332
0.20970176550755426,0.140778755955278,1.4895838799298058
0.2642926540403071,0.1404047001987174,1.882363294578093
0.22920826289711638,0.1499719920797744,1.5283404568980714
0.20708032092601752,0.1506110295621007,1.3749346347880393
0.24699654698384643,0.1399681014690808,1.764663122464431
0.1796734093295503,0.13507955718412773,1.3301302808139683
0.22575830648463785,0.13251289066499067,1.7036705285932021
0.1849994300679112,0.14160605504979626,1.3064372847817525
0.2249201460740678,0.14047165432121392,1.601178167658986
0.17431009558341382,0.14353247805955358,1.214429639479158
0.20529337234731235,0.13637699504137968,1.5053372622341619
0.16948829725431833,0.13688107710448671,1.2382156894114826
0.20921267679520925,0.1380551280828221,1.5154285081659427
0.18468823371704518,0.14411847959650145,1.2815027901635494
0.20613866901608352,0.14068204426221795,1.4652805914012783
0.18973447612963049,0.14071261135148042,1.3483828798806121
0.2149416269789589,0.13454769006218031,1.5975125762443418
0.20542328091433498,0.1366902156782124,1.5028382236072382
0.21750145386706063,0.13708057525860382,1.5866686688230047
0.2111814241830859,0.14200342066904856,1.4871573035924448
0.20002604325880474,0.14587993856685744,1.371168957321242
0.18106114977417145,0.14052778670396213,1.2884366431786014
0.2065632486081157,0.13540944184567238,1.5254715313245149
0.22250054438800407,0.12872602391328408,1.7284814493912353
0.20888471799313768,0.14113482407252517,1.480036690914765
0.23292854816124486,0.1341760110359326,1.735992494954006
0.22399414218739705,0.13511565579020418,1.6577956187045833
0.23406682479698424,0.13779222977281128,1.6986939334889082
0.194621177854424,0.13631932396493232,1.4276859083051912
0.2211351190775912,0.14160493044968397,1.5616343186310624
0.1935631964251333,0.14175510286666296,1.3654760393860519
0.1814772727928807,0.1429404819246317,1.2696002584388115
0.21589107749570843,0.14211914363988656,1.5190851279174
0.21722084978731374,0.13600303891603782,1.5971764419280083
0.23911066034356016,0.13533054619555054,1.7668639273652893
0.17526896864966493,0.13732305938380027,1.2763258365793522
0.2492835714225389,0.14282487267975943,1.745379265847344
0.2219580899011045,0.12284357088964269,1.8068352156622178
0.18375606322502544,0.13369017698306296,1.374491883934788
0.21030466612570964,0.1559685657767044,1.3483785343438794
0.2107743727853086,0.138484537884425,1.5220065431507923
0.21764616801440204,0.1471571766151393,1.4790047826455168
0.19516837547688706,0.13901286889976114,1.4039590508531863
0.20239383674684255,0.13455728891538216,1.5041462144359952
0.20940608865971674,0.13721767250156833,1.5260868723547496
0.21127432775393673,0.1491911433784807,1.4161318357749841
0.2190017249229927,0.13127910078010627,1.6682146938972613
0.20321315800842946,0.1321747498656112,1.5374582377878272
0.17298024567442347,0.13485378879523005,1.2827244026275515
0.185482001990461,0.13184404858717344,1.4068287797444485
0.21642363446123436,0.135645109676525,1.595513726792976
0.21902185937933807,0.14017210951824768,1.5625209617811002
0.2427348644680335,0.15351412272163037,1.5811891451067894
0.2506854018297588,0.1302063401572641,1.9252933576581546
0.21580789966414304,0.13745782371478132,1.5699935720787674
0.2412393661905814,0.13712951174885676,1.759208233982446
0.24459448235569367,0.1448163649765707,1.6889975272840587
0.20213877017251625,0.13207831425700492,1.5304463212574322
0.22110527675328287,0.13809989635444483,1.6010531694085985
0.23066998470661015,0.14238601042650176,1.620032642361868
0.21619459778921085,0.1357465852011334,1.5926337849963519
0.19096055489034688,0.14020215760486127,1.3620372050802567
0.2422233917458434,0.13749257965555192,1.7617197404591898
0.18606953664400672,0.13863863339464927,1.3421189468475245
0.150963930208002,0.13162555183894542,1.1469196375542543
0.1850960890833224,0.1466980613936661,1.2617487056397747
0.15309567034303173,0.13271342398791044,1.1535808944012929
0.19918453039196854,0.14508945642242743,1.3728394557633705
0.18609313097337996,0.150073343894504,1.2400145565104255
0.17263750294909544,0.13937892533023388,1.2386198454325947
0.21368021386451316,0.13111796311249874,1.6296791743262233
0.2099839899622888,0.13431867809324763,1.5633268056473297
0.19621536470149017,0.12710569229329324,1.5437181542485767
0.2023354313896876,0.14002268702933057,1.445018915736879
0.21328571591936493,0.13620603206638546,1.5659050681060265
0.19825058553913005,0.14094594648142972,1.4065717424888873
0.22043906671575964,0.15708969882258378,1.403268758982868
0.17428970429458124,0.15100325437101264,1.1542115765687682
0.201452807060487,0.15440779115267353,1.304680324461716
0.22744914239775282,0.14087953465998732,1.6144938506980535
0.17791323446543908,0.1357936535622134,1.310173412367381
0.19380831571967802,0.14628092521106578,1.3249049077317219
0.172695297414021,0.13199000331976937,1.308396795745476
0.18112581066753888,0.13324343809674719,1.359360079976506
0.19126168115816214,0.13894120457350212,1.3765655893459716
0.18519319263417755,0.1326023162282091,1.3966060164096936
0.19426559956908612,0.14633436442532866,1.327545995993414
0.20383790821563516,0.1253791942753779,1.6257714000612706
0.1830222693901598,0.14539088151685808,1.2588290784173997
0.19693238348113887,0.14000707406909021,1.4065888083909057
0.24692636227665227,0.14172291089477168,1.7423178843679936
0.18388096048729363,0.14887134387874404,1.2351669280090933
0.21431351032348925,0.13530576186793192,1.5839200590191755
0.22137201616756993,0.13897022508485365,1.592945654599053
0.2213446513231016,0.13835886422505383,1.5997865591254312
0.23663777117320575,0.13035082337977472,1.8153914569742762
0.23879483611297578,0.14089405607491515,1.694853869392514
0.1850924667922986,0.1468589870219016,1.2603414373591935
0.19953021385924774,0.13413766007441622,1.4875033137491245
0.16065077884033757,0.1386818531898733,1.1584124032463423
0.15258412434551386,0.13354804486882504,1.1425410570060133
0.16664130939908314,0.1349312100848539,1.2350093747346353
0.17182170464487584,0.13470355159374064,1.2755543756045997
0.2169937303923296,0.13700121397773615,1.5838818072633496
0.20160787526938043,0.138724851545694,1.4532931412290873
0.1936016636403669,0.14866365716057625,1.3022797053300774
0.2336241095409575,0.13183963183369588,1.7720324783343888
0.25511280208923753,0.14054388999839482,1.815182446509423
0.19475079138590665,0.13739535751081158,1.4174481213499648
0.18435880587205206,0.13437616158766247,1.3719606490752647
0.23486554837109483,0.13398824210309662,1.7528817804056167
0.22358656591857082,0.15926949142673083,1.4038254527950693
0.25250847531535353,0.14599647047146327,1.7295519165630053
0.21195970364257072,0.14459318128291257,1.4659038674019358
0.2476700225534096,0.12614641578154773,1.96335362379466
0.26519732667208407,0.13638648689243982,1.9444545622854115
0.20914251714510623,0.13950374542325067,1.499189261984138
0.1598703616147172,0.1476822502476102,1.0825292907351556
0.19889539933235253,0.1332956204604445,1.492137540943251
0.1788525710907451,0.13980486203127274,1.2793015099198612
0.19948320275023138,0.13494537562632375,1.4782514912005495
0.20135839615936535,0.13519489974362855,1.4893934352642244
0.19310804643673138,0.1375481304349081,1.4039307246572565
0.20399047630368464,0.13229925867388678,1.5418867675329482
0.2070365412245113,0.13085658328761332,1.5821637400501274
0.2360292326680138,0.13211938274377447,1.7864845245739358
0.22331703791766278,0.13456774849966,1.6595138167019792
0.2299102789469011,0.1454058575214532,1.5811624295326623
0.20911988540608725,0.13491051607410556,1.5500636384136202
0.2301182127029984,0.13400626387380374,1.7172198227965307
0.22360058296504082,0.14550425268652256,1.5367288504396543
0.2133428349310701,0.1425869771206032,1.4962294540448813
0.21101317756519222,0.13850148938778795,1.5235444651023213
0.18510952783428378,0.14687591155641772,1.2603123675809824
0.22954637892878174,0.11938055719514576,1.9228120920356664
0.1797303382835737,0.1401274393192651,1.2826205856376045
0.22216926220475972,0.1491884538351599,1.4891853658476624
0.21442772124644835,0.14362074206138822,1.4930136007429546
0.21369294463781677,0.14526209276984392,1.4710854054429465
0.19880141802903903,0.14116234085892676,1.40831766333285
0.2237688213264238,0.1408797576022483,1.5883674499085927
0.22980426452248726,0.13199397493434553,1.7410208658144666
0.19135369738228258,0.13922281188977922,1.3744421247128285
0.1983118122821209,0.1333823088516678,1.4867924688772638
0.20848443271178507,0.13060315726329366,1.5963200054305282
0.19721800269358558,0.15398657000061383,1.2807480723338367
0.29897059911922147,0.13465594230346944,2.220255519399521
0.19384556231621014,0.13536033936539651,1.4320705992981928
0.18378745247961528,0.13479230586429733,1.3634862264663978
0.22593102020582054,0.13619557905588273,1.6588719088533574
0.16222925059488402,0.13108010623241478,1.2376344149984093
0.19371057388650925,0.13987846699046547,1.3848491340680273
0.2186796889746026,0.13690521832304295,1.5973071856078107
0.16986164520471592,0.13936400203692023,1.2188344387506629
0.23477662058010382,0.14214161939887693,1.6517092008166525
0.2265333401256462,0.14482746963343968,1.56416003606916
0.17358431117197193,0.13881249080636135,1.2504948954061783
0.19793120381909401,0.14921597526897007,1.3264746181654614
0.2126658294591275,0.14344959184997524,1.482512614476736
0.17285297964724786,0.13794885380598138,1.2530222243843903
0.21626448278470164,0.13704465360509865,1.5780585166633283
0.2181837361628082,0.12721220071554923,1.7151164348667656
0.21680357153873983,0.1391953363529674,1.557549104870696
0.22034135268951466,0.15211636296739572,1.4485052652536934
0.22190141262686075,0.13692121840834665,1.6206502922364716
0.2189908868579136,0.12969066314686445,1.6885632438313904
0.19063682379391741,0.14083278962114323,1.3536394777576506
0.19937179843910913,0.1319163029231994,1.51135071269532
0.19763951856811682,0.12443208033250154,1.5883325107158364
0.18583118699112725,0.1449159546055049,1.2823376659733785
0.18677145624766775,0.1413987408893291,1.3208848613005066
0.20950168082206538,0.14229168775955134,1.4723395591180806
0.19254673556583476,0.1324867547053076,1.453328191139707
0.21222347540678158,0.12910235013341717,1.6438389788215724
0.26302269514668136,0.1424833239964863,1.8459893254116362
0.19061150143087555,0.13600956938339875,1.4014565467342879
0.21897933223609176,0.14754006750021503,1.4842024674807242
0.23929120461270323,0.1402698288445713,1.7059349582429055
0.22623588331190145,0.1302759121170331,1.73659028469256
0.23750029969261666,0.15025260581581798,1.580673415965566
0.21445194793555894,0.14770350772375032,1.4519082941256083
0.20446172864431927,0.13575334546260426,1.506126629495418
0.20404810696618872,0.1257181593344474,1.6230599306132103
0.25111847114516983,0.15066824885850988,1.6666980139988958
0.19972566843898745,0.13422089493957154,1.4880370789429413
0.2168023250074632,0.1402836214432296,1.5454571444407672
0.2205353333281634,0.1383223289050771,1.594358156588764
0.23280569345197424,0.1457467954963704,1.5973297571250678
0.15544730907789805,0.13452098679722355,1.155561766077577
0.22324062005919038,0.13114817261306355,1.702201529851538
0.2037454492004284,0.13424428107780814,1.517721630780959
0.22084536251396272,0.13865114696786218,1.5928130949046693
0.18848723242178952,0.12985605711045564,1.4515089755225061
0.18436269197705232,0.13838109720864877,1.332282339827623
0.25514881077195173,0.13538720358449752,1.8845858693928108
0.1727604676266561,0.13886689125435334,1.2440724067929347
0.21197626304606623,0.16256224923868873,1.3039697964244044
0.19644916019396574,0.13189729762559887,1.4894100465318292
0.2023248427137371,0.13365925014501545,1.5137361798320876
0.19111162009859403,0.14287417301400437,1.3376218813169367
0.20535266812569608,0.1353442240252639,1.5172621484561035
0.21796547310604933,0.1373651660041841,1.5867594343343943
0.18454896399375212,0.13461829417056978,1.3709055305656828
0.2012318113967039,0.1283454445992676,1.5678921213371386
0.22508697311472248,0.1467352110735788,1.533967010834605
0.19583844896704525,0.12923736818194037,1.5153391911489862
0.19118963089470006,0.12975674529550874,1.473446566953292
0.23501736382957522,0.1394784898520364,1.6849720991307675
0.18999168140921127,0.1427269344584254,1.331155062848726
0.199416939088361,0.1431423698199444,1.3931370518680326
0.2373656573419202,0.14629394492861938,1.6225255082001997
0.23032295566702984,0.14392105027640784,1.6003423767731175
0.21807751981755888,0.13985904382042952,1.5592664861741592
0.21533909465833456,0.14076207401958477,1.5298090494771597
0.19409661430357553,0.12782398710560675,1.518467845500822
0.1886444752663743,0.13492990865211266,1.3980923662577505
0.1684222397025835,0.13870522187387854,1.2142458476129034
0.20727094335884455,0.1318867333727745,1.571582964095399
0.2241282427262315,0.14378221221121334,1.5588036884353356
0.2448051050231052,0.13276236315718198,1.8439345248266779
0.22839810759750212,0.14172842695408702,1.6115193860967056
0.22095304568293817,0.14558206053177614,1.51772165386209
0.20184976779047742,0.13368338711144873,1.5099091379409766
0.2371170219295104,0.13774761142213326,1.7213875397291316
0.23337498184598957,0.13872598050618495,1.682273075270027
0.23963242024147668,0.1331114420101529,1.8002390825515888
0.1927010635586027,0.12758497612393233,1.5103742573217909
0.22733467431558033,0.13990243793066637,1.624951485321822
0.21121169302053827,0.13571885082621593,1.5562443369859411
0.23085540855574754,0.14391192471712677,1.6041437081014436
0.24462717179928664,0.14571053871150633,1.6788570954612025
0.18152513192404973,0.1328728612032633,1.3661565671138836
0.20159559074113656,0.13419784884942887,1.5022266934198665
0.21446188518377,0.13230936514714933,1.6209123590401466
0.2380057117520917,0.13759471977854054,1.729759049876065
0.21399070642383788,0.1500370222466315,1.4262526889668539
0.2033522727150089,0.13887085512017916,1.4643264962905815
0.2114402663481217,0.14086755007414775,1.5009863253590123
0.19525649587189248,0.14043256631569778,1.3903932755380144
0.2080875281030358,0.14266301485680635,1.458594775330504
0.23535571408709757,0.15854737202996236,1.4844504268580367
0.22995982224362954,0.12925448772335982,1.7791244721483626
0.23157244798073087,0.13154934282909994,1.760346672971025
0.22535483126435124,0.14163484983910646,1.591097328943749
0.20431537681602302,0.14118631265567014,1.4471330327488199
0.20564122830309436,0.15069058230053,1.3646587939581616
0.20644357262604918,0.14881185401426467,1.3872790846773544
0.1805985520517576,0.1440120935744513,1.2540512922853375
0.20385632520492372,0.15136597610645436,1.3467777267300372
0.20013584898171302,0.15350805731900014,1.3037481711192342
0.17686527237743468,0.14013978094954732,1.2620632855213978
0.2123070818781935,0.13993458013144244,1.5171881151804691
0.2358206014006269,0.12727299287819252,1.8528722871027368
0.1703164732559913,0.14278779745809597,1.1927943163768893
0.22260027103087107,0.14013292603955654,1.5884937060975646
0.23935659801001,0.13388770931341631,1.7877413784838359
0.17771949493817607,0.1278532175348496,1.3900275516314962
0.24519886677488165,0.1376404043488376,1.7814454115773048
0.17277061758171716,0.1345495883640355,1.284066489406652
0.2217035522402684,0.1512884953143251,1.4654356352718374
0.19924454401618638,0.13251989950937748,1.5035066035655067
0.21819925363592613,0.14127073161422352,1.5445467800915476
0.23303882446088306,0.13964566359603064,1.668786688106705
0.20584965665739843,0.13527682045104267,1.5216920088086814
0.2080799249158331,0.15015708016841084,1.385748342219082
0.20076326411484702,0.13807747539611095,1.4539899685948463
0.21161006924378672,0.13583807121247612,1.5578112038471823
0.2363850513763588,0.1275120562709208,1.8538251071264902
0.16071352979737102,0.13624278192345826,1.1796113344753965
0.20922039977510212,0.14200070914492283,1.4733757390012492
0.20467278001846423,0.12661968453017106,1.6164372923366004
0.1809133524036859,0.1467352961032146,1.2329232107619847
0.19149476723300257,0.13512670519417355,1.4171496815365223
0.2317179452904004,0.12825773828937412,1.8066585952700973
0.19866400535231774,0.12709833757275427,1.5630732010054615
0.20213677147768402,0.1426130415979813,1.4173792888275745
0.18741477338273402,0.13598256319224755,1.3782265092162835
0.22722163384777613,0.13298635134507206,1.7086086771279485
0.21447718847791353,0.1365140786517356,1.5710994103770903
0.23012900957406154,0.13187345611786394,1.7450745309077225
0.21902771650531155,0.1362548081526994,1.607486146542802
0.20441438682875182,0.12554737447833347,1.6281852780922068
0.14393162161871453,0.13040782171064721,1.1037039015809522
0.1903928777864567,0.135617389492909,1.403897232488845
0.2328217393763296,0.14286622535772173,1.629648566645958
0.24022241181453857,0.14378005956857706,1.670763056680767
0.2066894193946472,0.15153594656884545,1.3639629676958829
0.17950525796692857,0.1394313445603278,1.2874096461808269
0.20221833782676416,0.12440547822397093,1.6254777580027817
0.18857598789709754,0.12756435180629894,1.478281237876254
0.2106552996686406,0.1394652097987845,1.5104505272143975
0.24695435554736617,0.1459321095478799,1.6922550925390492
0.2112729816145826,0.1271217597978559,1.66197338638594
0.18274390422419276,0.14110415601355394,1.2950993747245763
0.20372378497881194,0.1252998210402936,1.6258904704524593
0.16482086983211555,0.13203748223056844,1.248288493901297
0.2456829244646022,0.14361969480705553,1.7106492587570423
0.2458179721205974,0.13142923715187135,1.8703446618696082
0.17789363005322673,0.13815256924066405,1.2876606713215235
0.20907650256552945,0.12926636074242603,1.617408437622312
0.1953936984937869,0.13837660886490954,1.4120428307687494
0.19982948513772558,0.13466263825437255,1.4839267054923977
0.2335748348821597,0.13463291224833673,1.734901451521155
0.14837771008336692,0.1314353950693997,1.1289022261090436
0.21477147211518943,0.12981365007671913,1.6544598506263455
0.20634538755138096,0.14160790180201074,1.4571601226030664
0.21179563177574945,0.13635537343052828,1.5532620860274144
0.22595365874841172,0.13866754005860027,1.629463237416087
0.1733999276231886,0.14149855476015893,1.2254537010438213
0.21687817134403564,0.14024464889834948,1.546427425557112
0.2606551717044956,0.1457772691902007,1.7880371415409742
0.2144308060484216,0.13716010816181798,1.5633613076146138
0.17500885743647313,0.1445108992901392,1.2110426154438512
0.2404066539237851,0.1509069891016016,1.593078328280248
0.20771741693160437,0.12794966475628586,1.623430724318484
0.22755398353998846,0.13314344724208485,1.7090888680855914
0.20365615621194016,0.12986911202914386,1.5681646931276298
0.24338562569588146,0.14192652373613657,1.7148706195916776
0.22554535444858712,0.13674917896111322,1.6493360776427366
0.18846288359597663,0.13758128044182077,1.3698294055031146
0.21780206878175298,0.13484967872272152,1.615147109320138
0.20509333711605546,0.13597519446190393,1.5083143504789494
0.15228256868972984,0.13453134574029488,1.131948601656767
0.20291834836891304,0.13721916541110257,1.4787901366473015
0.2246322195266169,0.13815665209870243,1.6259240225807894
0.18583616484251392,0.12633488289878092,1.470980623707905
0.1953696548175129,0.13768864060442818,1.4189235507001559
0.2128877861918634,0.14347323198264902,1.4838153657652953
0.22392305127938197,0.13296775535884423,1.6840402447576397
0.2306671598963797,0.14657445232912375,1.5737200871706554
0.1996110930000095,0.1450951902408319,1.3757250855020833
0.22043976415902816,0.13911182420114823,1.5846227696668265
0.22276518657327182,0.14417557526863944,1.5450965682515776
0.20993629264764196,0.13103264672578332,1.60216784056101
0.23662978956859576,0.13336400437948295,1.7743152709727683
0.2184875526796823,0.14308072422723517,1.5270229715407995
0.21317984890239136,0.12587677135120046,1.6935598729936627
0.18708391437601873,0.1372369047585354,1.3632186962041135
0.2429040681370433,0.1289628043653559,1.8835203633513429
0.20012050222588587,0.1318017629206969,1.5183446548153936
0.16175490352633623,0.13806026234731478,1.1716253524088882
0.21772409841938054,0.12656271717539774,1.7202862207647314
0.20401411186612567,0.13326295139305247,1.5309139542046923
0.19690178811074405,0.13485785975294443,1.460069056942341
0.21184441023050588,0.13298988393883796,1.5929362742201738
0.18180614464421585,0.1332133699476193,1.3647740066609206
0.22133841780731553,0.12574845412974361,1.7601681017799626
0.21276098015260583,0.13460611751100096,1.5806189502138899
0.17108784865845697,0.14460381653648452,1.1831489151276333
0.22576276424028052,0.14469131005212443,1.560306311131957
0.18409123800356644,0.14298845372516492,1.2874552679435525
0.26100723828178946,0.1420966313008103,1.8368291766836635
0.22081700770447013,0.14127716654627984,1.5630056370937655
0.1875884845650996,0.14072289718917805,1.3330345545182938
0.2200579824972875,0.13432235585693925,1.6382826305671816
0.20693101728518665,0.14049432169962967,1.4728781546601972
0.23002013864312115,0.14254058775116854,1.6137167825115515
0.2231319721335416,0.13178686404913922,1.6931275642945918
0.1957800538755762,0.14368017983499862,1.3626100280526425
0.16389158883289248,0.1367375659172917,1.1985849516439793
0.17572370389888928,0.14321785694554398,1.2269678352030156
0.19700803015433554,0.15162967750060422,1.2992709171563759
0.1920704052799685,0.12968411296702778,1.4810634925559651
0.2222741479244179,0.15751778310119832,1.4111051053938237
0.220189817783768,0.13452924438300165,1.6367431393347656
0.17557428257081684,0.13753774349421544,1.2765534616917802
0.1934792580005409,0.1429937819058162,1.3530606395736655
0.17906805360990205,0.12577587989957975,1.4237074211118308
0.2115342463092658,0.14196345324724138,1.4900612902171446
0.2241612274153886,0.14955378681907527,1.49886694401507
0.21383675491737664,0.13764673757043616,1.5535185118931916
0.1919263561363774,0.13414747287294296,1.43071167891593
0.24457824186265825,0.14604229038847494,1.6747083410707682
0.2172837456717944,0.13778212261566508,1.577009713211447
0.1814177379637713,0.1378951626559149,1.315620754706652
0.16462514345213955,0.1528234789835964,1.0772241578783186
0.21463393293163316,0.14667991655777693,1.4632809860311673
0.24539419763860645,0.14166525141317243,1.732211641109536
0.22968127033764463,0.1448911331250743,1.5851989378768747
0.21661450046697303,0.13850660202313816,1.5639290640513048
0.23054680393649996,0.1522066507006169,1.5146959930809747
0.24263731880872044,0.13719982155551422,1.7684958774566903
0.18671148265161114,0.12776885414778993,1.4613223535341595
0.19709548530437088,0.1346260823662244,1.464021546495058
0.20147008476359302,0.13314499730289853,1.5131630090859378
0.21538933547518316,0.14159865623748336,1.5211255614879646
0.17668321974155357,0.15051871293445007,1.1738289299517062
0.2583395036357272,0.1448231744217209,1.7838271027221793
0.19787754889600281,0.13616033032369015,1.4532687194985061
0.22255393257346706,0.13884464122503398,1.6028989711800279
0.20491224763488602,0.1474056244002764,1.3901250272408316
0.1855975210314516,0.13025715402780963,1.4248547223120422
0.19748637975057054,0.13388003738093654,1.4750995265160498
0.21761663269392045,0.13385830570537793,1.6257237946287364
0.1852135055311436,0.13475771172866488,1.3744186002807144
0.23690659456781324,0.15646295077058464,1.5141386085398574
0.1788629275184359,0.1363419107124232,1.3118704775650345
0.20185229174150598,0.1435040278404714,1.4065966982188012
0.20603965177180875,0.1338538677981597,1.539287994893798
0.19534532968490967,0.13348490253499476,1.4634263948591295
0.195112799026291,0.1394856886233418,1.3988015613068456
0.2301791716505322,0.13121521463309038,1.7542109906550782
0.2305189214617466,0.1351542947462758,1.705598197190094
0.20744081024517866,0.1412409354404788,1.4687017584402615
0.2099087498000816,0.1352226675924508,1.5523192489644417
0.23849265838998787,0.14633024534762623,1.6298247694686634
0.23015278302602477,0.14134968139086557,1.6282511623750848
0.14080493415505296,0.13792637957866413,1.020870225008314
0.19853553567479348,0.1367015446640696,1.4523284002582029
0.19360885554663806,0.13393750834336368,1.4455163302747147
0.17033231152683262,0.1373318745312807,1.2402969966599797
0.23164001026880388,0.1352842966176639,1.7122461073472361
0.2131286557375531,0.13974973238260346,1.525073802317235
0.22138675914737332,0.13793220091177902,1.605040430616862
0.25425745013010576,0.13379282812534307,1.9003817595656627
0.15801964072581182,0.14048370063402338,1.1248254424723023
0.14503263015976905,0.14173026137814598,1.0233003788288524
0.17870758333351588,0.13721394937174883,1.302400988760624
0.21056499874756138,0.1356187449692215,1.552624593269528
0.18325762268047077,0.14537178202016754,1.2606134432268794
0.18043505789138556,0.13562703869502413,1.3303767421857404
0.1705789723932161,0.13675808824459026,1.2473044525756865
0.1693425408509049,0.13884033193968298,1.219692710937
0.20320244351531644,0.1435715671835944,1.4153390361440306
0.2252158644367397,0.14140400151605972,1.592712101652662
0.18860512985089264,0.13800818910784782,1.3666227422454285
0.24670048020054283,0.13087865154959102,1.884955852460521
0.2422613057617398,0.13495826689468413,1.7950831122541795
0.2167294884480292,0.1345479596120123,1.61079728799306
0.15126791070950127,0.13597952891537174,1.1124314955058008
0.2441530303307923,0.133133764565829,1.8338926351779752
0.20069726893607032,0.13125709214797088,1.5290394267596377
0.1878073991167205,0.13709743535113592,1.3698826578025
0.17996973140852762,0.13421672311796842,1.3408890280412007
0.2179970971457083,0.13559888916940133,1.6076613789466103
0.24744955348894035,0.13407709860501965,1.8455765829025494
0.20160593689322787,0.14343662006804994,1.4055402086132602
0.21398130597696768,0.12880729430158264,1.661251462017074
0.24281842244072918,0.13609738813887443,1.7841519647162964
0.19097549299578848,0.1362464639991401,1.40169137157933
0.2108068331685044,0.1340397755220103,1.5727184885794472
0.20673339648744263,0.1352755830515291,1.5282388131248628
0.17482749048510043,0.1371262993994375,1.2749377125378591
0.21994362615921037,0.12636316194977446,1.7405676050321637
0.18254422574895302,0.14625934741076832,1.2480858760861204
0.21145333985804685,0.13197455949760128,1.6022280404875315
0.24186591246802813,0.13296907201914374,1.818963679262245
0.16712110527057167,0.13722914302782796,1.2178251760756247
0.1774694945316644,0.1431562538103153,1.239690825989445
0.18637944746553797,0.14491339775644338,1.2861436578748005
0.23036266559200164,0.14382887349089984,1.6016440927389788
0.1666269626654817,0.13499051055377756,1.234360563434574
0.18975532887847119,0.14195352268414851,1.3367426555569413
0.20499269968899986,0.13730567014918874,1.492966018564755
0.20307045598871698,0.14303909749133556,1.4196849641128206
0.19881519946818496,0.1431931780835247,1.388440441989603
0.24468255424876242,0.14291679085476772,1.7120630318197478
0.21779344699222294,0.14078421771853128,1.547001862294363
0.22278589964661719,0.13766929037219966,1.618268671570095
0.2532368281771142,0.16045558513756608,1.5782362948600537
0.24875379760691838,0.135419304753158,1.836915335375161
0.18938106411548625,0.13977452556999068,1.3549040023080285
0.1902287593112582,0.13689532473428823,1.389592812468135
0.2258284339576104,0.12974752048057842,1.7405221550373604
0.23095169948376246,0.14725085253089223,1.568423513441529
0.15157345375184783,0.13359371002027595,1.1345852565127732
0.19407888658269543,0.13569053820330443,1.4303052309506505
0.21320200572943912,0.13429148503393987,1.5876062855031796
0.22117522519909075,0.13463816581026883,1.6427379552300894
0.18628872811984806,0.13044902913912887,1.4280576049451776
0.17295454198521584,0.13743227823946458,1.258471038978606
0.17141435787123532,0.1450965015644553,1.1813817426541398
0.2165128405095373,0.1301206370909053,1.663939290108735
0.2047289946129099,0.1339360857883118,1.5285573966711814
0.20625726283972878,0.137384105929012,1.5013182307006048
0.19604519837232254,0.13031767265760652,1.5043638700286408
0.26988880692522393,0.1515359585736001,1.7810215440986605
0.20758996994582923,0.14127790216413402,1.4693732478038575
0.18130204090998567,0.1268225030315958,1.4295731165692034
0.1898389529426242,0.130055734613007,1.459673835279219
0.2274565515337372,0.13370642047668932,1.7011640183232075
0.28340043511014584,0.15324156813391562,1.8493704975825243
0.15375367058421213,0.14083116541070503,1.0917588456775265
0.28974934476048014,0.14678602303750987,1.9739573207623267
0.1971250212273796,0.132219073901176,1.4908970045782957
0.19919565422292718,0.13845706383259543,1.438681774039128
0.2055639510227858,0.12343294410993706,1.6653896778132242
0.1685887869628955,0.1451890727194873,1.1611671856918435
0.17936667297383962,0.1491913597421176,1.2022591206614182
0.20287352406867667,0.12818475624557135,1.5826649752332445
0.19957691254230076,0.13262025683207454,1.504875026708835
0.22683726886974687,0.16338346095199652,1.3883735082365138
0.22885959044304574,0.14202221835914922,1.6114351197099321
0.20833939771290458,0.15163792440542503,1.3739267305972898
0.17949950135649165,0.1320463859925981,1.359367013395986
0.17854520822595554,0.12717985590884673,1.4038796234674442
0.22828321719732847,0.14715475582980614,1.5513138933909316
0.20890198937966534,0.13065567231693984,1.598874244609284
0.21237411008578058,0.14058884006454284,1.5106043266896712
0.19172069069048403,0.12513607003052135,1.532097744828668
0.2305661729497994,0.13533846310176967,1.703626357692727
0.21130906610799954,0.12706252814802,1.663032124324156
0.22137377763371963,0.140066315999149,1.5804926120500278
0.20863095543047,0.1414055817092042,1.4754082046033552
0.16647356063571028,0.14080711828664302,1.1822808581084496
0.16774271827832718,0.13092706077103106,1.2811921178898256
0.24876271456496118,0.13081119288542528,1.9016928832905537
0.22559336128608592,0.13843695119555258,1.6295747583130344
0.23586797694467254,0.13542120975824537,1.7417358578153692
0.22231351918056966,0.15137387842571834,1.468638588722311
0.18793690586446113,0.1404330486733242,1.3382669367353872
0.20343829882882694,0.1328612542131806,1.531208628381627
0.20671996786375393,0.13832274503002315,1.4944756035522941
0.24448573811157331,0.14007912306212308,1.7453402960207525
0.16963662537764368,0.14118672671288798,1.2015054766629043
0.2318676661887979,0.14993078641792196,1.5464980323819713
0.19737767905290954,0.14905054916885668,1.32423315548676
0.1907031411586694,0.14915900395693646,1.2785224900920302
0.2039205825167181,0.13292002809022088,1.5341599414822937
0.2804065098196597,0.1404929547821304,1.9958759516055478
0.2353263268324964,0.14617614610213842,1.6098818658693166
0.1825215976612462,0.14463621020815773,1.2619357033661525
0.19994471599268482,0.14433803730401915,1.3852531164154696
0.20270352386712806,0.14248692286335524,1.4226114214110754
0.2159768089258214,0.13552512871170935,1.5936292477924874
0.1978835448004329,0.1406609102825625,1.406812627637063
0.2122582616997268,0.13410484454641922,1.5827784776727845
0.22239987808657438,0.13281771102004378,1.6744745589916965
0.2338327086589195,0.13713057228417677,1.705182912635602
0.19706766574699286,0.137341250495423,1.4348760116579853
0.2126990521957988,0.13956429644985577,1.5240219569495677
0.22422993560478746,0.13491883046281977,1.6619617501545092
0.15279044952661708,0.1362697113920051,1.1212355846787332
0.19721615867264877,0.13405067404563029,1.4712060202361774
0.2316577248516073,0.1476694734707246,1.568758385920116
0.23269256559017346,0.14321440135409605,1.6247846821971739
0.22738079432526773,0.1376540538498207,1.6518278101227448
0.17997426880361914,0.13309084058864465,1.3522663769168093
0.20291716119351114,0.14677326353445544,1.3825212869636558
0.2209329783787919,0.14240436334123444,1.5514480960768342
0.20014586469031487,0.1351983917115046,1.4803864317957238
0.20049460702842178,0.12879413723993377,1.55670600638378
0.21528992897172425,0.13717221798092205,1.5694863882835723
0.1986970197808903,0.1357521107807695,1.4636753612013633
0.18511564023722327,0.13312898438453838,1.3904984034319925
0.18297665125856488,0.14003983830335912,1.3066042740080475
0.23071266907635765,0.14298484203778813,1.6135463437123267
0.2005822420509769,0.13329685827774818,1.504778466969022
0.25239985062286313,0.14253833730815257,1.7707506302476488
0.19152096707980193,0.13852938247929847,1.382529566306429
0.25899038050580064,0.14743909055956672,1.7565923631437905
0.15857392640788634,0.1445774158608673,1.09680979884499
0.2222127327962087,0.1383080579884444,1.6066506610538522
0.220444726511369,0.13671413359875928,1.6124501593840304
0.20283698063917555,0.14464608882880786,1.4022984118100699
0.19080318988932254,0.13451413375670795,1.418462020016596
0.17819488525952545,0.1378390774571222,1.2927747961383214
0.1888660977394791,0.1452671640571198,1.3001293097813622
0.20041588875654487,0.1374471579889385,1.4581304676570612
0.17525141725080015,0.14303832978386768,1.2252059816107106
0.2322613397912502,0.12847310065128553,1.8078596890229732
0.2484911497498518,0.13948549399653293,1.781483813334943
0.22773672964186661,0.13907110220668675,1.6375560848249082
0.18651672144971365,0.13366976502134617,1.3953545995979582
0.2110104658173256,0.12886383949888233,1.6374684057055102
0.19738491432891797,0.15102899252969385,1.3069339272067917
0.18913311446553924,0.12554492346398477,1.5064975089956234
0.22650608458365265,0.14231378398714653,1.5915962476558854
0.2141683284714849,0.13155363677639306,1.6279924578255127
0.19999456913585734,0.1336244318076564,1.4966916336358038
0.21828672306168156,0.14323069506269515,1.5240219491089726
0.19871135851693605,0.1338404259380627,1.484688629195589
0.2144146901914145,0.1443107224837409,1.4857848848727924
0.2126904312412149,0.134753330011005,1.5783686475417338
0.1975494692222733,0.1459956387414026,1.3531189761920652
0.2146944674341139,0.14467925013139224,1.4839340626878872
0.21217255167130625,0.14416953782432637,1.4716878119554144
0.20052742542798682,0.15332817703214305,1.3078315369649842
0.21996305228691201,0.13951386624871953,1.5766393563688574
0.22406663197649523,0.14035550424439822,1.596422122400932
0.21844999831966577,0.13449599985207955,1.6242118617648102
0.1901549817508992,0.13866214633312046,1.3713546687361444
0.2203794945249538,0.1474654840783137,1.4944479781310593
0.2022621345726558,0.14255900385058223,1.4187959308739917
0.20363920130809987,0.132475755553345,1.5371809011959092
0.2362194566945221,0.1352868344731208,1.7460638916897337
0.21025344162804033,0.14916124657616148,1.4095714969818605
0.22717423206746393,0.1342012411918104,1.6927878613489842
0.22178568823692713,0.12724681619287947,1.7429566795663205
0.23133522027799183,0.12872579168339388,1.7971163140870003
0.20805236370766408,0.1281961156547601,1.6229225249535773
0.18033421901167518,0.1477889558167265,1.2202144471154406
0.269755922990765,0.132167263920063,2.0410191978697383
0.19978319709986925,0.13088493286473965,1.526403327924163
0.18167506756207416,0.13119057357760647,1.384817998791684
0.17701733451859736,0.13092471021971547,1.3520544305313342
0.19541027746422318,0.14167868969160324,1.3792496097301528
0.20485733761747027,0.13965890005614676,1.4668405489024468
0.17526696094272373,0.1353579291365552,1.294840738630882
0.2345465346689679,0.1353123961557011,1.7333706395907749
0.21683907720481563,0.13504514635253884,1.6056784198578424
0.173460485378554,0.14292521943278186,1.2136450520555817
0.26611375498410655,0.13677247011135893,1.9456675365111056
0.20762145728005868,0.13120072348481437,1.582471893183497
0.19122644304552092,0.13829642337805448,1.3827287674878916
0.2488979223138849,0.14449167658254128,1.7225761940114335
0.20525226440325767,0.1410249943825174,1.4554318211602242
0.2576276383913474,0.1406748019399227,1.8313701874012316
0.19704061829579803,0.13672537249575176,1.4411415723290155
0.2349419870444198,0.139941176464113,1.6788624547877025
0.2107250602062979,0.14801454097136127,1.4236780982692114
0.18462527233893256,0.13576992559373496,1.3598392392980143
0.2189097509504177,0.1540561629150242,1.4209736683573386
0.24815462191494178,0.13520463004001515,1.8354003249851574
0.1858822049271201,0.14274552730809884,1.3021928492786747
0.18296392280967527,0.12903959556493916,1.417889772582236
0.24741456598592673,0.13857353753888252,1.7854387668822005
0.2343308245537038,0.13822306132640252,1.6953091785483654
0.21767854594442854,0.14100269015433378,1.5437900206454898
0.17246723985560217,0.13427428767449612,1.2844398048395707
0.19794116458919594,0.13025903262947588,1.5195964578690146
0.2382038768337574,0.1327478818495957,1.7944081179663876
0.21305844792798875,0.1464305117652914,1.4550140224155814
0.19142397346062218,0.13761295378830343,1.3910316448486295
0.1933325561549481,0.1269924862619572,1.5223936615914908
0.20367260371425366,0.13086905104531713,1.5563084020814535
0.24300625930060507,0.1282183204952865,1.8952538011877822
0.24498721443211702,0.14310839735217235,1.7118996436612541
0.21379192273469536,0.14867289277197804,1.43800203755093
0.22387621113144854,0.13236040820210523,1.6914137253913948
0.21850153013148635,0.1318406748493054,1.6573150158798473
0.24899979182669818,0.14502671507072384,1.7169236144200795
0.22224190312183123,0.13407174163156702,1.6576341920921587
0.2216658722209244,0.13966790594892767,1.5870924011847138
0.23024598702038074,0.1324499667641147,1.7383619841176314
0.17047982371223458,0.1416913326845778,1.203177501984144
0.23016090023112132,0.13913121944922902,1.6542721406615022
0.1815125062862424,0.1359031036169712,1.3356023626790496
0.20371261730942314,0.13622165757696797,1.4954495557677487
0.2614027425435963,0.14246494921892613,1.8348565312152554
0.1962909152401148,0.14077184002131407,1.394390491808551
0.18671188112654033,0.12414439081062117,1.503989668058093
0.18994406536855907,0.15385808456939518,1.2345406866344284
0.19947617461567504,0.1430713030794904,1.3942430824499175
0.17338909710106692,0.14194970841662924,1.2214825872847979
0.21302305084306766,0.13168457900956101,1.6176765149365062
0.15486729809389418,0.13886258548938074,1.115255758403961
0.19227508970008106,0.13900546202644995,1.3832196727887929
0.19172269927072197,0.14815812381860324,1.2940410848173052
0.2045823880395682,0.14613741194716734,1.3999316486700224
0.1784901645779513,0.13751905759936892,1.29793039374908
0.212967801581936,0.14495742582317656,1.469174830972237
0.19420425519897133,0.14373503453738495,1.3511267856443137
0.1962095138706286,0.13834843141402367,1.4182272387566792
0.2417430586921315,0.15580270784863423,1.5515972862743195
0.2041282777220818,0.14392101186560835,1.4183354819148593
0.1953557534173268,0.14049014926635173,1.3905299014734247
0.14864490745260928,0.1383148623787655,1.0746849969423797
0.18624061028254718,0.13848570989095005,1.3448363042598512
0.18925631253849126,0.13041408458340475,1.451195345526155
0.24227871757429265,0.12824036771005476,1.889254701156761
0.2128091159291701,0.1271030254814067,1.67430409404614
0.1743537823572539,0.154258535553447,1.1302699181715254
0.1952555800228104,0.13601632582996456,1.4355304690916402
0.21846373142780517,0.1267263294863477,1.723901673103697
0.18328948057644873,0.14630583709765885,1.25278310293323
0.16891670343065612,0.14247990900538304,1.1855475246287128
0.2264748503049556,0.15259089067573406,1.484196397976534
0.1826022944917033,0.1439409135367273,1.2685920215805169
0.19782315500993208,0.13311546876157623,1.48610192977838
0.2317783669753818,0.13610932301624123,1.7028838424809802
0.19446668700258357,0.14358463905803598,1.3543697172507527
0.2232382316258389,0.15614560008687228,1.4296799365569015
0.21042138757837692,0.14075078031040367,1.4949926893074816
0.1813820526339476,0.14002452745801647,1.2953591483344327
0.18179820471958316,0.13432435694884684,1.3534269498778633
0.17182763623065062,0.13266813741847547,1.2951688293373278
0.1742668266579421,0.14202817194551473,1.226987746661943
0.24312979382103592,0.1501336417504011,1.619422475778227
0.17727185179165175,0.13919194665724968,1.273578364617395
0.18902803059655993,0.12550904545331532,1.5060908949934713
0.18652802298134244,0.12815785523358253,1.4554552480717902
0.21967201809085804,0.1460801867500318,1.5037769527687863
0.2466599521409241,0.15289171390915493,1.6132983654528479
0.17878108216308214,0.1379447491050538,1.2960339797126228
0.23032737926910235,0.13646344155635934,1.6878321156364597
0.2469180700270582,0.14937387886431944,1.653020406943713
0.17861133603221033,0.1399447212962442,1.276299201411921
0.17431513784009733,0.13623400048165768,1.2795274103660108
0.21724250662553593,0.15329157799079396,1.4171848804282163
0.20303555705486043,0.13891161912955088,1.461616805902368
0.19039604357609707,0.13061888741401467,1.4576455774930193
0.19489221754118277,0.134424371438047,1.4498279996124361
0.1688260611698298,0.13715634864075998,1.230902272063389
0.2115351847229865,0.1465356764344301,1.4435746288559397
0.2331185592834344,0.1372783344241903,1.6981453064771141
0.20118720247174565,0.14233854206298782,1.4134415004947574
0.22705283669571574,0.1343335756918108,1.6902165785910606
0.1839233015780688,0.12424895836823512,1.4802804304642745
0.18486066779862387,0.1467615670847007,1.2595986229278608
0.19352032885198436,0.12693968271139627,1.524506164805552
0.19728796844073965,0.1397980919027655,1.4112350587586016
0.19643645640461885,0.13771786050593313,1.4263687780435423
0.1765084737016772,0.1333175823686006,1.3239699562932445
0.23817028834341503,0.14220977204817364,1.6747814507622916
0.19290587539912304,0.15048801217197083,1.2818687190756366
0.18073112931292634,0.12824192255984818,1.4092983456995696
0.23464835018988064,0.15073872721638176,1.556656040043702
0.2408847602151584,0.13944177804095065,1.7274934642931505
0.18903551137077484,0.12754160752012844,1.4821477872696682
0.1789016261362448,0.12714437204234907,1.40707467631093
0.20825287187118968,0.12832425120265564,1.622864500820714
0.2649670995171165,0.14413452064502327,1.8383319855045799
0.21564031209282847,0.13947498244505982,1.5460859597366912
0.21816814372754903,0.13243989874265674,1.647299233831871
0.21608220437415537,0.1338295060400364,1.6146080992745522
0.206421571490918,0.13866851971650274,1.4885972094670892
0.15643287088351715,0.1346385759596192,1.16187258940138
0.24045669336396108,0.1338821638296852,1.7960323204056663
0.18158351048303906,0.13037543017047107,1.392774008458583
0.2093246143627168,0.1298815128902377,1.6116582699465174
0.20649412279504964,0.14305991464683335,1.4434100796495926
0.2361069312070494,0.13829404381930413,1.7072819962915264
0.25970513612249646,0.14426513321121348,1.8001933685686295
0.20049648395684708,0.14023115973890676,1.4297570121372951
0.257325444678655,0.14012223424714082,1.8364354954888658
0.1617095696984013,0.1375915513524502,1.175287058753856
0.24040386984679166,0.1397353186026989,1.7204230988324267
0.18963717918989195,0.12996631407300735,1.4591256245319464
0.19186176935129487,0.129578283723808,1.4806629925755317
0.26669572003432834,0.1445115497711515,1.8454976121747204
0.2053754288449223,0.13923311283889422,1.4750473120755472
0.20676441438289228,0.1422786810820668,1.4532353885374432
0.2165717984398242,0.13884771694741402,1.5597793265974025
0.20815889752071096,0.1331234880298066,1.5636526701742053
0.21218717685313054,0.13782625984467028,1.5395264813270326
0.24724242266687457,0.1359508262340167,1.8186165506731673
0.17769754643872007,0.13955465672158157,1.2733186452762766
0.21717472021527912,0.1436423363741248,1.511913031333847
0.18288453762977194,0.1420003042702658,1.287916519401903
0.2112991475765653,0.13222727025307504,1.5979997709409823
0.2010453533158937,0.13852331327403256,1.4513466979971628
0.23504933821659232,0.14481741620792557,1.6230736907991357
0.18724847863291535,0.12888569233793631,1.4528259517119457
0.20567418459684492,0.13964414249818227,1.472845053988012
0.202918581251539,0.13968211370285205,1.4527170005689554
0.1961461601758877,0.1382138662396516,1.4191496520022544
0.23138058657336308,0.13557155702171905,1.7067045009765218
0.20211573210822673,0.13062962263532124,1.5472427159379714
0.18759727754409614,0.13080690608012976,1.434154229052537
0.20270871285740125,0.1412402103547316,1.4352054018348495
0.2263236078808757,0.1352419906075468,1.6734714334221457
0.18801008321859658,0.13065274498221324,1.4390059944335025
0.1637060917149328,0.14824465461212444,1.104296759591518
0.26008086422702925,0.14126403216203356,1.8410975550287965
0.19710338046133025,0.14622247237491245,1.3479691408579102
0.19148764094050996,0.13262130482276438,1.443867870222019
0.17600929739845697,0.1345868204096753,1.3077751362480652
0.21884659971372492,0.14259065964425208,1.5347891668340898
0.18120346507852844,0.14061465738681866,1.2886527510432537
0.20298325415130197,0.13225977940925815,1.5347315340909544
0.18111318909038437,0.1440886023065592,1.2569570819005698
0.19498168720839723,0.12393411992961659,1.5732688247524511
0.21506444255973475,0.13403244144171972,1.6045700596541737
0.1855179739542809,0.14890994875362926,1.245840022826275
0.2352123483601881,0.14179449621226928,1.6588256571543536
0.20029042306455352,0.12947317907584147,1.5469645875245672
0.23021790026607417,0.15078670172880246,1.5267785396628195
0.22155928136270525,0.13756285301895346,1.610604000283265
0.20287096535961183,0.14511738859508863,1.3979783354954736
0.18192555804227908,0.1282828221606041,1.418159929585247
0.1401253623569448,0.14846698153014248,0.9438149877688183
0.19899183559796607,0.14124390876175785,1.4088525115345973
0.1840465724686635,0.13140319303913497,1.4006248114066
0.22929908842616667,0.14571408067417752,1.5736234093868289
0.24911048748928105,0.13731163334519209,1.8141979774068688
0.18654205128770218,0.14396575080956026,1.2957390923794256
0.23792942489039332,0.13455688846169017,1.7682441056009885
0.2358933648324707,0.1332766731169808,1.7699523803795751
0.21259586691316223,0.12970059230999276,1.639127957141818
0.19416513984133993,0.13808161929061644,1.4061621006390872
0.23772102295187428,0.1329847094279128,1.787581624793759
0.17340491566374258,0.14179823450049375,1.2228989752558503
0.28235733205606517,0.14325000219805575,1.9710808218046745
0.17800947788157578,0.1298512421819603,1.3708723527814344
0.2112671679418278,0.14349775463233366,1.4722681095821408
0.1761403214240094,0.1325059911094689,1.3293008108478077
0.2075322386808432,0.1313738059217808,1.5797078970552676
0.21750149322098924,0.13883818534615072,1.566582656483989
0.20516731359932047,0.14520995110913232,1.4129011960421864
0.19879452263562414,0.1418899002869289,1.4010477294974697
0.192443229470054,0.13045659911022836,1.4751513590159626
0.17408793493485764,0.13397396882779733,1.2994161213408595
0.18552509267761755,0.13623242678423064,1.3618277017956837
0.14769920655369137,0.13966371812506048,1.057534544665606
0.2065835027537119,0.13924043641805617,1.483645901061848
0.19482630112539703,0.14198839454274725,1.3721283471991248
0.18560846892532942,0.13077853141970489,1.4192579386723645
0.23893307465220476,0.1365777104121089,1.7494294927865557
0.17075500674995356,0.1350162853672844,1.2646993381979752
0.2069575582285124,0.13915163965079608,1.4872807733195
0.19603098570592328,0.14585029265433175,1.3440561697776008
0.21552837785726697,0.1319763039436427,1.6330839053448805
0.17139700717134498,0.13673404996856445,1.2535064032020529
0.19973181102126683,0.1377865279309774,1.4495743090450774
0.1926830405940818,0.13215426986294912,1.4580160050364184
0.23704461369663202,0.1413069805259295,1.6775152424485844
0.21752190381165848,0.14363018391134952,1.514458158362562
0.191664164648329,0.13214869083595907,1.4503674870774819
0.19803448082869293,0.13664561747584916,1.4492559987421014
0.20145176895947425,0.14365201667141175,1.4023594908540205
0.18438711897872062,0.1425290094816729,1.2936813330091235
0.2057485116988775,0.14477782662063737,1.42113275562564
0.21367076184366332,0.13125977025894656,1.62784653227823
0.19359365900444434,0.13213288277481952,1.465143686710946
0.19941556839882968,0.14788749328925596,1.3484275374712653
0.22858929031279152,0.14003312606979607,1.6323943964434302
0.19436617894210467,0.13145580404620136,1.47856673467071
0.22127092189475378,0.13815899737173762,1.6015672240251642
0.2366724161105165,0.14179195338283965,1.6691526596823072
0.2240887858938605,0.15032404694104798,1.4907048503140723
0.24942432481847718,0.14855912754615114,1.6789565807122246
0.1650436958820982,0.13344722531270614,1.2367712816460006
0.2216459574463068,0.13100771609867679,1.6918542208564271
0.20013085431289826,0.1379459290225626,1.4507920293912016
0.18347199336106976,0.13447148005951975,1.3643933515111264
0.18483871674713803,0.1338961590746765,1.380463174033617
0.2009973994818815,0.14168359068411077,1.4186356974112355
0.20086355104412507,0.1437458980268581,1.397351533513637
0.17712581446826922,0.13501173046770032,1.311929073530719
0.23399634153030682,0.1355457033768234,1.726327989016266
0.1842668075906556,0.14250095650580988,1.293091724497603
0.2199212918982369,0.1323284278013737,1.6619353494348243
0.1895614708004721,0.13779482294515336,1.375679192794663
0.24562045874072871,0.1316649396230661,1.8654963078546005
0.2556066830573528,0.14148406714261205,1.8066110779788955
0.21598005653933505,0.13536837704738316,1.595498603516058
0.19583480355967298,0.13574207007813555,1.442697930324379
0.255057816913049,0.14717246959402025,1.7330538627002305
0.2167480438262616,0.1410822863215427,1.5363235844666419
0.18253817355766597,0.1416843613703579,1.2883438354958432
0.17979279555531363,0.13344807594981226,1.3472865328004497
0.2035023389536187,0.14666779638183652,1.3875052600082605
0.20937543414598786,0.146421121303825,1.429953768155703
0.1890118888882167,0.14231680195929608,1.3281066345369106
0.17930224675186246,0.13088800683872504,1.3698905734945717
0.18537822598101047,0.14082026751594007,1.3164172263770675
0.21928065226019486,0.1347840189761488,1.626903945481834
0.21509738324255762,0.1421780753832518,1.5128730830175205
0.2388554509099411,0.14659333645527037,1.6293745451575994
0.21139968633459824,0.14463789634582325,1.461578823223136
0.21117293756463462,0.12609190746094157,1.6747540886400494
0.21018091938945013,0.13607600396966832,1.5445847413060423
0.2099186149989754,0.13563125671174894,1.5477156231406606
0.18670025309518037,0.14271643172645207,1.3081903102302412
0.1815788522896674,0.1239954545031172,1.4643992638060983
0.22227609618459038,0.1343575144668072,1.654362966349034
0.16915592131631094,0.13426230033347727,1.2598914281683375
0.2040636496869438,0.1345178579690093,1.517000439703379
0.207679067474904,0.14285605826516234,1.453764509513628
0.21184237138742,0.1466634948969397,1.44441104131796
0.2076669576159641,0.1374704498538623,1.5106297959796018
0.19717449895759245,0.13693919232314328,1.4398690076417895
0.25099793059687026,0.1513214506757539,1.6587068751719773
0.23613836818571496,0.1524341890184425,1.549116833344686
0.2457237906142049,0.12504711840833385,1.9650496048362236
0.19435784922278482,0.13656402185851688,1.423199511685029
0.1682971385344913,0.14122550895120653,1.191690791446452
0.19209221251223793,0.13336193051854106,1.4403826621685842
0.21797880604364026,0.14060687587976098,1.550271312692015
0.18647827561291264,0.1424769829668847,1.3088308843278562
0.22738486353836862,0.12444145708439755,1.8272436603193558
0.20519370318688746,0.13754555804416568,1.4918235536257742
0.17202336577924882,0.13058313066138494,1.31734753875156
0.19432421938341807,0.1421660186308082,1.366882334153704
0.23101802050284362,0.1484043532188018,1.5566795413490286
0.21771287231056052,0.13056882607586173,1.667418470807628
0.233424293274557,0.133907878889111,1.743170717145445
0.1985326016520334,0.134547456563035,1.47555819131387
0.19484561072961482,0.13455455493179588,1.4480788913342975
0.2116331447686604,0.13704571114210373,1.544252227997244
0.22942543682464717,0.13142835195606453,1.745631238694542
0.21192463593191932,0.1417340679135022,1.4952272170813101
0.20489805071810988,0.12903792732095007,1.5878901263539085
0.20741583500857236,0.1332859282071236,1.5561720415545475
0.23978454115171402,0.14137056140559895,1.6961419603036068
0.250018474237609,0.15263189565604565,1.638048673660078
0.21711271579189695,0.13682728818514547,1.586764735833357
0.264474877245923,0.1344020980847996,1.9677883084760726
0.24170353184989185,0.13422406844607002,1.800746577332411
0.21009180186152657,0.14480965116700087,1.450813534653429
0.23418879051958386,0.12692072777860333,1.8451579550354902
0.25539121155968003,0.12533648470191874,2.0376446025837067
0.2355539728961406,0.14572430827907598,1.616435690640111
0.230384227397138,0.13676819915432797,1.68448680922657
0.1924237669227971,0.13918882472189456,1.382465634775409
0.16615305822132995,0.12787477165898642,1.2993419739150989
0.1421913568322573,0.13281278851880127,1.0706149491931525
0.18822135293761855,0.1321763000288283,1.4240174138371746
0.22345847683072032,0.1471846838697828,1.5182182748608437
0.20138925663610388,0.13359560079280638,1.5074542532911601
0.21588363677835143,0.14469553698552193,1.4919854563306434
0.19230356338445412,0.1377397583120888,1.3961369305493874
0.16371609239627538,0.1361657423706092,1.2023295253712274
0.20624427913902463,0.13580344927982105,1.5186969125803371
0.22992988108853513,0.13330609457157344,1.7248264741945716
0.18785921161007085,0.128224920301445,1.465075674591422
0.19324186987031522,0.13374823152674303,1.444818130785351
0.18380277435537248,0.13784104866617128,1.3334400465895546
0.22782278483583643,0.1341201294483104,1.6986472185268717
0.19844061541718416,0.14148109498433187,1.4025945688302752
0.21065316944452028,0.14149272064818513,1.4887915680715427
0.24015155890125012,0.13932585008098167,1.723668355597074
0.19111467635028825,0.12592975671578624,1.5176292032519316
0.2041939262332626,0.13745165578383334,1.4855690538526003
0.20057031896036828,0.1333652684454496,1.5039171839736338
0.19635205507985393,0.12928729051646876,1.5187266613406396
0.23230586414615395,0.12807811296175625,1.813782689127531
0.20878589980912884,0.13797358381800678,1.5132309680708635
0.20029809172566201,0.13734074202593657,1.4584025742909998
0.20077387268779986,0.13224908699147617,1.5181494046967623
0.23396149222042134,0.13656612529263745,1.7131736857810278
0.17036259477254548,0.13425640961296875,1.2689345355179897
0.18403892305238667,0.13041164711109898,1.4112153870397948
0.1597308179270635,0.12952842038245663,1.2331719745784648
0.19235498757306005,0.13746750957362888,1.3992760047059187
0.21498345987968087,0.14679944638804554,1.4644705083655398
0.17913330628752833,0.12884979716232808,1.39024903595193
0.16944460428909866,0.14169285445667537,1.1958584992788666
0.2120491138961481,0.13002150828582243,1.6308772040238668
0.20236639666692166,0.12984039140649023,1.5585781471759037
0.20781833931387916,0.1435633369801345,1.4475725048285548
0.17648046528499128,0.13278261212993048,1.3290931881374768
0.21134436993906214,0.14072457237854372,1.5018298962781984
0.17196078444074236,0.13362116740029792,1.2869277210068661
0.20507239639395908,0.13388144916157813,1.531746165568184
0.21961280588943755,0.1329393614683991,1.6519772884695365
0.20391152181812763,0.1346111900056625,1.514818506615609
0.1947844224212929,0.1313249343585983,1.4832249745460444
0.19121170111181096,0.1296649176809269,1.4746602591638194
0.18202671093892175,0.13220590367985055,1.3768425302679155
0.20556989365657022,0.13611600781449848,1.5102550901781135
0.21304748355676434,0.14570951857816467,1.4621384082226363
0.2429664467433446,0.13459994337918174,1.8051006608441387
0.2268492268547522,0.14898966365632274,1.5225836563939736
0.23467043204207724,0.14123841851735064,1.6615198223367873
0.18366959963873652,0.1434370403311679,1.2804893297761832
0.17137510464139402,0.14302204769822954,1.1982425604966043
0.22208666209993025,0.1299586565068098,1.7089024161179518
0.18134584220803124,0.13561467720447526,1.3372139796830698
0.23860046767781123,0.13511412592286332,1.7659180048578214
0.19469447092666178,0.13193300649135917,1.475707073645844
0.1644551448934644,0.14547357348432846,1.13048123418224
0.26984070376303654,0.14452498679340237,1.8670868598574741
0.2245817446293712,0.14258442980348973,1.5750790246795559
0.18814948774532414,0.13380091187553889,1.4061898764960592
0.21188623244357233,0.13469252717477034,1.5731105272725283
0.22087200280699276,0.14319380008240915,1.5424690362283786
0.20584750988209521,0.12679520585585952,1.6234644558730569
0.18817417329958552,0.1421341267453566,1.3239197201155843
0.21895182242657538,0.12218286325324809,1.792001076065426
0.19421174166413818,0.13365991922396725,1.453029021652387
0.1826013579452823,0.13839287823647226,1.3194418692071055
0.23238745183683307,0.149679785815822,1.552564032412374
0.18663250431991055,0.14247327406764645,1.3099474658755805
0.19387520525493454,0.1404050739664354,1.3808276280761866
0.17252367021843323,0.1545893260136304,1.1160128235711535
0.20841272350665282,0.1481911340749976,1.4063778161059073
0.18170067260128772,0.1416058101871653,1.2831441899250295
0.18310442718127218,0.14369870799457163,1.2742245893274777
0.22184075357876448,0.13426142135078595,1.6523045216329066
0.23812380709452913,0.1308420334022081,1.8199335557751317
0.1927397940255453,0.1396579822345606,1.3800843384793566
0.2110775762226558,0.13744001640944756,1.5357796203533227
0.20185869972946727,0.14140274616625836,1.4275444091596783
0.19315450743685997,0.13689633719143357,1.4109545324558677
0.2484343539888164,0.14995557803140377,1.6567196582496526
0.1871971283036052,0.13946315073473248,1.342269461986168
0.22426406841641272,0.13451623822551376,1.667189562946583
0.17474766822715235,0.13491722024966069,1.2952213802195633
0.24893284312891958,0.14395043114693565,1.7292955717154082
0.16105189923251992,0.14043692008736763,1.1467917349107872
0.1807356440065199,0.13275889844202904,1.3613825222076585
0.233320879848773,0.13707480771133063,1.7021426748241695
0.206863629481701,0.13418016125296864,1.5416856527076523
0.23675666403723114,0.13264031963669606,1.7849524540178385
0.22607486117029096,0.13445039837036996,1.6814740894074816
0.22762626938519726,0.13175410689599276,1.7276597652085819
0.21103741103435159,0.137582568788742,1.5338964295571444
0.21709724021155552,0.14077882475468328,1.5421157307561153
0.193329895625774,0.1454739390185444,1.3289658404116569
0.18392643988460056,0.12402079614009984,1.4830290210105443
0.2119068404844142,0.13760466058176274,1.5399684835420393
0.18579122359705946,0.13772451179676623,1.3490062238973342
0.18466198017060567,0.13611489656034925,1.3566625317070429
0.2016131917650404,0.1314323229060993,1.53396963020338
0.2025077118536182,0.12956812660301664,1.5629438903140194
0.19640643298438898,0.1443786298944687,1.3603566755547492
0.21851840021641836,0.133818837734291,1.632941997675288
0.16932781592016505,0.13133753016053423,1.2892568918662868
0.20585304852879382,0.13473889999999977,1.5277922599100495
0.1741049227901278,0.14456411027834123,1.204344027400087
0.19323816280496958,0.13617363406994173,1.4190571040038358
0.19530527002201106,0.13193797969813034,1.4802808900732218
0.21328142912302905,0.1355533725025236,1.5734129309033487
0.19878585155992498,0.14353625250853877,1.3849173855789463
0.19418573946383447,0.13783283725549636,1.408849613273784
0.2428357390583954,0.13065883799047945,1.8585481303307612
0.1635887399487577,0.12895305712758875,1.2685914052188751
0.2136598056241958,0.1343635975221576,1.590161394636383
0.2210649059408658,0.13738835255022142,1.6090512902835556
0.2016518600566744,0.1298944434610455,1.5524286850433944
0.2203795128341265,0.13507582708706137,1.6315244376929392
0.21027256901285543,0.13047360803138788,1.6116099814015292
0.17533783822907054,0.14678441257694086,1.1945262793974303
0.23152293340237387,0.13672046708177993,1.6934036164745359
0.212698978823216,0.1333135787122121,1.5954787267572754
0.25365484497634416,0.1352150635152009,1.8759362927624423
0.21320257573891346,0.13986223864197206,1.5243755413116367
0.19258988657137394,0.1432951160649961,1.3440087273038575
0.23104173783612986,0.13959641192980524,1.6550693147636706
0.20797865932924994,0.14284572595079867,1.4559669737748084
0.19272866672496394,0.132989432074489,1.449202870623692
0.27676148621339797,0.12946706382387024,2.1376980217139256
0.2173090145950796,0.1420909802165722,1.5293653000624077
0.17709325720713281,0.13953214790009705,1.2691932280289198
0.21611395780617965,0.1419331966940732,1.5226456025787805
0.19967884768387317,0.1329329828689549,1.5021016107094822
0.2214971577467284,0.14162509486069644,1.5639682922337652
0.18475622380210355,0.1351822816603487,1.3667192292723058
0.2535085988321546,0.14237955605213415,1.7805126372168845
0.21041312241884214,0.13686788564981994,1.5373447278727574
0.23157736008645718,0.1464144448510219,1.5816565115695338
0.19599468112091648,0.13007537900566382,1.5067777055055311
0.2294053487918288,0.12769914822776504,1.7964516754854145
0.2264049679996316,0.14390675789185406,1.5732754411003753
0.19792981423363615,0.14180464314397895,1.3957921958357278
0.20060867153997747,0.13831327686078274,1.450393455300009
0.1770747079464802,0.14403370932632323,1.2293976790203964
0.26281438921190003,0.13575187357656257,1.9359908801824057
0.20123072812114795,0.13203886722964428,1.524026465413127
0.23265376499539767,0.14015802874357988,1.6599389066825376
0.2685732940388488,0.16140659545993427,1.6639548915181495
0.16986814541749767,0.14019400888979933,1.211664797680648
0.2260400308680133,0.14001717975924696,1.6143735451369514
0.25066235176150575,0.14086468388679496,1.779454898453817
0.2085178947439146,0.13695359130291915,1.5225441900439602
0.28482939388574136,0.15426895138862354,1.8463170412575054
0.16642392788399357,0.12489121874641748,1.3325510756837535
0.1964837796811062,0.1377297097506454,1.4265896590999347
0.22554560596301185,0.13598098832353842,1.6586554395852242
0.18371413819935875,0.13504666678623276,1.36037521377823
0.23313320142099028,0.1413837035298518,1.6489396981439695
0.22859865048048833,0.14324826960524703,1.5958213743903753
0.21403105408874215,0.13927980795922118,1.5366983716075118
0.22202079656534288,0.13940316967581304,1.5926524273562792
0.2225510075441703,0.1437179352607599,1.5485263348682035
0.24717136059112332,0.13353258982899913,1.851018997741669
0.18150173728656083,0.12923143155575076,1.4044705309037804
0.15691693432799336,0.148938254444998,1.0535703866862616
0.20550548014065595,0.12958844037177106,1.5858318809230942
0.18561345788707445,0.13883620839471206,1.3369239914660767
0.20077143920570809,0.1379933369222756,1.4549357504036016
0.18798997852437502,0.13669866481226106,1.3752144454560424
0.22478402952046694,0.137336806544284,1.6367355203354443
0.22603192076380516,0.14701604910198857,1.5374642574362842
0.2331256734167722,0.12801133028041617,1.8211331208424835
0.18725970927863803,0.14410492818292356,1.2994677672711843
0.19642247266693053,0.12946856015723493,1.517144181014931
0.20403644634931867,0.13447388611890673,1.5172941917429394
0.17763430573873118,0.1421542517108954,1.2495884125927723
0.20286172446225473,0.1320027253908375,1.5367995157798133
0.19247473899962061,0.1386363196786974,1.3883428198735999
0.24107646793202298,0.13035144310312444,1.8494345915395893
0.2194530200858205,0.13647334412534878,1.608028450480821
0.2184506788489781,0.13180454940248737,1.6573834502624198
0.21340948181616295,0.13091628838342384,1.630121694186253
0.2270382797458765,0.1345276111552442,1.6876704922967483
0.26147185593370253,0.13532114537534773,1.9322320632776468
0.17552668383902065,0.1378813636228742,1.2730268923007748
0.18579672758604326,0.13043840963127917,1.424401969567476
0.20131104708327746,0.12774865420993517,1.575836930167999
0.2214860797431815,0.13675921716192224,1.6195331059912625
0.17775493270852227,0.13069862083788106,1.3600367897455474
0.1855133126226947,0.13528561300354452,1.3712715528578354
0.21414118704445548,0.13975591368672718,1.5322513473345263
0.22302724323401302,0.1388587762745506,1.606144380770324
0.16010374496316607,0.13524758706361975,1.1837826347900322
0.19744240598141352,0.13017879623615694,1.5167017340000124
0.23283068443916163,0.14842027343284964,1.5687256131117568
0.17522708575899698,0.13931852159485278,1.2577443670308863
0.20100511880535024,0.12718669944913474,1.5803941738871634
0.17930596960844342,0.13776048792206955,1.3015776316782208
0.2228239180481669,0.13460431052282454,1.6553995721435917
0.20183683033960576,0.14086738626320633,1.4328144767482227
0.22094991465268485,0.14860523670231562,1.4868245531299094
0.24447825009670462,0.13857566416481049,1.764222106169683
0.19001188196364036,0.1391343276903503,1.3656721897310657
0.16739050644168355,0.15206003373518515,1.100818553895606
0.21195851209410135,0.1374687233691089,1.5418671745789365
0.1908780147671032,0.13524101225870935,1.4113914971440986
0.2152482060668827,0.13534060210041057,1.5904185641732838
0.24429910007685657,0.13845370032930365,1.7644822745495867
0.18361591157171367,0.1470270221541831,1.248858263477314
0.2240955442635961,0.1488732470662599,1.5052774671049969
0.18506700817827898,0.14459274279683043,1.2799190650828138
0.16664854357106984,0.14053367882339615,1.1858263796003756
0.2006948595561733,0.13048700905518554,1.538044752572231
0.19271906986063492,0.1261823663038921,1.5273058788301586
0.17937493553940964,0.1297895095171352,1.382044944978608
0.21082961997371005,0.13107714428051256,1.6084392220395238
0.2062159215135513,0.13536628498756528,1.5233920435394548
0.18891431363843617,0.13479960223663723,1.4014456311733172
0.26615560067426147,0.16107248293686363,1.6523964604096144
0.21071058012989943,0.1421935084649314,1.4818579441822137
0.16539009477630706,0.1276821225479861,1.2953269531852383
0.19638362140018914,0.13837618299611515,1.4192010297444215
0.20761441887988394,0.14072627787516376,1.47530668766821
0.25151188168637795,0.14691991413930225,1.7118978265118419
0.21249336451910472,0.14370989893799802,1.4786271933207784
0.20962746729408857,0.1370811829838717,1.5292213178431084
0.21901055124700242,0.13603185312057733,1.6099946168701647
0.18226515371256816,0.13218134774350693,1.3789022189896794
0.2007103681004304,0.13494419798964158,1.487358264308904
0.20797115824228976,0.14669991886190725,1.4176637577970226
0.21702558941586808,0.13742499165304997,1.5792294167554455
0.2286445697310254,0.13574138520269333,1.6844131168221548
0.21715566936393024,0.12766739083688672,1.7009485972919862
0.21929188538868125,0.13434982592061162,1.6322454002900053
0.2160148278114672,0.12978545957383059,1.6643992980475877
0.20407149094021287,0.1529321392868021,1.3343924428959064
0.2006103592118481,0.14147812740095822,1.4179602380748602
0.1799456295249826,0.13719960960525796,1.3115607984797537
0.1647912755690661,0.13590461972587506,1.2125509486098158
0.20612301338687386,0.13475176599686353,1.5296498109840844
0.2143106062355081,0.1390088680250935,1.5417045637464033
0.22996736411744434,0.14207271649506745,1.6186595835621154
0.2139029373367612,0.1327125518239092,1.6117762366635837
0.23072839409132997,0.12934469987478325,1.7838256559000472
0.17713523777557175,0.13779131526335364,1.2855326726290552
0.18228178443805926,0.13608421719455738,1.3394777748359603
0.22905804606977215,0.1412409361894264,1.6217539493123234
0.16829305844438636,0.13566723161101424,1.2404842086475019
0.1865016530005824,0.1307941127727859,1.4259177958917082
0.21762084046745644,0.1391883232023946,1.5634992610049094
0.18182473291518636,0.14169919831392128,1.2831740410582333
0.18007290017901126,0.13979498385861935,1.288121327451396
0.18975493847954378,0.14273796970228522,1.329393565533571
0.2056302102079764,0.14594619174444468,1.4089453636997935
0.20964789344268503,0.12232632115407657,1.7138412360053095
0.16877703526569499,0.13390062569299307,1.260464873798771
0.2472590883665672,0.14367488261683978,1.720962522210452
0.22802819527198592,0.15059524216554612,1.5141792794577096
0.21166540710737689,0.1281213361063068,1.6520699326125559
0.17128782525436642,0.140248990095507,1.2213123612349903
0.21520688367091242,0.13770204051213775,1.56284455096323
0.21087975235036927,0.1431478033909287,1.473160938239956
0.1829520169199588,0.13420410412016598,1.3632371239268815
0.1530351189985767,0.14929624115865076,1.0250433487870119
0.20451073167482786,0.13288944354333318,1.538953932094238
0.22879285109636555,0.13138571912860367,1.7413829494849231
0.21949323306984328,0.1471157637373799,1.491976301476885
0.20484457156778133,0.12625685544486231,1.6224431603814107
0.22091089114973056,0.13735033379084083,1.6083753497544244
0.23821627674111195,0.13520681627132028,1.7618658830267995
0.2565559870601627,0.13800173384781406,1.85907799783942
0.1836946979071725,0.13940144095011078,1.31773887454229
0.21573726826369644,0.15312479479558105,1.40889833388317
0.18784488954036294,0.13477899315106778,1.3937252768301656
0.19758495516877309,0.1378065754334917,1.4337846691802574
0.23431336697894822,0.13657310826648933,1.7156625484553112
0.19541215807823262,0.120443216298681,1.6224422103909941
0.20892502701762788,0.14673539600014113,1.4238216048255115
0.20685201976632248,0.1528603173444345,1.3532094094782654
0.1772929964307961,0.13895915700491254,1.2758640758343718
0.23750187021953367,0.1348045201708255,1.7618242319958497
0.20297517467811801,0.13499741052711514,1.5035486524191446
0.1855755807731011,0.14471161406393673,1.2823820808958
0.21287909432254173,0.1394117535076515,1.5269809680061017
0.19984789749019266,0.13781290756724437,1.450139185204252
0.17711103674457213,0.13954039526012682,1.26924562894069
0.19449044041423552,0.13499862000644622,1.4406846559242499
0.1978579872519711,0.13854377564863468,1.4281261379346633
0.21536039586988254,0.12931652561209797,1.665374126396533
0.20753154276927108,0.1315890871517282,1.577118188607675
0.17570727561087607,0.13825411639699917,1.2709008613264685
0.2334920294161911,0.14313425494024398,1.6312798743645949
0.21595236391624287,0.15046140680233247,1.4352674782573889
0.19749733418742008,0.14099983247913433,1.4006919775358346
0.25934941249626603,0.14540110321082894,1.7836825633999085
0.20003270598002437,0.11983766384373824,1.669197308793136
0.21119780384008574,0.14849220471098643,1.4222820938725005
0.16403559803165846,0.14547502386290542,1.1275859846996443
0.19701242728844165,0.12964925825746665,1.5195800572742226
0.2492189489825304,0.13759578771193795,1.8112396689372485
0.2350841020294368,0.13986167704565328,1.680832855684272
0.19091087862010409,0.1428746988744847,1.3362119404207398
0.240058520536473,0.13569571125992774,1.7690943826267014
0.18035699093437316,0.12929602655017125,1.3949151860779614
0.20996978029004937,0.13108968078972483,1.6017262306622946
0.2128126135747705,0.13647134324816373,1.559394144657794
0.18886225178977217,0.14733591858957645,1.2818479946894197
0.20219031230936496,0.12903181699790772,1.5669802767533183
0.1930151329727657,0.13822426666570986,1.396391079719493
0.2209715326988767,0.13378844957234004,1.6516488038034731
0.20176131425243346,0.14014916422711013,1.4396183906275855
0.19100765952977364,0.1402403811928125,1.3620018564208167
0.2013701771628719,0.13089670645883814,1.5383899458631138
0.19677045234757642,0.13653348221008893,1.4411882650498777
0.2292255978325366,0.13718676901790927,1.670901643602467
0.20798113174192298,0.13373352641183167,1.5551906640182822
0.1842015400665189,0.13628243902036064,1.3516161098276143
0.19503573781149053,0.14213591357074387,1.3721777481270936
0.16726553419578855,0.1402545859338296,1.1925851342550922
0.18401718837731346,0.13831339266660864,1.3304365168806864
0.15511430755012834,0.1365544165149764,1.135915714107397
0.22457658599468816,0.14617655988197525,1.5363378791785363
0.2003278100322831,0.14268004862345485,1.4040351959857102
0.20927047029386364,0.13695836271256537,1.527986069262961
0.1745469858006871,0.13315068395561705,1.3108981539957287
0.19351416144533334,0.13110552677777343,1.4760183357742336
0.17995659133335418,0.147874127707996,1.2169579230838188
0.19966559378343665,0.1450127553285047,1.3768829737158235
0.16083761886378325,0.12761979346130387,1.2602874091984133
0.20589851737970258,0.1436670063002028,1.4331649463723248
0.2033847444537851,0.14009858490763943,1.4517259013563009
0.21098407296154403,0.13062078751916026,1.6152411646622142
0.1725310000969462,0.1351303869338922,1.276774262337833
0.203537228707237,0.13824036667260914,1.4723429458869177
0.24734313668433605,0.1411945041906191,1.7517901146521355
0.21574578036511044,0.14287906549531418,1.5099887419979379
0.24343548792164565,0.13792717114425315,1.7649567224651124
0.2063717773188483,0.13251173056769386,1.5573849683701995
0.22202458643122572,0.14161262333823896,1.5678304744127531
0.1880072216081202,0.13223257363909202,1.4217920474062336
0.2054462385643221,0.1404217501331366,1.4630656459525289
0.22128750286655796,0.1345553828346538,1.644583057212089
0.2300211026029344,0.13065693529966657,1.760496693691555
0.1764268069303058,0.13746351242445398,1.2834446306416398
0.24014073927534552,0.13518170211291175,1.7764293208467354
0.2267747868580861,0.13493012229764131,1.6806831787926892
0.20811937204693615,0.13145043636584638,1.583253565379643
0.23116482259375304,0.1334678899842232,1.7319882903751476
0.19879598855060351,0.13775845506350043,1.443076495442458
0.263469428545029,0.14387426947109794,1.8312477242357492
0.2102199938126291,0.12823021597006354,1.639395147409771
0.2111945599865944,0.14528544415186254,1.4536525748982743
0.1882001666313339,0.13100721436826815,1.436563379649409
0.2189249848939768,0.14364180750671768,1.524103523159428
0.21864656371234878,0.14124234569986996,1.5480241610894607
0.20484134138432672,0.14682504166185184,1.3951389971752257
0.23099867018982792,0.1383082908599677,1.6701722561498933
0.228870624406671,0.14764341045313897,1.5501580714251586
0.20567701090853513,0.15134941094213347,1.3589548160658063
0.1773514642525921,0.14183827913079128,1.2503780033107534
0.19179527141491134,0.14384390855286103,1.3333569237965244
0.19197107425539114,0.12862532318532227,1.492482735913525
0.253946546146859,0.14416825393375332,1.7614595392377428
0.1823068492746584,0.1436143213039068,1.2694197042429571
0.20573267440133286,0.1246979570934398,1.6498479942792599
0.2225063985334949,0.14102814174908906,1.5777446669429163
0.1754128174404641,0.12876561338750406,1.362264449535771
0.22520863156341545,0.14862617168661302,1.515269006849487
0.18669941370722454,0.13305984417937747,1.4031236460455776
0.232187564285523,0.14273812600950495,1.6266681564115646
0.1864782355166431,0.12167553102997329,1.5325861653376016
0.16103270472469886,0.13349497182243644,1.206282922317784
0.18597033817208025,0.1416873940181216,1.312539760229445
0.1925287824060142,0.13918670647799697,1.3832411677651824
0.23470458873664826,0.13756521303952393,1.7061332843588528
0.22920856823237837,0.1520127304913134,1.507824821589375
0.23146277292764575,0.16054757649032167,1.4417082959928647
0.2101396521345663,0.1394751951540153,1.5066453350541642
0.22997947994625986,0.1362989648491794,1.687316409194611
0.17136820344461798,0.13319999615081143,1.286548111086969
0.17948806366823228,0.13371263642836204,1.3423418194614307
0.19629510201378764,0.1358400532444246,1.4450458265102626
0.23255931590148174,0.13612871665572668,1.7083780822648225
0.18733849028264327,0.1358874130395854,1.3786301916577781
0.17773270518649856,0.12890113166857622,1.3788296726787124
0.18861018447550806,0.1518928606066756,1.2417317293398764
0.19017601348733454,0.14754484876221324,1.2889369915843465
0.1904296945102912,0.13241538103266817,1.4381236758538674
0.17699120561523252,0.13798600196456867,1.2826750764231825
0.15944390172864695,0.13792472790115398,1.1560211439598782
0.18698230666915272,0.152982219674248,1.2222486186126902
0.17738136246112532,0.13069899512628352,1.3571746461381475
0.2669252426668302,0.14231850955867134,1.875548328144831
0.179849884802717,0.13555636220065986,1.3267535502058605
0.21247410733853717,0.13473732579111264,1.5769506043777521
0.24817924574446737,0.14411860165671656,1.7220486661091687
0.21440331896594977,0.12423408611152183,1.7258010718047645
0.17659972569525886,0.14020802551991707,1.2595550435889435
0.17965522846456888,0.1440859871345214,1.2468612114017679
0.21533142508995373,0.13372871059427074,1.6102108824130026
0.20810606448890223,0.13388673307712115,1.5543441811298018
0.23312331701326222,0.13039311106644225,1.787849949331092
0.19118127545673724,0.13728598803816483,1.3925767530156814
0.1976004176405956,0.13802656176380976,1.431611532704323
0.19506008974920017,0.13740548774017747,1.4195946097731034
0.2010581660345435,0.14350114133343436,1.401091058693196
0.18941237132413133,0.13684028178566132,1.3841857737534908
0.2074413686368073,0.13947313638445785,1.4873213151598952
0.20641876430005995,0.13556907781382077,1.522609489042466
0.25432849168581023,0.1439752212200774,1.7664740469267919
0.22210152878885828,0.156720339613011,1.4171838150510192
0.300424753104847,0.12176281826322051,2.4672946749261704
0.19896269403897052,0.12453391575645073,1.5976587006874428
0.1688899459879686,0.1318628998078085,1.2807995746652576
0.23638228441917505,0.1295461324160546,1.8246958053521969
0.19795564534957424,0.13776614713602003,1.436896142229539
0.226520964589327,0.141858562542846,1.5968085431636185
0.1982640109041692,0.1461408278066835,1.3566640745078764
0.1872039404423476,0.1218418667478645,1.5364500351077286
0.2657933613045999,0.13084319505625888,2.031388496668216
0.2103319093713347,0.13598331497832108,1.5467479183373822
0.2202035999044879,0.13706184116520712,1.60660033480118
0.18161905207381515,0.13914393218587817,1.3052603101024611
0.19547867882778236,0.14322605903885097,1.3648262064849355
0.18912406743993837,0.14631064126954335,1.292620043210126
0.1983934158561009,0.1308787810549925,1.51585623167395
0.14838471665502012,0.132355615545612,1.1211063168217763
0.21474824927348415,0.14471260987459672,1.4839636259727336
0.23291758025681736,0.14850048730240645,1.5684634070089205
0.20464463953562437,0.1273806247308144,1.6065601810957295
0.20449087424198906,0.14307848527576442,1.4292216879977486
0.24195361915228134,0.1474785493195073,1.6406021097217127
0.19898587601173892,0.1268522208072774,1.5686432192153097
0.199438465099685,0.13543574089780855,1.4725689376939943
0.26698742761062544,0.144372946703071,1.849289868410965
0.20961815601834996,0.14219469845990237,1.4741629490318895
0.1874955884751715,0.13426527328615204,1.3964563128365493
0.24053421969614058,0.13052325454477606,1.8428457100234594
0.16037950439342025,0.1306177760074762,1.2278535839121971
0.18017936812505936,0.12902813072256986,1.3964347705886901
0.24226031162762748,0.13873686150967018,1.7461856134805351
0.22559467770853175,0.138182278427025,1.6325876246690334
0.2106440099815351,0.1332319410810736,1.581032358099137
0.22287051153987741,0.1331920822069402,1.6733015044663395
0.18251878766375237,0.13366750335895805,1.3654686672317535
0.20263093985015393,0.13535495164309375,1.4970338165718138
0.19488622436753458,0.12943520407815381,1.5056662965499017
0.19343020228482205,0.13593626156802632,1.4229477848927319
0.1961503971274431,0.13879366724933187,1.4132517788082821
0.19271679460361635,0.13223073372987337,1.4574281573397794
0.19794695676036303,0.13155172900029555,1.5047081346982396
0.21946475808795235,0.13373369187653314,1.641058098437667
0.1982878334563865,0.14109039783907443,1.4053956647180952
0.1891663133768363,0.13205105421674324,1.4325240680498195
0.16353788407761813,0.147669301764404,1.1074602650897025
0.20971602908464548,0.13720437048727102,1.5284937960784686
0.19898741618107357,0.14062939156407117,1.4149774379875228
0.21023677854009593,0.13105965577824402,1.6041304037591968
0.17950733181004264,0.13533560783864487,1.3263865635721082
0.21788367849299592,0.13256141818026612,1.6436432371046508
0.22146011691585685,0.1398408776481434,1.5836579449470944
0.2114881570331054,0.13407337799975433,1.5774060457661694
0.20346405225155995,0.13604712708919908,1.4955409688156007
0.22781802706521342,0.13268801374945505,1.7169450399294193
0.20167181637438272,0.1297458231666952,1.554360760540848
0.23956473510122064,0.12936532304676748,1.8518466112793954
0.20077640850296674,0.1368926158635822,1.466670844416084
0.18520440601421445,0.13439693763959562,1.3780403725482662
0.22738056924539282,0.13551246049103172,1.6779310804443772
0.23703786587463993,0.1350303861439853,1.7554409243996552
0.18973847466229155,0.1278747543444663,1.4837836884611177
0.2044888336176112,0.1268661500987927,1.6118470802367098
0.2217268814535018,0.1462767426129195,1.5158040676380113
0.1515940835049656,0.13310345617026795,1.1389192126690095
0.1678378399216455,0.1464870422258206,1.1457521250440095
0.20476192890525197,0.1345466477444963,1.521865704852746
0.2651631180261574,0.15060540424285737,1.7606480946631304
0.19381537830536127,0.130448041216476,1.485766873139386
0.24208730702628656,0.13485097026808748,1.7952210988546116
0.2029036758645986,0.1309465760791832,1.5495149391451293
0.19482867008361016,0.14107156837985624,1.3810626217680158
0.20094706347570082,0.14030300697466724,1.4322363277073835
0.18614255046447353,0.13627749578755557,1.3659082109540164
0.2167902039579502,0.15136116383537457,1.432270989893672
0.23263710577890498,0.13220797104237264,1.7596299522995085
0.20947053724503614,0.1362176018664859,1.537764094910064
0.19255508291144893,0.12747608266998445,1.5105192980391764
0.20402565264937123,0.13141674124064584,1.5525088411358978
0.21577492634435383,0.13589787832588104,1.5877725907311726
0.2261820510183239,0.13222111787455182,1.7106348415002808
0.16455120156473366,0.13285436450421115,1.2385833328006157
0.18447879191047556,0.1374226639582845,1.3424189765850794
0.20279997383447732,0.14375915691538113,1.4106925651619433
0.2301447141393147,0.13390083612323847,1.718769806093639
0.23283416827538367,0.13870091739266607,1.6786779255123727
0.15477062905581168,0.13547624370824995,1.1424189571502474
0.20664337547059392,0.142052142008443,1.4547008763747602
0.20433728622287348,0.14465591827187985,1.4125746714270127
0.2661889258835244,0.15096108564250812,1.763294989239068
0.20049290459808278,0.14226031591319166,1.4093382494695506
0.2082142541683823,0.14957601400133594,1.392029701811165
0.22679718902183807,0.13764019754486898,1.6477540214798445
0.20099964262037928,0.13540346144953141,1.4844498099872976
0.1676060083695839,0.14245913191121282,1.1765199332679057
0.2556000423390236,0.13331432185046393,1.917273694162621
0.18997503370319369,0.1423795739462858,1.3342857296009591
0.21875892944681996,0.14069275247194826,1.5548699247350126
0.20424050431393576,0.13990399471001225,1.4598618483859436
0.20837735532856305,0.14180111202576495,1.469504380830958
0.16435510836295855,0.13056269473567558,1.258821355485162
0.18622582922671999,0.1334784188990201,1.395175570423895
0.16351394962371016,0.1420891633143263,1.1507840978835835
0.19763910486704256,0.13073909221515262,1.5117062656500244
0.1971736733537469,0.13766709673992367,1.432249811487208
0.1980077111400515,0.13367094498034512,1.4813070347424147
0.2295537498912773,0.13970153419046477,1.6431727197663468
0.17934438740077568,0.1321514244108982,1.3571127833109122
0.2008065321236958,0.13682963740902981,1.4675660619008843
0.16888037821713628,0.14200374614956315,1.1892670636960925
0.20489090518250402,0.13917823452007355,1.472147609064209
0.20528713416383176,0.1348655876298701,1.5221609735407748
0.17889165103360793,0.13669391839116612,1.3087023412533096
0.22106746306843184,0.1290600886358532,1.7129033879108835
0.17532831610666788,0.1264291625843956,1.3867711572449157
0.19285845395546983,0.13022474623981015,1.4809662489210698
0.22087396160968212,0.13676217699334647,1.6150222705246036
0.16222754432349043,0.13794162508252092,1.176059396331172
0.1889468030569543,0.1384087913962002,1.3651358497603467
0.2163601793432874,0.13845339424050132,1.5626932118937988
0.21976145705796346,0.145177115194077,1.5137472373946812
0.1986314928915405,0.1359870079333171,1.4606652202314936
0.16966559457960845,0.13724641828796938,1.2362114559785262
0.2015032503116959,0.14899159171836146,1.352447127973484
0.2184239618875171,0.13713903692692045,1.5927190884672195
0.19823296264013723,0.13646496292332158,1.4526290001010922
0.21929944488036468,0.13796260446755224,1.5895571537426452
0.16525967507103795,0.12714564513662943,1.2997666958506646
0.2239486800862493,0.13745507275667226,1.6292500203516753
0.20417543874844454,0.13262546536009523,1.5394889525483053
0.19684499812532716,0.1418110166041346,1.3880797334301602
0.18192742059429523,0.13183472009665123,1.3799659183932718
0.23973139826405257,0.14208650673292592,1.6872214243022083
0.21119374627722157,0.1370058982196823,1.5414938263357296
0.23273605767365774,0.13547457740144625,1.717931601174149
0.21331265073768146,0.1281124941487475,1.6650417444063703
0.21013756687553145,0.13305134984138317,1.5793719276508387
0.22357998204886362,0.1319714039643436,1.6941547587784327
0.25480753049227567,0.146174170424282,1.743177537814491
0.2034397150659443,0.13183430528761278,1.5431470179337274
0.17315389497134145,0.14126232132224983,1.22576135908414
0.165104716494505,0.1474694782550414,1.1195856827333743
0.2052143410733625,0.13663530329583617,1.501913020451547
0.19724443235881345,0.1292244033436436,1.526371391588365
0.19847585954998367,0.1404164337852881,1.4134802757736658
0.22348627988606923,0.1466221415133233,1.524232817631854
0.24795880754341815,0.15145804618787004,1.6371451618743822
0.21335744239182025,0.13427044897744084,1.589012653317835
0.19165677080566335,0.1365461447866416,1.4036044086424713
0.21780966858715275,0.14185056757705092,1.5354867612273888
0.20705091161867337,0.14384997268740465,1.4393531521108347
0.20466617839131288,0.12499976890828651,1.637332454122202
0.2298172712032102,0.1310943985906251,1.7530670545342812
0.22445800971103969,0.13229563590946872,1.6966395616000414
0.16034724158810307,0.1449998329561656,1.1058443193970928
0.2281569826177476,0.1580268316261867,1.4437863511524054
0.20082472656842076,0.13280523132714453,1.5121748184280561
0.20944522106174235,0.13435847657943636,1.5588537946685683
0.21324048425247483,0.12169709030780967,1.7522233581191098
0.2211784531949802,0.14112052356111493,1.567301818428945
0.2280743667964312,0.1422230261249894,1.6036388270630195
0.21576539864751584,0.14382028375932918,1.5002431716000548
0.1738303654326904,0.1279854915346845,1.3582036787785574
0.20476482862492223,0.12828361785633313,1.5961884459342395
0.1883065908263833,0.1567033021023599,1.2016759589621147
0.2142260717342224,0.1267304603778424,1.6904071136135297
0.24661984189169517,0.14309357716757218,1.7234864539229933
0.2696551545700623,0.14978936890011882,1.8002289251239938
0.18516018784144095,0.13121284183286372,1.411143797017172
0.18616798402741003,0.13603428570101708,1.3685372262444138
0.22461649866600614,0.1425568158998312,1.575627915425909
0.16755974601434254,0.13899173592087985,1.2055374724560952
0.17869367434058636,0.1355522968177007,1.318263714711562
0.19343849421099066,0.13040061621545443,1.483417025356551
0.22291454822020557,0.13097070313304546,1.7020184124212858
0.21735394260629737,0.1499922607681796,1.4491010502350423
0.20045662350110896,0.12919607089518742,1.551569038533168
0.18307962280271373,0.13704265269927107,1.3359316913141417
0.24872595010992454,0.13647596635884648,1.8224890194653816
0.22860480306458358,0.1313902506472243,1.7398916733812702
0.191068404968573,0.14078669860500048,1.3571481316189242
0.17226612376679115,0.13165215501004984,1.3084945229619749
0.19683713789319507,0.13360810329541684,1.4732425132776148
0.20213952807852978,0.13233345044728087,1.5275013792454413
0.16999856771081284,0.14068511688713334,1.2083621314911133
0.1967670873657591,0.13303338651579338,1.4790804964015511
0.21844121612534723,0.1357826729342341,1.608756194033303
0.14805367960585886,0.1360569670644986,1.0881741876229913
0.21810701377365085,0.1406828538485271,1.5503453889873897
0.21215234319769485,0.13284842879379458,1.5969503374932246
0.211571808925115,0.13381524590981286,1.581074021025284
0.19392796581484337,0.13332236810689807,1.4545793670522837
0.22151043936514458,0.13922572345742762,1.591016615782772
0.21194018896604636,0.13528999930469462,1.5665621262124727
0.21555408041878057,0.1315340332105391,1.638770401526085
0.210161007547855,0.14320229488182762,1.4675812822782104
0.22310285543670452,0.12108974010589203,1.8424587850432483
0.22648168287601603,0.13198820400092273,1.7159236659848232
0.21013310695634838,0.12801305965732832,1.6414974184574844
0.2317770476028498,0.14318645794697313,1.618707878706552
0.25778962680921136,0.14089187242611162,1.8296983521487715
0.15979527753375483,0.13520627859590598,1.1818628483322031
0.2056960490640919,0.14230857894653426,1.4454226905137777
0.15515168675993884,0.13360332284275644,1.1612861376400316
0.22006096322475885,0.1356681190829292,1.6220536166661472
0.19573876325805384,0.1397825045658621,1.4003094583687796
0.2085117219587319,0.14474151390692247,1.4405799437251812
0.2409298199859986,0.12729970473137872,1.8926188438095461
0.21421700095188337,0.1438519884581732,1.4891486954604711
0.21946882750170937,0.14285357539481544,1.5363201578619679
0.22593945794869252,0.13844450277045142,1.6319857663349229
0.22043695845862726,0.1302803560969093,1.6920199258179398
0.17177357343816863,0.14014445301383185,1.2256894207665505
0.18114546559876668,0.14296611901896572,1.267051710165932
0.2116462151835039,0.1435515521732633,1.474356856330275
0.19985068760913122,0.12704952382293466,1.573014062513587
0.2113077750448585,0.13742512474022292,1.5376211260080515
0.19798928960152207,0.13817864769177957,1.4328501031733625
0.20718220469275,0.14376439178466596,1.4411232303133372
0.21261426613830628,0.13844188748034283,1.535765439260535
0.19597758484297123,0.13211205498360618,1.483419396263953
0.19529004518789042,0.13007969476522344,1.5013107583036922
0.23322299125385856,0.14116647456442666,1.6521131661995174
0.18983484255597666,0.13408938513150298,1.415733559892183
0.2567522135571143,0.1313482364990238,1.9547442767457524
0.23422622819267494,0.1275040421907457,1.8370102168390325
0.20435027426600819,0.13767392097786288,1.484306343674678
0.20624786244668025,0.13490372654558416,1.5288522246788254
0.2181057304193001,0.13019484057547076,1.6752256038354265
0.23488224924394718,0.1371408096573941,1.712708637426972
0.20757303543943315,0.14596687414406792,1.4220557688627389
0.20557315769375512,0.13956733748147604,1.4729317145642307
0.20167565947694668,0.13971254333400218,1.443504317252411
0.20459040191541444,0.12535949546258002,1.6320295575574086
0.17203546372529258,0.13562705225230137,1.268445054790855
0.16426976867896592,0.14021820174508193,1.1715295634557485
0.21501926523679035,0.13096177065298045,1.6418475724991803
0.2206478329903056,0.14797608200591036,1.4911047109727682
0.2125479189285166,0.14423259773211652,1.4736468889181504
0.1746383604992802,0.14412703637524651,1.2116974364517907
0.1988499718768605,0.13897982339152565,1.4307830232067014
0.20726416744725484,0.13521616471203146,1.5328357218877144
0.20002838711109372,0.15306634730267363,1.3068083914980821
0.21933296910638242,0.13948231743090497,1.5724786707464398
0.1846646366572486,0.15360847021189983,1.2021774346330474
0.22300117863361782,0.138532409155574,1.609740132239988
0.23114042423014364,0.12773761380418608,1.8094938315073563
0.23703735696121453,0.14277444898869132,1.6602225302931441
0.21395871464387828,0.14157013063724944,1.5113266737890698
0.20947222939937526,0.12899919457085576,1.6238258703570265
0.20894611532882543,0.14306815855364732,1.460465539230907
0.1815655914285716,0.14024101895872432,1.2946682274321604
0.20396662646423477,0.14820138397414379,1.376280173603643
0.21633561552782096,0.12970228199090716,1.667939932953433
0.2055211472117588,0.14108207039549753,1.4567488741525993
0.1693865413135649,0.1344226717317564,1.2601039626081805
0.1886330569627269,0.13585707091732396,1.3884669799595477
0.20447441560395155,0.1462899362731426,1.3977339850785828
0.1891463452247159,0.1288490014528012,1.4679690419952713
0.17186192953349563,0.12569076044239044,1.3673394044924045
0.2009300439017026,0.12664941258451207,1.58650592846314
0.17014544725929776,0.1295603047621233,1.3132529100768173
0.21012962711244274,0.14043997082735601,1.4962238020595773
0.1455493643820497,0.1408623167616603,1.0332739637409196
0.19783066702992144,0.14374714097034041,1.3762407077768606
0.22796756626623263,0.12566012327399656,1.8141599763447553
0.20629686907790512,0.13988833319988753,1.4747253352652785
0.2228213908231784,0.14628739536775504,1.5231755973440015
0.19920405198437593,0.13583504504454497,1.466514417682492
0.1960498845825572,0.12920325900326413,1.517375692339187
0.2220908865476163,0.1354012639658925,1.6402423437019087
0.20218396066789887,0.13424772415262548,1.5060513088328937
0.20195103822956736,0.12807691401160812,1.576795004689633
0.21354854953101085,0.14857923538884005,1.437270483807125
0.18166248411554956,0.1452427990774816,1.2507503660724646
0.19025904783387348,0.13614583199482203,1.3974650934676394
0.21950404850930275,0.14392888946894472,1.5250867933408514
0.23685811323049327,0.1356928504334729,1.7455460068371058
0.18310975371686264,0.12921310401233876,1.417114425943805
0.24581090432691816,0.13523961365640363,1.8175954343631693
0.2289493959826976,0.1386976240214138,1.6507088538686836
0.2049640863591123,0.1368164085426204,1.4980957952515095
0.22600050982631334,0.13664119495997526,1.6539705313065587
0.2046953419743214,0.13204721338025585,1.5501678281150926
0.1824660461623716,0.1437925363694292,1.2689535268616663
0.194081595025612,0.13695584935524188,1.4171106669726456
0.19987227887362904,0.1328280907592178,1.504744047220739
0.2024429368596332,0.1440298417022274,1.4055624478028044
0.2212278804172771,0.1326945327428493,1.6671966496615038
0.19223777512495485,0.13783311066348786,1.3947140436690357
0.24009739110195302,0.16576310565164898,1.4484368530505063
0.22082139065828169,0.13409569317726755,1.6467448388992423
0.21223816699042525,0.1265403419532345,1.6772371855045414
0.20322701309166288,0.13675007130027553,1.4861199790193704
0.1753327950259774,0.13549992274969774,1.293969704690245
0.17080470483036161,0.1412337954006962,1.209375591343201
0.20320950975463264,0.13588912226998887,1.4954067430863927
0.21317675852394208,0.14289353851317252,1.491857229809524
0.15581688490457432,0.14204777783025177,1.096932928375527
0.19728689021848858,0.1303987111785704,1.512951228086298
0.1903917747345203,0.1354975877105182,1.405130363953637
0.17515139419553005,0.1378231119008409,1.2708419638757367
0.2388378745521563,0.13260755315254796,1.8010880140243897
0.24908131830955685,0.13992232832144805,1.780139891164006
0.19811507133171652,0.13321984499632697,1.4871288233159166
0.2541100732460997,0.14019523057818314,1.812544351174552
0.199502804830005,0.13441517775746226,1.484228255755361
0.19656778686203905,0.12912644730749032,1.5222891279115724
0.18317123346094902,0.14217444646569474,1.288355523896106
0.2570710733726185,0.14425431539282005,1.7820685133237522
0.24731384561503655,0.14088384380859723,1.755445045572675
0.25035292151368044,0.14517098223505795,1.7245383179147606
0.21072801418752643,0.14282453526258496,1.475432871530791
0.22625526160692755,0.1534472640025458,1.4744822143141882
0.19205708309315456,0.12903934193381636,1.488360682989686
0.18938137830823032,0.12414685546050062,1.5254625468019618
0.16742027312573926,0.13009973211311682,1.2868610135197944
0.2132978504974715,0.14095295922469292,1.5132555688841813
0.2084777450370509,0.1495101577891801,1.3944052238311413
0.19919687322179133,0.13414504752048534,1.4849364691705962
0.19825472049212195,0.1278067072004945,1.5512074822576674
0.17622555417383395,0.1350979703402632,1.3044278439563908
0.21765733345682753,0.13391530025808518,1.6253358132890898
0.20184973628166608,0.13590637990397686,1.4852116318916062
0.1786148637880153,0.14704042863312575,1.2147330189962215
0.17911598409817997,0.1230831868345329,1.4552433090554835
0.17796990963055187,0.13105624079016545,1.3579659278912175
0.20129375855990658,0.14517298336590503,1.3865786449573092
0.21391036349133247,0.1427775957161778,1.4982067909068648
0.21584745092785299,0.12733273163724176,1.695145059345627
0.20705558053081657,0.13715252629317698,1.5096738363259525
0.17462877152744502,0.13559233016791955,1.2878956450647479
0.23850121840061633,0.1465269217028238,1.6276955499299215
0.19978533651775132,0.14391445434752403,1.388222867699658
0.20234157400969063,0.12698024794238824,1.5934885723446872
0.23909023255145895,0.14005201442408483,1.7071531140386258
0.23319107122545985,0.1337530724798917,1.7434445945943973
0.18763743582514736,0.13466310994709838,1.3933840967942865
0.17185506841073006,0.13782080097505905,1.2469457962432686
0.190364435631714,0.12769463160869554,1.4907786900162128
0.1784575004666376,0.1320495712204685,1.3514432407257646
0.17667579777700979,0.13423584441523637,1.3161596185180797
0.2308195762445855,0.144183816136641,1.600870211576596
0.23134151086392712,0.13956363506897396,1.6576059426196192
0.17981101657327705,0.13406146853610826,1.3412579955801884
0.20468113303551796,0.13010951510624197,1.5731449991830646
0.21936422972662872,0.13623518708814178,1.6101877526303385
0.24025659395925966,0.13416243172466338,1.7907889032030175
0.20454276610976926,0.1397025913861052,1.464130078621527
0.19606531871392446,0.13190458430178328,1.4864177750285648
0.2291278477155177,0.14025311855052985,1.633673818332734
0.20112690487443066,0.13707226169667402,1.4673056560451492
0.22524809929633288,0.14923618261538105,1.5093397281331804
0.217192480296874,0.13046443183259265,1.664763930260837
0.12440921479859082,0.13313548595005603,0.9344557081142232
0.22617979360217774,0.14496224492305093,1.5602669075816178
0.19088668897068548,0.15436054368540508,1.2366287680336407
0.24861428070666608,0.14276951856783301,1.7413680679223125
0.20239962688426874,0.13104124182862428,1.5445490599743166
0.20105618447416101,0.12973908184094018,1.5496963722978665
0.14886893343342517,0.14124728845034532,1.0539595844047598
0.21902784013807372,0.12942446372964392,1.6923217900721088
0.22301110153358628,0.15276565667413328,1.4598248479977054
0.17748153868430955,0.14223077340152743,1.2478420417729625
0.2430150758196072,0.1329963580568589,1.8272310563249625
0.20904360758742202,0.13724704135607174,1.5231192273579313
0.1965031839003005,0.1263984403500418,1.5546329793003297
0.16971202974686542,0.1400834966778509,1.211506235721336
0.20386386022339453,0.13157995726717697,1.5493534460529044
0.20889613724093467,0.14052723198774783,1.4865171275781461
0.19051804299435973,0.1370481804851306,1.3901537570214622
0.23656249985142763,0.12973228404876225,1.8234666997962612
0.19279713852930613,0.14586796919785605,1.3217236079279002
0.24077292237763115,0.14786878172570905,1.628287726237278
0.2160947641503713,0.14455050608691894,1.494942978756729
0.16470314719040605,0.1325969825156871,1.2421334487828226
0.23359260362756562,0.14168371234240265,1.648690592345926
0.21776316837307338,0.14043656260481724,1.5506159103726431
0.22442704291949134,0.13421115506640216,1.6721936623558158
0.20247940042095475,0.1472499784138737,1.3750725304138818
0.23381049721300043,0.13667857315047807,1.7106594824895025
0.19086130020832834,0.13412835519536753,1.422975029629829
0.24659904673336616,0.14637965357814578,1.6846538484374645
0.25281577038164305,0.1445855446313012,1.7485549542752228
0.18647561857680012,0.13612064128064263,1.3699290337042977
0.23676375313299833,0.1435976185291264,1.6487999979259735
0.180485243555007,0.13926931093270134,1.295944112498857
0.20441244900957067,0.135696873897779,1.5063902589499252
0.16843341034902215,0.14941843992848639,1.1272598645096052
0.18459775881370447,0.1384714403434998,1.3331107003421152
0.18276529054470717,0.13473746352718557,1.3564548846344517
0.20620664341398154,0.13025065403590674,1.5831524604639273
0.2370394805530167,0.14707136233233264,1.6117310453505276
0.21819232678027617,0.15127930348290988,1.4423144591284127
0.1739955884519811,0.13915353318233223,1.2503857032792367
0.2156408985010666,0.13247844675008125,1.627743257798532
0.22738450870252216,0.13255421490261932,1.7154076078951523
0.22398578203943095,0.1337280309294873,1.674935168659854
0.1905631624352761,0.12738360354046266,1.4959787377560316
0.23464244528159922,0.14930749330674567,1.571538307186878
0.17892221909771194,0.14183639120398242,1.2614690600834197
0.2507987143848045,0.14988979219198992,1.6732207758588589
0.1865743032558777,0.15359188783957942,1.2147406082458412
0.1851883978111445,0.12963552092962552,1.4285312889796358
0.22291146084499525,0.13781781363729737,1.6174357651010447
0.22956008847122095,0.1273519528753603,1.8025643367706503
0.21944474439872352,0.13846954471425044,1.5847870725044684
0.23309437693472895,0.14025480456414732,1.66193505925938
0.2545112457391674,0.14146900278329796,1.7990601526259953
0.2025223588142551,0.13478706285573233,1.502535588530647
0.20401914354731998,0.1327961110204366,1.536333722272353
0.20322693191054092,0.1378262521352424,1.4745154044464903
0.20210992971570957,0.13555366250414963,1.490995713299318
0.18066394776844347,0.13797578822831477,1.3093887709450203
0.1530359779811999,0.14553723232710147,1.0515245860746112
0.24344870335918323,0.13401405236192035,1.8165908654244858
0.19180314804580612,0.13671699612886293,1.4029210228187108
0.1507280617375603,0.13789337601018545,1.0930768837397005
0.21750172446349444,0.14238932330415172,1.5275142785733897
0.21738296287525008,0.14181930659773054,1.5328164273983889
0.24932933324350684,0.13311147970367676,1.8730866323366395
0.23830762557136437,0.13776109255389832,1.729861611529596
0.21658881432312838,0.13999065694934118,1.5471662112529838
0.17449610636168356,0.1329823706366972,1.3121747305768845
0.19095679539496047,0.14741791779514685,1.295343186574617
0.22575193396065663,0.15200258587639373,1.4851848253702393
0.23189834342244095,0.14138376470976793,1.6402048983380872
0.1882425031733012,0.15373212931714347,1.2244838083583958
0.19940186015332945,0.13972394785397654,1.4271129839655077
0.22256877426314595,0.13470091298595044,1.652318231030552
0.21244269075666017,0.1459885204337721,1.455201341348172
0.19690730183179908,0.1370723687744374,1.4365207488011273
0.19457053311842248,0.13554610014869803,1.435456519257824
0.20037334275262486,0.1430814709190329,1.4004143336352222
0.17186713089508954,0.13945490343593325,1.2324208519067723
0.19786173500173165,0.14330506445274743,1.3807030181195963
0.22272087733004897,0.1338243475074762,1.6642777004207436
0.19177981835945923,0.13363113193838014,1.4351432602388832
0.15588560784790806,0.13493539847274377,1.1552610331483633
0.20044408115117862,0.13470110153814033,1.4880656420944212
0.22543835495028036,0.14273866634052504,1.5793783193438455
0.22349077481332114,0.13670254258620096,1.6348691881308195
0.1825139105648926,0.13893076582124086,1.3137040560168596
0.20868818787802965,0.1343852252747031,1.5529102060992226
0.16957569305574569,0.1328640414543456,1.2763099119938697
0.20221617578656642,0.14285533854531954,1.4155311089225777
0.21019868627128868,0.13411080306887263,1.567350887932131
0.21080372155255178,0.13994161467688307,1.5063690814150255
0.1919486467936134,0.14563908880200438,1.3179747852897283
0.20822028221671862,0.13874274752850516,1.5007651637714545
0.20642082621609967,0.13868535792132644,1.488411100566206
0.26659562224236394,0.12870204894145812,2.071417078710445
0.24270719167808325,0.15091822440464944,1.608203334193256
0.2182802636196942,0.14258093208957606,1.5309218450231497
0.29044239687081536,0.15819713781950806,1.8359522863314375
0.22100010413824833,0.13949944044055893,1.5842364918475573
0.18250472160020534,0.14189542948225053,1.2861916854272923
0.1906370371180834,0.14958455909868865,1.2744432865715125
0.18553746524680098,0.13621287507898622,1.3621140082331626
0.20838103426846483,0.13366142809164894,1.5590214562542468
0.1895463952898413,0.1364319424689906,1.389310977031079
0.2357958165362129,0.14188599995047782,1.661868095643772
0.18932925232505846,0.1320007307398307,1.4343045774361693
0.2126684409978802,0.13244913887547916,1.605661182877289
0.20265383664981837,0.13195443703244805,1.5357864518037017
0.1444939278605398,0.13499910118683067,1.070332517700017
0.19423350543265636,0.13061908634828195,1.487022385953254
0.22067167344399083,0.14468147042880333,1.5252241547585164
0.1850708780357355,0.1414541975655845,1.3083449004751404
0.18759542075800426,0.13264147287156833,1.4143044154798081
0.2056135380398035,0.15095526999525438,1.362082543035877
0.21424931058743277,0.15143123008298598,1.41482909747231
0.2045302513445184,0.13980489312329122,1.4629691906716538
0.22587661584071095,0.1441224732036026,1.5672546468281447
0.24609521192639192,0.12456210239959775,1.9756828697135624
0.19762175506382634,0.12999695229495636,1.5202029861087265
0.21254350892931068,0.16038761884098052,1.3251865104378235
0.16468113710777169,0.12653207612548198,1.3014971551123309
0.17868923158999614,0.12449151585721771,1.4353526853584069
0.20916263337387905,0.13964709300353564,1.4977943963973772
0.17511162670199318,0.13025100365949432,1.3444167168168217
0.16606746790090876,0.1380528535301984,1.2029267317142585
0.23697082753044457,0.14821765319272923,1.5988029929357235
0.23330544739902928,0.13807331218930152,1.6897215232959895
0.20694157436945665,0.137009767785033,1.51041475155367
0.20073258854464443,0.14469209463126687,1.3873086090583668
0.23491432795519604,0.1333491413635591,1.761648598206813
0.2533593778650042,0.13293956669021212,1.9058237075151996
0.1752249364746025,0.13483728066044387,1.2995288514892664
0.1931480126121817,0.1351949906509516,1.428662494684097
0.21376050165990848,0.13227334786656905,1.6160511932875528
0.1601295051670096,0.14099392375691766,1.135719192006337
0.17996838504631163,0.13358082758533435,1.3472620906719859
0.17861167998274413,0.14206954919370263,1.257212970664239
0.17878039402065787,0.13424536481410188,1.3317435150794703
0.16311881290221053,0.1410115556541356,1.1567762099036638
0.18557612174462257,0.14098468614426024,1.3162856677549708
0.18227442921929018,0.1365976570959285,1.334389132979669
0.18909072229033708,0.13095548380266026,1.443931302451466
0.19442741110968134,0.13594945579166065,1.4301448282929266
0.2382115412307171,0.13433547669609608,1.7732586141010045
0.22194773622798727,0.1418728225110696,1.5644133407627794
0.19396817395992355,0.12956969095971294,1.4970181106647389
0.23550571437179854,0.15655952058383113,1.5042567420592925
0.2034562453888092,0.14012127432522406,1.4520011066740908
0.21453917339358688,0.1305078568325942,1.643879369414378
0.20578640765750555,0.1499478855389735,1.372386192161535
0.20530186773487452,0.1297738488480782,1.5819972171374403
0.19962326852989207,0.13531632070882502,1.4752342325316645
0.22229888466832848,0.1363449759188115,1.630414932198891
0.19446336529613922,0.13757788918205727,1.4134783318183144
0.2410749056677612,0.13650262544654543,1.7660825561349105
0.17898596124410499,0.13424759796820293,1.333252616456486
0.19186039000064356,0.14135318915612716,1.3573120715991083
0.1676003960992466,0.1331464153344846,1.2587676181758871
0.18872113989518258,0.13633457677603059,1.3842500146181715
0.1991647581991549,0.14049505263279835,1.4175926800760543
0.23630378692420695,0.14385900464642032,1.6426068531823876
0.1627163405522329,0.13838653902751602,1.1758104631829782
0.200564661907234,0.1396358923602361,1.4363403170712896
0.27901485959003197,0.14340439212295483,1.9456507256123983
0.16861429716918913,0.13808963631572344,1.2210496143510376
0.24689240250103042,0.13975002924220012,1.766671562358977
0.19725907306507373,0.14543169080774873,1.3563692477854599
0.19698063854376244,0.1422626181894676,1.3846268334624667
0.21207238049735996,0.1406090298555792,1.5082415454767124
0.227685245307875,0.13639396696328618,1.6693205013177903
0.24760890765543542,0.13964274818388334,1.7731598015342758
0.20462295283555867,0.14801029485059422,1.3824913533353262
0.2414043881505708,0.1316259317161657,1.8340184567211888
0.23652166766406288,0.1427048313676972,1.6574187811107433
0.17600675194676685,0.12815451198724542,1.3733948904138773
0.2029165937076442,0.13336618136297215,1.5214996158237613
0.2323075904453492,0.1381248472194764,1.6818667685200703
0.18328381307467434,0.1356360829007661,1.3512909629568721
0.19164421949697613,0.14185585952454347,1.3509785224192197
0.17798528156560736,0.14105141699754606,1.2618468169568537
0.18618346642156547,0.13387185744550534,1.3907588194729754
0.18832368872298277,0.13026727463982324,1.4456715183738975
0.23201252198994984,0.13607176166831986,1.7050747278152338
0.16737723464604407,0.14310322166984749,1.169625901450346
0.22936684668224205,0.13529221422975593,1.6953440224780911
0.1841943573708753,0.12403358532279411,1.4850361447789675
0.19420953691192142,0.12731551345967307,1.5254192645850413
0.25704565158187886,0.1425615820346485,1.8030499375308973
0.1852380861846246,0.1259676283644542,1.4705213441717497
0.21034915789158562,0.14177417321884667,1.4836916563560885
0.23470439950938918,0.14661485395543103,1.6008227896249598
0.21346110468249285,0.14075186546608445,1.5165774462430013
0.2266358075756738,0.14025528754349817,1.6158806669259151
0.25118334986375185,0.13544993970954153,1.854436778653344
0.19832814853735015,0.1274954662642723,1.5555702045612825
0.19370331556071704,0.13965704562586156,1.386992791467495
0.19653117672464482,0.13485199770730633,1.4573842439561924
0.21457717014912325,0.13594304297655882,1.5784343608236253
0.19680437252079375,0.12464163604955811,1.5789617238540048
0.21604651879542833,0.14918883615216505,1.4481413245631318
0.22651375487452816,0.1437295340100296,1.5759722344798097
0.19402057890912214,0.14340481100104574,1.3529572512578207
0.21070126215216084,0.13655650663016097,1.5429602539760903
0.2621242669263768,0.1362153052113542,1.9243378452932285
0.1749663748069794,0.1353701896336523,1.2925029896204245
0.17454128769212396,0.13745800912343806,1.2697789587173849
0.22700276682246529,0.13338776122126042,1.7018260501870073
0.1911897620516732,0.13349646445200125,1.4321709779843317
0.182863038426336,0.13242281008011925,1.380902869495815
0.17777162111554845,0.1513292351985824,1.174734154192129
0.21015028835729643,0.12885744666212992,1.6308742241984666
0.21540714068644026,0.14159270415741992,1.5213152539763273
0.18311389215392937,0.14847627268832414,1.2332872373373436
0.21542004487756158,0.13415698017627342,1.6057311710096176
0.21362442147732222,0.13950913733567893,1.5312575617417181
0.2213113541493408,0.14533920412621648,1.5227230359480162
0.23648237650505602,0.13750650912641693,1.7197904157951198
0.20072268114855024,0.1384034164280255,1.4502725895710304
0.1933526150023335,0.1369428553050411,1.4119218894015266
0.25457342894529283,0.12989951794109184,1.9597719297213974
0.17662093381577526,0.14240829745338643,1.2402432791782194
0.2166112879770325,0.1392852915122221,1.5551626853437366
0.21666605433036037,0.13949608432220914,1.5532052772886689
0.18448123355143603,0.13501119628061087,1.366414331801085
0.20503839383441616,0.13432369326081653,1.5264499423515163
0.14503659548549838,0.13468885933027538,1.0768269640612884
0.22468294785463241,0.13862448265216457,1.620802787184462
0.17845712114326348,0.13946441998415746,1.279588881261152
0.2188668410736134,0.13188957577070917,1.659470354610244
0.246037835870409,0.14035229185820974,1.7530019112118782
0.20510860574800496,0.12497313253650896,1.6412216096774694
0.1865575524782714,0.13169389188752403,1.4165998878490496
0.21771107050854763,0.13754477741355792,1.5828377827385807
0.23450003507572856,0.1471918588861989,1.5931590024760256
0.21634951650342366,0.14033383748409628,1.5416774769516444
0.17769716712465466,0.1275980362642091,1.3926324599283684
0.15994768725937944,0.1397151454577822,1.144812802758817
0.24899226055201323,0.14969447263093194,1.6633363689112126
0.20066651243346395,0.15286457488763647,1.3127077518186567
0.2423876925540899,0.15013493005746814,1.6144656840437437
0.22843540627806289,0.12826546691291835,1.7809579754865092
0.24917467849366218,0.13779696868270408,1.8082740199272462
0.17817170061158238,0.13884950222475118,1.283200139408362
0.18549934575218405,0.1333225297541549,1.3913578304750334
0.1641000693163825,0.14280000378668883,1.1491601188016156
0.21136872091714,0.1416321241663796,1.492378386338672
0.17500239607283713,0.13328156886648027,1.3130277319000667
0.23346676826539833,0.1391591925020882,1.6776956237504395
0.2127737421791876,0.13659320041697193,1.5577184042079895
0.23167875322188125,0.12791264044870873,1.8112264152250173
0.2196676202285396,0.13174407969623084,1.6673813406647087
0.17064036207739258,0.15020385983883355,1.136058435918272
0.2567069284955659,0.13559711870642047,1.8931591684581346
0.2070351727544439,0.14196502961173246,1.4583533234957593
0.23724147787546548,0.13951891357678112,1.7004252096967838
0.1810093561676113,0.12865357907356745,1.4069515785806896
0.21877117972551333,0.14235741530960572,1.5367740363206182
0.21508689970531883,0.15829428383460012,1.3587786905183554
0.20372281649667318,0.1313620374924906,1.5508500049591507
0.20989425105007142,0.13761107643216028,1.525271486075072
0.1954903710898987,0.1310169809289024,1.492099495072195
0.16996877041023017,0.12487613803013677,1.3610988703799525
0.15702418699365053,0.14659974620272756,1.0711081776124454
0.19098599576651684,0.13619567959378942,1.4022911470917605
0.21780543527461682,0.13710807115322654,1.588567568944983
0.17965002380093242,0.13406443999126566,1.340027406317713
0.17229352069089654,0.1435585276293899,1.2001622163170187
0.21579860758205632,0.13285783014882027,1.624282192026847
0.2505596325249672,0.13877032950281218,1.805570639074469
0.22381225921224096,0.1349638921302312,1.6583121283748767
0.24362877757934676,0.13600586637292314,1.79131080207471
0.2013297469147381,0.1429388957064305,1.4085021849352424
0.1955799642356895,0.13771361591622405,1.4201933696568358
0.204972883980629,0.13532724559365494,1.5146460942247946
0.20100484772637323,0.141226491903364,1.4232800448227045
0.19024843632826688,0.14190510903023257,1.3406736207625538
0.18717258398724732,0.14214513570259316,1.3167709402231251
0.19352520005626314,0.13483538107243534,1.4352701680896267
0.21107684523889114,0.14413444532930292,1.4644441497425922
0.20007101809365274,0.13467548825657755,1.4855785613525057
0.2314319141983246,0.14066688411619982,1.6452480315633284
0.22158453381041787,0.14061759199894436,1.5757952519346323
0.16799132458917487,0.13261396946725412,1.266769445662784
0.2200279202946849,0.12952202946867183,1.698768319159979
0.1999910269865065,0.15263253119884773,1.3102778641989545
0.2406992339965506,0.1387157849391681,1.735197145026472
0.20591656365451402,0.13863026167596673,1.4853651804814576
0.20655539697192588,0.15018013439312844,1.37538428638786
0.16608375787230048,0.14655322570274598,1.133265795248808
0.2063284619087218,0.1363806303211688,1.5128868478084445
0.21335288014131018,0.13351278765888625,1.597995846558223
0.2076824848477681,0.1365008572022483,1.5214738508202377
0.21719740477899652,0.13187658756287401,1.6469747116821976
0.22854562271782014,0.12829379177808464,1.7814238674397078
0.18127400228153967,0.13467246622880896,1.3460361078823235
0.2265223156671873,0.13832660661357926,1.6375903465917165
0.2176724109915684,0.13436133183402926,1.6200524959104283
0.17674478558388626,0.14269424092973618,1.2386259209361985
0.23267573801005403,0.14450932205678993,1.6101088476397118
0.2242428718586698,0.13149436331346892,1.7053420862162592
0.2248331860705012,0.13220952237751718,1.7005823939708529
0.22475126581970936,0.13944247095275922,1.6117848764731897
0.21756245544188602,0.13481568729125892,1.6137770003861573
0.22757508055675343,0.13415988911227075,1.6962974705972576
0.1969521116518046,0.13563725587605296,1.4520502525632184
0.1769228676403008,0.14694776348187372,1.2039847592653192
0.22012334913282455,0.13319227739435455,1.6526735141038638
0.22203472825365583,0.1372531333367853,1.617702436773064
0.2007237104046107,0.13882202597292623,1.4459067932329186
0.2337420972536706,0.12990141245974798,1.7993807213304882
0.2136411598255065,0.14754659840931972,1.4479572021906535
0.23215787689256479,0.12466020833415632,1.8623254364396453
0.1654594706322618,0.13432696035573288,1.231766654989303
0.20047113831888855,0.14517155935500226,1.380925707553067
0.22926939833723997,0.13851906742859724,1.6551468515727774
0.1831606945753748,0.13096418690237266,1.3985555815492678
0.19917134103347886,0.1374248230518391,1.4493112423972188
0.19382121776133027,0.13991460382164203,1.3852822540841154
0.17905266875674572,0.12554205673941898,1.4262365410214355
0.18756902011806936,0.14417448985186024,1.3009861891018109
0.16040434396310077,0.14063927443557123,1.1405373399916408
0.1959517675887177,0.1315451932688897,1.4896155664781718
0.20149627145086993,0.13506813148797628,1.4918120894328584
0.20810354608012166,0.12584523650375953,1.6536465889505856
0.20595152279291984,0.130154856212814,1.5823575760874569
0.1964136582395299,0.14543827269831497,1.350494987292334
0.21484506769156453,0.13696523552315326,1.5686102160956463
0.1861728657878252,0.1420122110881013,1.3109637851658233
0.17912255777415453,0.13784386644479368,1.2994597612066614
0.21312085143586568,0.1367499007079999,1.5584717088090585
0.1757068462386155,0.1311488873160887,1.3397509489740111
0.21009516719993127,0.1360698894797526,1.5440239424255118
0.1901788400751634,0.14935839073432866,1.273305363964748
0.22332377294000752,0.12655508156541131,1.7646369484150686
0.2531484733382072,0.13785278794261785,1.8363681802618455
0.17635730497077268,0.13927199394727977,1.2662797449251084
0.18941124686259983,0.13951065818100017,1.3576829851727814
0.21809885791917275,0.14273079090581953,1.5280435043836098
0.173563748658971,0.13408642458268283,1.294417009023497
0.23199292222759754,0.13487831960880264,1.720016403677503
0.18871210788649306,0.1295362358808213,1.4568287136281775
0.20648480706689257,0.14039702361086653,1.4707206873501764
0.19542411350809108,0.13892929619267613,1.4066443785698322
0.16892185243298627,0.13357776807444363,1.2645955600848577
0.2205915706499946,0.12431599976497985,1.7744423168942396
0.18496318670809295,0.14638916039876054,1.263503296311405
0.21019141770277244,0.12526477615133674,1.677977035210863
0.1843194828650181,0.13658895716367553,1.3494464464220686
0.20393244607561284,0.1420982352597698,1.4351511523194072
0.2200522394296181,0.14188179003745027,1.5509547727832755
0.18988893583150854,0.13914762613601653,1.3646581052406348
0.21075378329254926,0.14644680320225084,1.4391149460701238
0.1934139147279102,0.13661723251816865,1.4157358567645424
0.22321871167879231,0.13922542488169,1.6032898579298824
0.15099818454914535,0.14336183250518192,1.0532662837138846
0.18007060777287096,0.13752203241426755,1.3093946083521457
0.24814710278012905,0.13559554919172645,1.830053451306572
0.18811821863288083,0.13574212756906376,1.3858499347387112
0.22825698403940672,0.13307762036503692,1.715216904339657
0.22026930242201706,0.1359851411890099,1.6198041969589754
0.22533440709201538,0.1388476414906325,1.6228896989022157
0.2178781157308278,0.14050474742908312,1.5506815229912234
0.2372699713183488,0.12858948804058315,1.8451739324404637
0.19765418675316318,0.1476744799199236,1.3384451183463861
0.2140690511227842,0.1512268472577381,1.4155492559991232
0.2285876050977891,0.13771794129750295,1.6598244422198154
0.17041348530475692,0.1296063756270061,1.3148541842971482
0.21058179516452832,0.14426037910292025,1.4597341035288152
0.1915976757928519,0.13953827144125885,1.373083339888644
0.20188958679232863,0.14176950277300135,1.4240692309938507
0.19597343859184801,0.14416228643999163,1.3593946338623248
0.20440347035952397,0.1387218904776946,1.473476678090618
0.1801740163512455,0.13874219936450805,1.2986244789005141
0.1931647779893018,0.13809264375229224,1.3988057056521912
0.21299354066588838,0.14203677315707444,1.499566175235091
0.20468473602226758,0.13654011608679587,1.499081309497009
0.18955621447762155,0.13840385934974295,1.3695876355486443
0.22025534003282723,0.13911042655462583,1.5833129513576574
0.16413535315690023,0.1429539087192832,1.1481697466503749
0.19664325717416822,0.13767816850005507,1.428282053113523
0.16393883915226495,0.14658537309978192,1.118384704322923
0.23048919730017306,0.14316894222353363,1.6099105973717673
0.23511133159494318,0.14350372640495843,1.6383639469505753
0.18398728722421498,0.136119779105097,1.3516572568205525
0.20900104859088897,0.15585075120876266,1.341033308918295
0.20714637944313782,0.14848618963154875,1.39505485296072
0.1925344259352336,0.12530228416337585,1.5365595864493329
0.23656123621475386,0.1395197129166985,1.6955398722472634
0.174440818535744,0.14477396790406458,1.204918405298792
0.20967900511542553,0.12898730404857936,1.6255786308740585
0.1719437584572001,0.13740801209247283,1.2513372098090279
0.22456512157091085,0.14077542957295305,1.5952011103936008
0.15210633630353804,0.13005960439633368,1.1695125247345888
0.26177922678350923,0.13914474113047678,1.881344739705523
0.19122707768164976,0.15169880375758996,1.260570768819145
0.23397971605032222,0.14739228883036595,1.5874623964867653
0.16368876556703033,0.1443663777743836,1.13384271386821
0.16402454874421782,0.13530630466067503,1.212246163662242
0.19220233421370148,0.145516220971612,1.320830990046101
0.19024367950906526,0.13889967520092128,1.3696481236106117
0.2008887475554278,0.1310514983281362,1.532899280956163
0.21610348676020688,0.1350500784815312,1.6001729816822
0.17794652463812866,0.1290623399796904,1.3787641279875353
0.17153256629536798,0.13001136303045385,1.3193659561525264
0.2045590584957281,0.14391931694699886,1.4213453957057136
0.2151470279510978,0.1530935796451985,1.405330180728095
0.2217536488239128,0.13843971643916084,1.6018065807102788
0.18686478777567503,0.13080206030250138,1.4286073731829554
0.2528047494677565,0.14549070378771653,1.7376007049675173
0.17924308153022322,0.12883018876072883,1.3913127292169405
0.2174795268599972,0.14302531947722893,1.5205666217345672
0.2298240227963205,0.14489347814031941,1.5861585058628496
0.25997147307672647,0.14719976132410562,1.7661134144390302
0.18785698708792362,0.12998602434570133,1.4452091140837795
0.19335226307001183,0.13717027418822078,1.4095784543282306
0.1937739537400953,0.13204046169260408,1.4675346576052533
0.18936171571280877,0.14288167382303527,1.3253044330047596
0.18223635699171853,0.14091580049223892,1.2932286965346755
0.20704563197878836,0.13422805207257948,1.542491519334834
0.21703815515059205,0.13197931552156325,1.644486140065877
0.20868861789963147,0.1451174095659325,1.4380674139915384
0.1766990221378153,0.13692549823230196,1.2904756558784638
0.19239269305289047,0.131273108372351,1.4655910524124725
0.2514486825144058,0.14583321280831252,1.7242209622366158
0.21342836480402333,0.13530041705246898,1.5774405537956075
0.20209351165552705,0.1329790508178213,1.519739465823013
0.1750064593494076,0.13959515501392325,1.2536714424791635
0.19445852735980013,0.13676002134198162,1.4218960003928183
0.2088178989318746,0.14885193494446203,1.402856462764736
0.20338162805699694,0.13512235140888043,1.5051664357258248
0.19543457060631964,0.1382120687347839,1.414019574378417
0.17980888870814038,0.13507249741530272,1.3312028144063126
0.2009470112571336,0.14698806887483956,1.3670974303923955
0.1800874579206763,0.12798567881178408,1.4070906963388705
0.21160932652789405,0.1403819201678956,1.507383046725754
0.20264677070662482,0.13784125827390598,1.4701459725791464
0.19421389353940136,0.13626617679258773,1.4252538532362031
0.18295435947231184,0.15106078104700693,1.2111307660681319
0.17421947016886988,0.1338828174376685,1.301283267735091
0.221116993689803,0.1339437592423728,1.6508196793975984
0.23414116827606024,0.13560321373337988,1.7266638586930805
0.18694842628409056,0.13268551834552372,1.4089587817508604
0.25041439703804375,0.14159586242083055,1.7685149322640419
0.19293835434998244,0.13837794710541187,1.394285421816586
0.1902998270744837,0.13957503887842834,1.3634230633475755
0.21622527953168305,0.14757566677398637,1.4651824671260627
0.15045387452690545,0.1346153536037145,1.1176576111059142
0.1369946400066785,0.1296615644553239,1.0565555072712491
0.17515599444933047,0.1368973092455464,1.2794699575516215
0.1909218756065205,0.14217551637328912,1.3428604338966865
0.23769929418071323,0.13510990831732955,1.7593032009350071
0.20667122982445102,0.14792536648628266,1.3971317748509073
0.2374061446207671,0.1400981405603519,1.6945702753170842
0.243668672138153,0.12823710613450767,1.9001416944216547
0.2742527194081509,0.15089692336709493,1.8174838378974885
0.1913773117447075,0.13051323943326273,1.4663440473605538
0.21660405539066918,0.14331670146007777,1.5113664575304666
0.22592958571089583,0.12962427454516295,1.7429573781890577
0.20199144752511144,0.12724770574264307,1.5873877359615165
0.22149653883862766,0.13938610903272497,1.5890861749116252
0.2281841351934461,0.1412145140347633,1.6158688556423682
0.1953324163362349,0.1349633630134703,1.4472995631913776
0.19232649247024208,0.14082235847265892,1.3657383284599856
0.1568878915045149,0.1345790677014735,1.1657674123031332
0.21837994239603994,0.14281816754980045,1.5290767704318236
0.20191341888566403,0.14569832214343256,1.3858321490270187
0.24246881825904906,0.15256563760533384,1.5892754231217012
0.21962318089584806,0.13961849599228865,1.573023540577161
0.21004134215952927,0.1379612680305904,1.5224660164253958
0.19736763238656616,0.13712931737892312,1.4392810826964835
0.17598779189193375,0.13689913477640758,1.285528883578178
0.20821087009233488,0.1453886032115223,1.4320989781393938
0.2267215761797545,0.1344182847833049,1.6866870198890822
0.2106197226489576,0.13449831405746993,1.5659655225043316
0.18685117318433686,0.14180037906638224,1.3177057382679112
0.19065470615023244,0.14254911395457293,1.337466792048877
0.20709139866804016,0.1450249810786002,1.427970527062516
0.1860366877032444,0.13721935761559043,1.355761249257645
0.20531793004543614,0.13658077142194355,1.5032711260001643
0.19196583473692233,0.13484810690316262,1.4235708542410401
0.23171777029047472,0.15022120413608353,1.5425104040609636
0.180119531099693,0.13169957475953786,1.3676546141364705
0.22145255742863376,0.13863386599302507,1.5973914875877113
0.2278461451212068,0.1295318106653326,1.7589976080075493
0.2012195641993326,0.13765684969363012,1.4617475603078816
0.21436484433091285,0.13950571802247957,1.5366025663290066
0.21270186463966692,0.1287208247970805,1.6524277635338085
0.2834142992776408,0.14753530191934566,1.9209931154821318
0.15550408834524754,0.12988001784930558,1.1972903216387951
0.226633236151358,0.13586322612350887,1.6680984444262572
0.17378459416794909,0.13818943253423513,1.2575823706700264
0.21382359214016364,0.13528831655124351,1.5805030145317325
0.18185640777055223,0.13491347107093501,1.3479484763603442
0.22247663237622525,0.13497834866690242,1.6482393996777203
0.24913314960855143,0.15120252386822766,1.6476785124676219
0.19888748127118464,0.1295410231354006,1.5353243046667988
0.20835820149372614,0.14429544003700556,1.4439694105391774
0.21257791707799012,0.12931120055127504,1.643925013237332
0.23239974311267544,0.13186448528068156,1.7624134551315958
0.2361047518136352,0.1471091778151995,1.604962758409493
0.17836674729460372,0.13100755859434202,1.361499666190307
0.1690410079602573,0.12746485209301736,1.3261774142796618
0.2129940536364747,0.14228802836807292,1.4969218147116237
0.18056948630432643,0.1398750233894914,1.2909344494014385
0.23700501414353697,0.14564737676972758,1.6272521991127122
0.21673264007364174,0.130912834353097,1.655549214441972
0.21050688645820131,0.13299167137439674,1.5828576653163833
0.2123453085222834,0.13856105841606195,1.532503511085106
0.20450200763352744,0.1332129131501449,1.5351515314662645
0.22540187066481626,0.1506382339174489,1.4963124885567796
0.2058944241549303,0.1327234150239774,1.5513044485611984
0.21545521819610094,0.13598384325136062,1.5844177737927345
0.16972866754129154,0.14220087324720712,1.1935838625001205
0.20418797350523765,0.1359465951561376,1.5019719564930871
0.20096363269748546,0.1436765948086216,1.3987221298303363
0.19178282759795245,0.1320948043783929,1.4518574632850803
0.2276142158668515,0.12075678207090497,1.8848979905178564
0.20504430749680327,0.13536331906189103,1.5147700936843356
0.176499033537992,0.13557057147850005,1.3018978352981476
0.2107327991065164,0.15332657466320757,1.37440492340878
0.24095189301341563,0.14552519381807666,1.6557400591036724
0.23401634655270953,0.15221297716025628,1.5374270375536194
0.19385235653589022,0.1514834663497613,1.2796931652481671
0.19894607060510458,0.1330845975927758,1.4948842631200465
0.21201525223014406,0.14023635180151614,1.5118423255207063
0.2032301689453973,0.13930378692528608,1.4588990969383866
0.21756784510674707,0.13480668819760386,1.6139247096392526
0.22117608181060255,0.13684049609159488,1.6163057583667135
0.20155606022361883,0.1305001350399345,1.5444892847194407
0.21198265329326363,0.14408057977195676,1.4712784584069465
0.25350505800007705,0.1398106031888085,1.8132033781281156
0.16136512286312144,0.1287090509458792,1.2537200894362415
0.1955538686726243,0.13352898009835576,1.4645050724463093
0.1924203883248738,0.13315661358033254,1.4450682031560362
0.19063916365912223,0.1401357563898073,1.3603891581305816
0.17583649292355585,0.13435984755195057,1.3086982169696808
0.2027721952836813,0.13280055875378863,1.5268926364957516
0.20214972127961706,0.1392684701832711,1.4515110348637925
0.2293904206018436,0.13184403586607846,1.739861944417786
0.21344135755786486,0.1392736625983287,1.5325320923988264
0.21659070014085308,0.14104954514637408,1.535564683431529
0.20258859105287158,0.14000827959217615,1.4469757905959764
0.18575129543988847,0.13685818326734916,1.3572538448579854
0.20793026082549643,0.13744420479790426,1.5128339614699196
0.19057696813743832,0.14641478945829237,1.301623755650217
0.18247427930581142,0.1395250869880277,1.3078241572533051
0.19162850860295597,0.1338712132516785,1.4314392463351586
0.2058389363814455,0.14530112822379349,1.4166368761047152
0.19384458453363823,0.13462537374972244,1.4398814958464536
0.1834986914592257,0.1604869364469395,1.1433870913218809
0.1972276241935695,0.13707556004096214,1.4388241356419205
0.18072954824850215,0.1286858562258197,1.404424336512596
0.19206081081519547,0.14759996118217542,1.3012253477366718
0.23415579091578415,0.1383417154030276,1.6925899048860549
0.20490012633656796,0.14387188815014984,1.4241845920776883
0.18135934252477584,0.13217462782335015,1.3721191843805338
0.23960784021879614,0.14848151565137924,1.6137216755072261
0.25479132888018063,0.15056105676512502,1.692279094969788
0.23317820608362055,0.13289642192914322,1.7545860354911953
0.23397765740345117,0.13265148894027717,1.7638524774402904
0.2157800309641266,0.14711518641056598,1.466742055860448
0.2179306914943269,0.12729785310252464,1.7119746027358946
0.21197814710681298,0.14104548310558765,1.502906313902478
0.24299544958055613,0.1456052691603518,1.6688643960607685
0.14828466725338252,0.13497615967119928,1.0985989497301052
0.1952973648486571,0.13605145393579635,1.4354669442990247
0.21419074834633392,0.1384843600111983,1.5466782554290879
0.2364702061689065,0.13800715663257015,1.7134633589943749
0.1807326147625444,0.13135573633280045,1.3759019576019398
0.20022956986601406,0.14378533529438087,1.3925590496142832
0.1992826366199935,0.13574584498130418,1.4680569902337712
0.18278496289094978,0.14175645717876167,1.2894295366062176
0.20677665123217645,0.1479725219745804,1.3973989797085282
0.19586904276636932,0.1317250815403695,1.4869532854025356
0.21259464531494734,0.1352054173109122,1.5723825978516408
0.1841834918150492,0.13102947608148577,1.4056645674176973
0.25630400190917046,0.14967967269277874,1.7123500960296782
0.17475947840901343,0.13267038750592067,1.3172455564073366
0.18382624929416402,0.1426031973889641,1.28907522874652
0.1791386406347168,0.14326485466719197,1.2504018592058783
0.17692707383037626,0.13164901598567552,1.3439300894556427
0.21545370291919125,0.13460761907530985,1.6006055556086307
0.15599582045546823,0.13195345162221073,1.18220340989709
0.16262786227894283,0.1364871299110444,1.1915252550547124
0.20962955250049967,0.14587808998736884,1.4370187635350236
0.19355572741281984,0.1401525438079221,1.3810361350136202
0.2163048322667361,0.14642507449964037,1.4772390111863483
0.21865853652873984,0.14422382933365582,1.5161054698033458
0.20671201777637385,0.13219387797764612,1.5637034100121392
0.2471193065081309,0.14239407383324976,1.7354606119178766
0.2343940571632983,0.13225634724335317,1.7722707609035249
0.19790031963010032,0.14191152011307087,1.394533153280433
0.18869841920033825,0.1353215630363767,1.3944445731063049
0.19093906594799215,0.13913710991535064,1.3723086965379487
0.24273003780597718,0.1619983926791887,1.4983484329172592
0.170945749094929,0.13502523971555422,1.2660281104113968
0.19699134118185196,0.14104386389321005,1.3966672192914538
0.17820873059052247,0.14495373105292994,1.2294180308159812
0.1840523409694223,0.13615370853921294,1.351798220879267
0.19714070345996224,0.13454390916960177,1.4652517878862352
0.22442948041483535,0.12556334500743746,1.7873805480535883
0.21378307844626096,0.13081103709603775,1.634289301515953
0.18728533733184138,0.13765549324702267,1.360536604200444
0.15584237263145168,0.1402515574196591,1.1111632234153515
0.1777905299824361,0.13970203262532843,1.2726409676461794
0.18836307139035877,0.13138899586825947,1.43362897437184
0.2331064551597195,0.14736942937645287,1.5817829799981975
0.178594406658459,0.1286858351813117,1.3878326733228152
0.21423551687421472,0.14024477745594136,1.5275828502171351
0.24212978260017018,0.14299477188049736,1.693277169619329
0.18864449939333183,0.12793683743184855,1.4745127609850603
0.20347839597851952,0.14674122147790952,1.3866478275782326
0.21994891959191254,0.1300540412150042,1.6912117265798372
0.2282594546270308,0.14345118753547925,1.5911994773175107
0.20892158228033136,0.1506316172943459,1.3869703189343199
0.18047360831807294,0.14154705324229533,1.2750078803063776
0.21886317360100668,0.134993734516341,1.621283938733566
0.1951260613620063,0.1419844768709633,1.3742774256888557
0.20918837011084865,0.1387666827437901,1.5074826750530648
0.19528668934522722,0.13072089703066192,1.4939209704124103
0.15741710106465417,0.1340432255537972,1.1743756569143142
0.16985586305153033,0.13174970414576614,1.2892314571242152
0.20440085378006007,0.14447359698924203,1.4147972919597234
0.21361835209772703,0.13474567890044892,1.5853447312069266
0.20181250127533723,0.12678463933765238,1.591774069237764
0.21276343943324902,0.13640215765460859,1.5598245884936734
0.20910510521909098,0.14764264976780558,1.4162920101200167
0.1423521083199168,0.13379352097852792,1.063968623284549
0.17909128557009607,0.13685936626343193,1.3085789483006562
0.21499911229273716,0.14127177114821918,1.5218830382409867
0.23625069033213883,0.13572937689153441,1.7406010087332393
0.2102763960961476,0.13833359583138938,1.5200674487811847
0.18071983315798879,0.13373424528790626,1.3513354995119675
0.23134969040417525,0.14703741265053424,1.573406973326082
0.21857744723413156,0.14652417887605945,1.4917500231754914
0.18972226598656639,0.13665652225887956,1.3883147532992246
0.1566444617113654,0.14701232356507385,1.0655192565678206
0.21255813988481856,0.14664649210934455,1.44945942332073
0.23292300767340055,0.13156962030368358,1.7703403501186463
0.21681742113341818,0.1489606297584485,1.4555350731599674
0.16481507200830206,0.13390278422346114,1.2308561988767428
0.2515336779810682,0.12946126534018132,1.942926151077861
0.19518917426465887,0.1406996289568579,1.387275685883357
0.21592101068669478,0.13211221958315714,1.6343757705984552
0.20630624750639634,0.13172403335973346,1.5662005045273828
0.2276392545486235,0.1447856277935433,1.5722503539731523
0.28519361510831664,0.1480817609210989,1.9259199332473758
0.1733885717074601,0.13709211089170853,1.2647596610750476
0.21436890745848536,0.13041983596350507,1.643683308407714
0.2319865378443647,0.1368429518049571,1.6952757506650122
0.21950908743961636,0.14624547932499823,1.5009632328655163
0.1965066741076033,0.13422450651407675,1.4640148748618773
0.22129212786932972,0.13368342314953893,1.655344564462501
0.21865572072713582,0.14680547440108913,1.489424843447893
0.22479563970967725,0.1369210907725916,1.6417897231262497
0.20820152459366972,0.13346662271267987,1.5599519967016424
0.21066726118690504,0.1416532275637159,1.4872041026537606
0.18822727101338693,0.1240911753499864,1.5168465483747033
0.19184787572971676,0.13722456126930999,1.3980578546227291
0.199051649184063,0.13669340355054269,1.4561905989155008
0.1755043780612343,0.1400545309334384,1.253114603944114
0.1916972719270469,0.13502277833400414,1.419740241552783
0.18193143242283638,0.13698628899563653,1.3280995766564017
0.262704965886074,0.134729489624581,1.949869821507468
0.21523906232609533,0.15487272546924796,1.3897802965237664
0.19041079290851778,0.13892390856778064,1.3706121204876467
0.23090685616769985,0.1314989576773439,1.7559595927313045
0.17550114030496342,0.1372638475360666,1.2785678345410638
0.19891327263589972,0.13958874822109194,1.4249950312674544
0.2182628289049072,0.1410407711212972,1.54751585069822
0.19891595665943973,0.14162822912342682,1.4044937078616406
0.23846505138422686,0.14200603569579742,1.6792599709991347
0.17302521183521935,0.13097292257475382,1.3210762074616138
0.19426691893249318,0.13712411376009484,1.4167232414888922
0.21273089338346685,0.13052215442631562,1.6298450965545543
0.2125311760778596,0.13635658538548923,1.5586425509044517
0.21884990649086958,0.1452704921299041,1.506499381134946
0.22905099134600357,0.13598364935145044,1.6844009734877765
0.18503550422743395,0.13213400043541776,1.4003625381634646
0.20744380513977498,0.12690312635973278,1.6346626839730742
0.19816188056465517,0.14219733954984629,1.3935695364763903
0.22044174290979113,0.14426423748616984,1.5280415073827578
0.2035317687054399,0.13922148755338204,1.461927840897399
0.20998955180968945,0.13971572779669103,1.5029771889050185
0.23153412394537962,0.13726103950823532,1.6868160460892339
0.2322639317134444,0.13861236949857575,1.6756363992163839
0.2653976192587676,0.14471163705062562,1.8339756543968986
0.19467635426286056,0.1332239866124809,1.4612710459500886
0.2113619954547868,0.1395413971852235,1.5146902619459268
0.17079754662007463,0.14238462742308625,1.199550469114628
0.18768879757172816,0.13796224234305265,1.3604359742503096
0.2146044725268124,0.13917650574699225,1.541959049589447
0.21227714843337087,0.12931333989157223,1.641571926077873
0.2002292804802309,0.14089268809165728,1.4211474221428182
0.2363716731595199,0.14262087173259763,1.6573427878262958
0.20392011944409572,0.12895623855564772,1.581312557872873
0.22082691883603028,0.1524755535938539,1.4482775345367334
0.19552013234269872,0.1371226450180949,1.425877777641305
0.1871289884299644,0.16659493296525218,1.1232573830381452
0.19797760384462249,0.13549945575272654,1.4610951958796983
0.2153341070572623,0.14467622623542117,1.4883862584780492
0.23276410674514375,0.1262336171196686,1.8439153694256023
0.14726174157436733,0.14086967594406766,1.0453757388697171
0.19820847826484456,0.13823538438733568,1.4338476298475376
0.19949594168713577,0.14668017847695272,1.3600743042351955
0.1731880712439115,0.13342722111817587,1.297996539180859
0.23367249067435386,0.15255320987517934,1.531744175462104
0.21307831049665887,0.13139445108076775,1.6216690183185918
0.236098702985354,0.12882022565779075,1.8327766604954343
0.24958606921144602,0.1292238341033586,1.9314244229266304
0.20196332950445897,0.14235264918904503,1.4187535718864681
0.20279035626573483,0.13697966011479906,1.4804413742579121
0.18554431196672044,0.14009715043230034,1.324397472712207
0.22000771677399483,0.14489425158365313,1.5184019681207004
0.24107481463229236,0.14547878146711024,1.6571132381033478
0.19704337599927418,0.13089172281671763,1.5053921803381414
0.2342519834778535,0.14561795870128263,1.6086750945217732
0.22793558062834518,0.14323134549581357,1.591380572732296
0.1904514758198173,0.1444768412829156,1.3182145604005409
0.1936852177023776,0.14620202995811532,1.3247778964345809
0.18910939768757815,0.1358973394127069,1.3915607068161315
0.18053842306284568,0.13590730882581603,1.328393775306305
0.22667197658304086,0.14152707491537272,1.6016156394003143
0.26323898726385436,0.1253299162834862,2.1003683323974216
0.20942694320321345,0.13460439993425852,1.555869966401534
0.17519815833441657,0.1369878329932568,1.2789322562905325
0.17216824134055,0.1358933512811976,1.2669364594908734
0.2376855468176706,0.14676560453816892,1.6194908034862923
0.2443890926025737,0.14673143552750798,1.6655537494333155
0.14432678618196165,0.1389111720023291,1.0389861672144105
0.18911142792299632,0.14047030287919562,1.3462733691521405
0.21713519424196617,0.12643234135035772,1.7174023032624304
0.23383682395029692,0.14330204742694197,1.6317758758437226
0.1610458664712501,0.13535085455889925,1.189840041986358
0.2615744013913532,0.13562023848924695,1.9287268943424907
0.19343103763229047,0.13699668912366614,1.4119395064918785
0.1964739525999819,0.13641708515020906,1.4402444707247932
0.19713339977161026,0.12406431783584006,1.5889613001576655
0.20741702155493738,0.1316456102169806,1.5755711201692864
0.18401370694305555,0.1253380246382871,1.468139516911173
0.20920356165872295,0.14373128959413256,1.4555185739268781
0.2336338134662082,0.12582634196217346,1.8567957219676972
0.23063162972221754,0.14176576101202887,1.6268500100151007
0.200776665449002,0.13079738047327175,1.5350205388098763
0.18704419958041482,0.1375747089675485,1.359582738601579
0.2013765637500518,0.13943946930922974,1.4441862461730006
0.19748625136659356,0.1403334775409236,1.4072640030530368
0.21674547873957561,0.13629666994804057,1.5902477941845827
0.1881469293669399,0.13133644188175347,1.4325569253378647
0.2093527632662494,0.13474479183566157,1.5536983687026789
0.16168293051294808,0.131178367394743,1.2325426343080677
0.20029712862568874,0.13096539642733457,1.52938970208686
0.2317643057318987,0.14397701182549338,1.6097313230309813
0.2094015253608698,0.13471960114529877,1.5543508411595173
0.2032783775434342,0.14543817918836946,1.3976961116939655
0.21979830759122457,0.12902403446207705,1.7035454557563694
0.23849531070089142,0.1314615216783924,1.8141834025346717
0.22556883733748795,0.1344570527440574,1.677627411385138
0.2468900704652976,0.14586876589827139,1.6925492509992048
0.19464391704581735,0.1479958307830298,1.3151986513132
0.19859086526111913,0.13593034065936757,1.4609752634901039
0.1738837950606241,0.13587247349510917,1.279757338537619
0.21721668656668391,0.13787843994418894,1.5754217022952237
0.21009808765523047,0.13549411445901174,1.5506067440205098
0.20906046878524098,0.1430293921055501,1.4616608915666964
0.2494539643503179,0.13256181542033788,1.8817935131570793
0.20876437099966183,0.14027501534182588,1.4882505661534897
0.1871852578319674,0.1428714802570372,1.3101653142755028
0.22146469242725164,0.14181916573865622,1.5615991764848334
0.24355947443785025,0.14123558102381806,1.7244909014590044
0.20153530591763025,0.13542309135291183,1.4881901151734185
0.17400417843468327,0.13873534076046037,1.254216679621077
0.18859481779157145,0.13085652431639203,1.4412335859966494
0.17350960402366827,0.14030041285447184,1.2367005947704732
0.21503372714610797,0.13655323525849983,1.5747245148680802
0.17127768051264958,0.13542439654169136,1.264747600037638
0.2107680054802371,0.1421409371518318,1.4828100173217473
0.24439341564751974,0.1348426681584327,1.8124338459423759
0.2186377219855596,0.132140328002262,1.6545874018249518
0.2233951836237734,0.1321093715793313,1.690986649570316
0.23277728150519583,0.1421064453485232,1.6380487242102062
0.18305083915410766,0.12358438598721319,1.481180957382814
0.2110392885635645,0.14042936268080566,1.502814543445977
0.18727275150809847,0.1369934217774061,1.367020029709082
0.215771805438661,0.13539578047979003,1.5936375910242517
0.22114378203642265,0.1362710271120311,1.6228231834975162
0.16093481666100284,0.13571967435028026,1.1857884085813863
0.20004159455558654,0.13919840795430008,1.4370968568926574
0.22318829696846104,0.13435289669787218,1.661209415308392
0.21901557767861513,0.1345918606084,1.6272572255750966
0.1936656723524386,0.12545348684390714,1.5437249073308184
0.19771056254990996,0.1486548917728486,1.329997016526174
0.23024347055204256,0.13936634146383034,1.6520737226340803
0.17076600069297193,0.13778519451117938,1.2393639338304714
0.171367134726715,0.1380297461794341,1.2415232185093161
0.19603385800337833,0.13801667857732616,1.4203635388424962
0.1840013300304429,0.13096702839678379,1.4049439181973644
0.18529666923680174,0.13319378595337203,1.3911810367915338
0.17297996011003525,0.14139365200345178,1.223392688844421
0.19558346159969053,0.12958540236304147,1.5093016499786869
0.21897461448509964,0.15313507389259767,1.4299442245261134
0.17594474860792325,0.13776728489353052,1.2771155992795902
0.19811724069615919,0.1337734425475329,1.4809908224180102
0.1935971751871482,0.1331713867254467,1.4537445313705304
0.15219940781183425,0.13856175892211628,1.0984228909607268
0.19591381667068672,0.1307550855131164,1.4983265538152553
0.24711155513648517,0.13351850413556068,1.8507663543443686
0.21219093245063586,0.1258852348789837,1.6855903129117547
0.22115582356048075,0.1350495145498539,1.6375906592306964
0.22883162630941103,0.14499534360770625,1.578199827771911
0.1885766831622233,0.1347505701156939,1.3994499837760648
0.1962685720420472,0.13827297859592078,1.4194282500820978
0.17781297939535065,0.14044005410568125,1.2661130083412404
0.255673909015178,0.13924042033790748,1.8362046623725403
0.21791678440862752,0.13343769244267661,1.633097668428598
0.269348300074199,0.1314436749125057,2.049153755427854
0.22099964342960154,0.12392552967135724,1.7833261961088953
0.21360102517024657,0.13810692514520911,1.5466351520436867
0.21470129161635298,0.13433796392494812,1.5982175502994984
0.21149195924674616,0.1359773339023561,1.5553471536558903
0.1603648844876971,0.13412773951480939,1.1956131152869447
0.22655197945530964,0.1361131927878891,1.6644380666931755
0.22784567646504109,0.1509583842324699,1.5093277370680374
0.2301469015649881,0.13981434207308624,1.6460893650286723
0.2061343732710776,0.1449420718897729,1.4221845360941223
0.20509695943051526,0.1471848791436884,1.393464876444886
0.24485268239318525,0.13671221686230714,1.7910080606753256
0.22698691735260104,0.13444412898827862,1.6883364045773295
0.1821136179939901,0.13642218393398925,1.3349267160398899
0.19518044855044026,0.13189120641530297,1.4798594527663218
0.1976433623120823,0.13552820698329132,1.4583190223747953
0.2076882685144864,0.1407811360191223,1.4752563758703874
0.2140441367980415,0.12808043048205345,1.6711697172819326
0.17955381392911265,0.12616203046163188,1.4232000965117486
0.19470714717188828,0.12988632997012042,1.499058039569518
0.18659814382098655,0.12655539675306954,1.4744384562680508
0.21701877645334153,0.14326239008722336,1.5148342584624799
0.19206678163583848,0.13133219454579875,1.462450104485691
0.238326920111306,0.13344771755162266,1.7859197930388886
0.20327093881275,0.13929314849118463,1.4593032106357642
0.17064918749837585,0.1339211384584063,1.2742513203124888
0.2159651659292404,0.13629892074634045,1.5844965223984646
0.14318489574915677,0.13764452898187374,1.0402512675822564
0.1911885749305239,0.1368883370386301,1.3966754149155176
0.23664904706763026,0.13849644218175516,1.7087012730411153
0.1778468449268169,0.1414386543973278,1.2574132982572899
0.2379514947447024,0.14929478295588192,1.593836636709666
0.19685184405405493,0.14412659534959246,1.3658259502805328
0.2081033135418644,0.1385502847562019,1.5020056718616677
0.24213662541978262,0.13345290217532146,1.8143975999988353
0.1752700445633282,0.1355896888982395,1.2926502449228934
0.19583191788510146,0.1359327172028192,1.4406533019781347
0.18937215195491441,0.1325069503451145,1.429148821716102
0.25099533633019094,0.1399920007598111,1.7929262741292762
0.21406077847477162,0.1384746510276102,1.5458481165053843
0.1939702219912344,0.13018259862365011,1.4899857895139301
0.1950123655332885,0.1306927787988448,1.492143386387406
0.1885370316162758,0.13639633682845798,1.382273424640383
0.2152365700037082,0.13474984064477663,1.5973048203530584
0.1845139425273135,0.140720616715814,1.3112076029338355
0.18851268973622368,0.13315388716097404,1.415750555658391
0.20386624745914408,0.15407308996877303,1.3231788075416866
0.21159971742525346,0.1245909889986165,1.6983549061289107
0.1560999402035998,0.13456408956494062,1.160041588422935
0.1862026147437483,0.1406520183028944,1.3238531305164822
0.21624125664695382,0.13060297938061752,1.6557145761335188
0.25226202000342673,0.13604171723072306,1.8542989984138263
0.2127500944332278,0.14552933618227779,1.4619052076672359
0.2580973181825544,0.13480462653092667,1.91460282057413
0.2214504574176919,0.13651069027792723,1.6222206258486616
0.1844909455910165,0.13544261822150774,1.3621336327779292
0.18740453538563948,0.1385021099219337,1.353080725566343
0.2304878868320183,0.14128023289915428,1.6314234631573714
0.22022555579160286,0.12938959549872692,1.7020345024091963
0.20749337817536126,0.13124390873057634,1.5809753014999988
0.1932086305063181,0.13949864626647393,1.385021544490446
0.2173462943398175,0.14014299008055245,1.5508895180193427
0.18938076566174528,0.13097948538484738,1.4458811248593755
0.19875290296983295,0.13503297659437283,1.4718841869780384
0.2086334500748101,0.13316400757070515,1.566740547095907
0.20785851695230576,0.13493772809660384,1.540403265152774
0.19323085384246902,0.1401243365076496,1.3789956738308642
0.21965008054878699,0.1400163575714723,1.5687458548310338
0.1942094266892277,0.14726015536747555,1.318818564360428
0.2219826204587226,0.12665557877375147,1.7526477918138654
0.190469709672454,0.13782938278011345,1.3819238382306367
0.1889042494155439,0.13469205930159722,1.4024898750159938
0.2015628511781151,0.13565035091482766,1.4858999613253685
0.18016478179694176,0.13799378698448717,1.3056006776391702
0.1945374770033674,0.14306104600743075,1.3598214359013068
0.18690421674674515,0.1345575222615546,1.3890283769006864
0.2084956325911832,0.14083747822759402,1.4803987916785424
0.21146986732379275,0.1286972056998106,1.6431581880421817
0.1981855659182275,0.1371993925599924,1.4445076047371568
0.19216405914348045,0.13424027070030733,1.4314933822838343
0.22191233445787015,0.1427884206982159,1.5541339652945882
0.21342397912799482,0.13741205446596308,1.553167805819102
0.1858723334368309,0.1445691646144118,1.2856983294645232
0.19167831158737667,0.12778375327253047,1.500020986068356
0.20291472347622255,0.13212179779957325,1.5358156402325154
0.22865005940142852,0.1299735899560844,1.7592040004333573
0.19440607151948924,0.13952007679634762,1.3933913740834354
0.17676181424375123,0.1492887598319429,1.18402627527173
0.2199895658320379,0.13345496935963508,1.648417941179912
0.20165948020974064,0.1375199412929573,1.4664017328232242
0.16695635681760923,0.14240469674175163,1.1724076567529342
0.20853222033760282,0.12939653919992775,1.6115749434024993
0.2046596003720697,0.12436481405791004,1.645639097540649
0.15153277923067687,0.1369871423450737,1.106182497397912
0.23567499279291163,0.13030426403057077,1.8086514247731735
0.2259761414674513,0.1380006845218196,1.6375001490063021
0.18138621844334352,0.13804255787393838,1.313987666100674
0.24358345318715705,0.13111450612908507,1.857791791148905
0.17204870784572637,0.13900410295207796,1.2377239534076245
0.2001650230074169,0.1388361958794809,1.4417351450710556
0.19885792013967382,0.13463818429215527,1.476980109210076
0.21457168528072088,0.13363971374572134,1.6055982107907703
0.22018935310680987,0.14618933522423766,1.5061929980669566
0.2465974260333462,0.15007476882029544,1.6431637907677221
0.2247249332693787,0.14144425888279302,1.5887879440592618
0.21726450497096658,0.1364991139500706,1.591691687100905
0.21751515560287776,0.13489898453698185,1.6124298959659487
0.2049202250421606,0.147642498158048,1.3879487789674085
0.19058921079407418,0.1312225418868781,1.4524121241179264
0.19778316337369414,0.13579516971137373,1.456481580265874
0.21215896216855204,0.14021659563612188,1.5130802542027824
0.22960964002704923,0.14002143782246032,1.6398177564651346
0.25247279027029557,0.15536675414547568,1.6250116806449846
0.21779942530916097,0.13531306379025643,1.609596436651257
0.2174707462910399,0.12544468530868286,1.7335987232612342
0.16124911609646353,0.13597555322398613,1.1858684320323776
0.2128558693566846,0.13965199744016032,1.524187790066458
0.2194538477921383,0.14538476664425137,1.5094693402722856
0.23804902082575696,0.14277502305354084,1.6673015751255613
0.1788223600973861,0.14673846493962722,1.2186467956507465
0.21828899676477212,0.13258170027293129,1.6464489165201888
0.20893550908541436,0.13626943150617896,1.5332529590536998
0.20570044688064948,0.132529852744401,1.5521065074852711
0.16111625122107587,0.1422644078950655,1.1325127177270897
0.1705111742671147,0.1363673699710627,1.2503810427912292
0.23130767232952618,0.1344456112337854,1.7204553589131952
0.21572038729102125,0.14862098530115372,1.4514799969459402
0.21325795779200468,0.14358394032313918,1.4852493761632564
0.20429701549580478,0.14984175443787423,1.3634184694527733
0.23302725295035234,0.13482663860290497,1.7283472714666606
0.16391969503143053,0.1344855282880385,1.2188649374998215
0.19128411209246193,0.13777415475547589,1.3883889357329502
0.1860882133373525,0.1390161019676522,1.3386090582560972
0.21449148105321666,0.14091224216267406,1.5221635662116577
0.15754718448281596,0.142762108834837,1.1035644245426772
0.167902985027456,0.13283699906154925,1.2639775530434794
0.2598642486438619,0.14257888143319783,1.8225998551238143
0.20807658872137835,0.1344691556376579,1.5473926919126633
0.2026735378397072,0.138140072682725,1.4671596293799576
0.22009044427281016,0.14710735907877806,1.496121238604716
0.1985932054529213,0.1381618967727632,1.4373948975204816
0.1322172220521666,0.13054674604535746,1.0127959988081874
0.18799175163946816,0.1307582166637205,1.4377050745723987
0.2359688721160513,0.1421103151461503,1.6604626615131646
0.18653385929588953,0.13715713129611984,1.3600011718906997
0.2096693096890146,0.14683436159833618,1.4279308154215478
0.20504868662192396,0.13366423749625872,1.5340579534422085
0.2023772874726877,0.13236929250683555,1.528883955183465
0.20242249779233948,0.13815786390432605,1.4651536443304922
0.20714061883989243,0.12316826095417956,1.6817694529027398
0.19646317896775356,0.13108455687347048,1.4987515208018736
0.19436421906863421,0.13614725218361196,1.4276029515932445
0.22420032348258084,0.1363957454367355,1.6437486577363352
0.24398454393539779,0.14677847020593907,1.6622638428720011
0.2305965854854297,0.13791441680189317,1.6720266875120793
0.18480912131145633,0.12988216030119404,1.4228984248713434
0.15751700594337406,0.12585044308922722,1.251620590892123
0.22069901493652921,0.14817502834033816,1.4894481034254516
0.1997100666314516,0.1378427387019112,1.4488254405865386
0.22649686432962113,0.13371355883033806,1.6938960140684822
0.16020194497662682,0.13537563744346218,1.1833882964616365
0.21811225560049102,0.14544342922099995,1.4996363656213816
0.2095488359372311,0.14486870924017745,1.4464741008344364
0.1958111333183315,0.13830844053500163,1.4157569311091878
0.17811367479598933,0.13710466965459583,1.2991072823756216
0.19928976810270355,0.13665416074146647,1.4583512643990126
0.22973377270215384,0.15759331258629036,1.457763460466401
0.19708790384227032,0.13809265570684714,1.427214958199243
0.18060860653808,0.14771543477441504,1.2226793145475832
0.21092015211590726,0.1387675569927295,1.5199529103690863
0.17281751834490586,0.1327847781205491,1.3014859142063175
0.1785826093448684,0.14212396978581054,1.2565270278757568
0.18423519168004873,0.1375796749026883,1.3391163470211747
0.20054651948251198,0.1351500020657921,1.4838809945773017
0.1925475157269592,0.1434449992308003,1.3423090157165665
0.1513998606252063,0.141248070842317,1.0718720597198266
0.17070251381829615,0.13836633131846585,1.233699789477
0.17687943376549708,0.12763640671842022,1.3858070617399338
0.24060804999708554,0.13953075865156916,1.7244086703342787
0.22138810487341165,0.1396469042023691,1.5853420176976312
0.19966628148936685,0.13316937716730684,1.499340807447923
0.20340121831555705,0.13787813635786544,1.4752245982468544
0.23213661942874608,0.14714467775825968,1.5776079907566725
0.2197996762026195,0.1528837583561306,1.437691475968386
0.15959273347929456,0.1453147548400691,1.0982555326535117
0.20901137553274363,0.13548741493471939,1.5426626571438358
0.24749180122257225,0.1442431941917288,1.7157953455578978
0.21537804783091916,0.13572761416761625,1.5868402988719668
0.22110767376958623,0.13673170508506804,1.6170914685224134
0.18531551801940727,0.13736680524649467,1.3490560378606182
0.226296583039606,0.14749075324150834,1.5343103080439033
0.21888103436662637,0.133065224451205,1.6449153809295232
0.20830085147312022,0.1387920831061439,1.5008121991642573
0.24923807063773545,0.13132404947347748,1.89788596709449
0.2365926889679421,0.13955813181414384,1.695298481660845
0.17128135133245218,0.14699471517399867,1.1652211518604954
0.23505084732738576,0.13142825948220546,1.788434604958077
0.21714687396986035,0.1384841968139084,1.5680263811014978
0.2379477579344138,0.13486295737164533,1.7643670476444842
0.22051553727960818,0.13576659585671463,1.6242252808071869
0.21340288330641022,0.1309702806610058,1.6293992975304614
0.15769957982041266,0.13520454765308465,1.166377777654691
0.20812409747058577,0.15040289244611318,1.3837772271909805
0.1761999919343685,0.13242524628595778,1.330561934949201
0.17320933057333793,0.14301370953436993,1.2111379471050725
0.15139791208133074,0.15096039735279798,1.0028982086441538
0.25347162756202735,0.14100073727945991,1.7976617176096956
0.24095328757884776,0.12706010642513235,1.896372467788107
0.18388554503951493,0.1369625662717465,1.3425971055088795
0.213886529381493,0.12978985494077316,1.6479448989221503
0.2015604236067295,0.13450657868682073,1.4985172143589647
0.2081318198387893,0.13690748062740485,1.520237016158542
0.18347476560167825,0.13387088140572023,1.370535277538245
0.24302933276370448,0.14505554094048997,1.6754226083883892
0.19900821219668616,0.1369157024138589,1.4535090474512449
0.22917817697676837,0.13440347023425214,1.7051507418471648
0.2396067534979109,0.14404034150677508,1.6634697682012978
0.19601258700078217,0.1389849957473149,1.410314731794126
0.12986897064990194,0.14145866438503446,0.9180701034785208
0.17834644509585296,0.14239840204798704,1.2524469553791182
0.1853847895290157,0.12825907195274358,1.445393192906618
0.21715800478515596,0.1303409350228029,1.666076775858364
0.1606203046469791,0.1382311252352428,1.1619691612408871
0.21246970761519074,0.1349267694828436,1.5747038814429406
0.20499553994175657,0.1273218845084274,1.610057381205255
0.24601643350255153,0.13947015743315336,1.7639360134834918
0.1958562970715754,0.14048370638016205,1.3941566756615171
0.19345003591092105,0.1254904615018084,1.5415517131406302
0.1803695115646715,0.12902422380526143,1.397950758742067
0.17026373382463333,0.13390293831487066,1.2715459120416077
0.1669412271199066,0.13510559792506277,1.2356351600805
0.21877669887901288,0.1448211453387247,1.5106681995043767
0.22564474639056734,0.14113352178605829,1.5988033426432742
0.24484429405853156,0.13179696544468722,1.8577384785182194
0.1989548832387254,0.1295774784797732,1.5354125236337417
0.19938655522030932,0.1350909369082096,1.4759432407799993
0.18094178565872565,0.14373445793981637,1.2588615719028802
0.24243092829564064,0.14565801867971512,1.6643843606627506
0.2292148661214942,0.1408999531280011,1.6267916421041182
0.22139202750090156,0.13996585861248892,1.58175736351427
0.19540048854248132,0.14094985144322839,1.3863121283329944
0.19183688094836066,0.14066436223950726,1.3637916377264248
0.2587118435065115,0.14363326672808682,1.8011972393295264
0.23909776153333004,0.13348586951335517,1.7911840586947554
0.19037406793786196,0.13256492500319433,1.4360817383125637
0.2363488950540593,0.14841693114619847,1.5924658543252266
0.2080482650741179,0.128889536123797,1.614159468106781
0.1977879789738163,0.14404390282060464,1.373108997332193
0.1905795056210575,0.14030831169008215,1.3582909189443895
0.20118585621570445,0.1389613834696502,1.4477824787894715
0.20773833912878178,0.13879013970322965,1.4967802437045008
0.2234659881005797,0.14039124327062313,1.5917373683330003
0.21433962570993675,0.1450274056862607,1.4779249804248715
0.23631138504694918,0.14821228097851638,1.5944116336837357
0.19526469811235198,0.14439573721445623,1.3522885223567596
0.20281524573194812,0.13181053219407116,1.5386877084551425
0.24498976681023457,0.14453665732415635,1.6950009177311278
0.2095043956995755,0.14633865431168055,1.4316408517284904
0.1885942281417477,0.13734979529398517,1.3730943518195884
0.1974330505411069,0.14396805459733483,1.3713670792684438
0.24278145556183073,0.14165743357216623,1.7138631516866194
0.22712564906672458,0.12853372757630108,1.7670509783659445
0.26227049597127783,0.13372950118474153,1.9612014824534676
0.2017015182808645,0.1365426892840885,1.4772048165918836
0.23679522560267344,0.1530728970232852,1.546944169787631
0.22409810932369414,0.13161898595645527,1.7026275327621396
0.2116666980893088,0.15108091159510276,1.4010154946415474
0.19458882843397554,0.14114215983185902,1.3786725997801572
0.20482947335994522,0.13100246379422892,1.5635543594178465
0.20769897152886183,0.13230506011438795,1.5698490394040108
0.2039929568541408,0.14264088111804726,1.4301156530666657
0.1979870101714097,0.13600554820165778,1.4557274522201915
0.17566490198784337,0.1314490108394807,1.3363729469395325
0.21204875705596668,0.13555262689915426,1.5643279064869948
0.18948786085040678,0.13866525067916624,1.3665129505937308
0.22910197569694218,0.140021557254,1.6361907422679904
0.2292826944315354,0.14877102197282072,1.5411784592931246
0.214078856579347,0.13885589317693617,1.5417340357787948
0.19223257677027966,0.14384740070932972,1.3363646184940188
0.2160889942947232,0.14142071754417906,1.527986832814776
0.19227473633851397,0.1336780945886218,1.438341389666095
0.23269007509869338,0.13536540823003748,1.7189773823402812
0.2095979600657346,0.13822371714881163,1.5163675553601377
0.2128243525199263,0.12545977192102253,1.6963553277770993
0.22631348412774513,0.14223738012516152,1.5910971077265414
0.2304253333188815,0.13344513983433381,1.7267420424973459
0.24102643039584748,0.1500108574508454,1.6067265696073065
0.23374197024824822,0.1262145307317761,1.851941839763151
0.18121812084777028,0.1262438132916923,1.4354613990394702
0.19091457683929872,0.12966239674533378,1.4723974076637547
0.20469198273231617,0.13389103509363032,1.5287952818437365
0.2458930056645187,0.14251404368227705,1.725394910642745
0.231254994543483,0.1340100906848623,1.7256535934096298
0.17650112316573974,0.13081658437131063,1.3492258952791323
0.22052243947669403,0.1270779362294336,1.7353322379940959
0.2069856136830239,0.1394036380533751,1.4847934858326501
0.1772881045683056,0.13471178376496815,1.3160549108132993
0.19345041043958308,0.13786043113144386,1.4032337549788787
0.19234817359878958,0.1410654988201691,1.36353803876592
0.19671826087314853,0.14713102947948759,1.3370276927245601
0.17504709083111375,0.12923286465858078,1.3545090971524092
0.19863097331234386,0.139068244283213,1.4282985618760755
0.2006759408097038,0.13803728320071504,1.4537807189229315
0.20182031419766513,0.1370439128674796,1.4726689422012038
0.19994142055248393,0.1224137904278889,1.6333243162686375
0.2384412665862824,0.133486393621777,1.7862589595602276
0.22704097689955252,0.1456786085473181,1.5585059410133437
0.18823872792105176,0.13922994517159987,1.3519988655389394
0.23144830595634674,0.14728885269685657,1.5713905140717164
0.2111585600594496,0.12824529930431944,1.6465208565530445
0.20683843171362887,0.12768741523449081,1.6198811083596738
0.21930186194636914,0.14026647704328632,1.5634659582894668
0.21541877149284458,0.13493153166922328,1.5965043072432545
0.2129228957763937,0.1375044154823846,1.548480425369837
0.19169072787871896,0.13603809551825596,1.4090959385196227
0.1950954098726403,0.13739332490571746,1.4199773533868503
0.21930320495434336,0.14766614066209208,1.4851285743031646
0.19645292591073285,0.14065440684940955,1.396706511450178
0.2209859986654164,0.1385769526277971,1.5946807493953286
0.24194249837206935,0.14050089410210392,1.7219997062527335
0.21093436910763735,0.12910969584170678,1.6337608708043942
0.23412639726557866,0.1317974613162436,1.7764105235972658
0.17021274140657647,0.1369591461646043,1.242799376114731
0.20997663409841932,0.1350014897805507,1.5553653107068903
0.20210539710137496,0.1458821643030168,1.3854016909262121
0.1842829951204,0.14678283042813464,1.2554805939011073
0.19827960942699493,0.12645059004345333,1.5680402073162203
0.222453192982419,0.13940509073536722,1.5957322061122003
0.2414864760741515,0.13031221824231984,1.8531376361432164
0.17995720869303652,0.13307859678532746,1.3522625954895675
0.213685692103522,0.13921785340151308,1.5349015006519242
0.20732188260498632,0.151869086738421,1.3651355062276571
0.19031294024935194,0.1457949559363774,1.3053465329239613
0.19314923507969567,0.13673358086810652,1.4125954564592862
0.18572119964449146,0.1422948923714549,1.3051852849340086
0.20722820545951012,0.14320779837180764,1.4470455367345816
0.20746611972256934,0.14341461386020135,1.4466177060923828
0.17265260291606435,0.13297146210435548,1.2984184740374387
0.21267869499025377,0.14061171220657612,1.5125247509809303
0.22788821780071186,0.13697012315833368,1.6637804839912378
0.20188219304951777,0.139198653155528,1.450317143686389
0.19160176646479676,0.13970430063807857,1.3714808033087331
0.2028324838129149,0.13641382494372867,1.4868909650219415
0.16495489674584993,0.13549315365125655,1.2174408248731476
0.17882862043009715,0.13894215298606163,1.2870724728732024
0.17754619592525006,0.13517125739585265,1.313490747558124
0.19565311934095753,0.12895218576076922,1.5172532220890866
0.1734005469661006,0.14860801278473587,1.1668317455888306
0.2203222454288554,0.15096160754041807,1.4594587923281546
0.172983864075858,0.12967492492604865,1.3339808307157894
0.17703796963276736,0.14105975898891238,1.2550565157755795
0.20576562134459142,0.141694441941085,1.4521784942711198
0.22227300328712038,0.14495371047898306,1.5334067858811238
0.16624483642853727,0.1262893672505261,1.3163803101392504
0.1950149506833933,0.13605680965913622,1.4333347310727425
0.19863525363554915,0.13776060315779856,1.4418872237951907
0.19915153037964056,0.14038360170969277,1.4186238845152108
0.18593857811294268,0.14396250682357872,1.2915764126058478
0.18331824475642394,0.1325648316796626,1.3828572965671986
0.18262981868493078,0.1425695228074217,1.280987795207965
0.21462529448506898,0.13264814625842086,1.6180044767979107
0.24367562265354137,0.14975494945245899,1.627162397933955
0.18930896286781965,0.1454121335940948,1.3018787235201361
0.21071291113181187,0.14452427044892208,1.457975954331368
0.1914428643542319,0.14536451882892965,1.3169848178669306
0.18234829977844455,0.13745567879562157,1.3265970629672739
0.2154335295078842,0.13451116965867682,1.6016032724609304
0.17069660243639226,0.14294852980396242,1.1941123330927794
0.2331777841602723,0.1337544528749154,1.743327262370365
0.20635993723839302,0.14100745334952722,1.4634682943097412
0.2256159425366772,0.1444398740059768,1.5620059494606136
0.17822794472755052,0.13359045094215324,1.3341368598622816
0.20666452489944837,0.13890923808865893,1.4877666002857532
0.17823608677077707,0.13348805171560685,1.3352212762120828
0.18339017449707742,0.13846420413722182,1.3244590949682038
0.2008367729535358,0.13270280628418957,1.5134327492926865
0.18319437786163612,0.13655014318838463,1.3415905218707906
0.21132414691567997,0.12963594456190544,1.6301354352747877
0.20876916015820624,0.1330303590218234,1.5693347119656953
0.18979946655026741,0.13521948736600747,1.4036398913162917
0.1910776651820899,0.13378087195643015,1.428288382245858
0.16616537995606398,0.14643644519227125,1.1347269440875092
0.18310409732225438,0.1254268203961542,1.4598480352442122
0.20957065844510173,0.15044368491679247,1.393017317815708
0.2276170977377172,0.1435953860982951,1.5851282128376105
0.2101609261226228,0.1387279971881842,1.5149135746372808
0.19602417971323763,0.14166414616435563,1.3837247110204913
0.22553356370004754,0.1468453080613189,1.5358581535738984
0.2046413021541257,0.13518459839417657,1.5137915456716788
0.1521629339916786,0.1462757391456399,1.0402472404543934
0.20359873426749767,0.13257260578058297,1.5357526773251178
0.20889529663896253,0.14670837283540547,1.4238812182405267
0.22482649672306507,0.13447513025654,1.6718816058713648
0.21257893942835088,0.14132647267228016,1.504169285547068
0.20002127804034675,0.14051671251993267,1.4234696674388336
0.22012968146036552,0.13423636062463212,1.6398662809096758
0.18423665825764052,0.14132793335035965,1.3036110688812508
0.21304622908395748,0.13080757790707986,1.6286994415208609
0.21959370558291047,0.1322606906722758,1.6603096843568896
0.2248247618326506,0.1206126322177056,1.864023342321576
0.1943317505354762,0.13410195550056095,1.4491343531128693
0.18424426645207373,0.15509307127817235,1.1879593648746325
0.24341437994397985,0.136914876912883,1.7778519429912716
0.21273333918720477,0.13801892056618503,1.5413346106064603
0.2226590842038889,0.1297732011876329,1.7157555039576835
0.21392832601643763,0.14247290113082142,1.5015369541749166
0.20409761647375607,0.146818918993395,1.3901315843562225
0.1996505808683772,0.14061156769447064,1.4198730882667498
0.21399175821836183,0.13119380776513032,1.6311117259547838
0.22100344139775896,0.14311888108284776,1.5441948660137015
0.2352410837376434,0.12032663380348918,1.9550208985470845
0.20856049124700315,0.1383980010872318,1.5069617307228893
0.2337611510362512,0.14196732579650453,1.646584168045284
0.20025010646963004,0.13126653323964727,1.5255229305404343
0.22096263671138924,0.13890990255688043,1.590690315407212
0.20854975968681294,0.13737738601721652,1.5180792540387753
0.2194635234525409,0.1293761776504704,1.6963209722075363
0.1980260622232791,0.1454630516706734,1.3613495657413246
0.1817166330001285,0.1392445209720868,1.3050181919657415
0.17470994381789812,0.126060133316957,1.3859254248019819
0.2100544041677479,0.14096394958971012,1.490128538389656
0.17783145298832428,0.1353523382082607,1.313841011853839
0.21978123130511232,0.1332260365817495,1.649686780033055
0.25902817683599916,0.1416804662993872,1.828256100517362
0.206038049243924,0.14524331427488943,1.4185716586856014
0.19278089021561046,0.14822902707829433,1.3005609900804644
0.15053523460437934,0.13666597991117166,1.1014828613691734
0.1883653123012558,0.13754182103556872,1.3695130025401072
0.21253339293233106,0.14282889734347506,1.488027961325155
0.20763660983008841,0.1302551122603547,1.594076472139252
0.22501647384729176,0.1329568928741189,1.6924017174523862
0.20280550692913557,0.14423044458715895,1.4061213463609585
0.24336646853574131,0.14161649741572635,1.7184895331884953
0.2189318902859323,0.13056259153034655,1.6768347481448862
0.21256140198534573,0.14492104015656238,1.4667394172420343
0.21853155712201677,0.1397839351168881,1.5633524477564569
0.1966796337764652,0.14140403582086739,1.3909053771677473
0.18716707418813677,0.13448514568135922,1.3917304639101098
0.17090930387234765,0.13657035892573846,1.2514377586521637
0.21148520276477756,0.13758418451880108,1.5371330905833716
0.20198352084765095,0.14029210204437087,1.4397355083023036
0.20094783020894721,0.14813751469441905,1.3564952174570115
0.2562723182827848,0.13267979329727242,1.9315097794025065
0.2086370698560617,0.14618133680517342,1.4272483370030171
0.23687953884332358,0.13298126698767868,1.7813000598443054
0.22903184548984906,0.14950605356419558,1.5319235578076866
0.23027973720098588,0.14344990281471037,1.6052972688202571
0.19219599417023012,0.1433832442709732,1.3404355240212587
0.2586942351916569,0.14665473874376242,1.7639677886143983
0.19713943895214,0.13112765541712368,1.503416181163535
0.238023245664273,0.12352978752061235,1.9268489846997925
0.25139542696186534,0.1279694294270725,1.9644959588190638
0.23577352728415393,0.13912434507464258,1.6946964038368513
0.21845414350401943,0.13404300590837495,1.6297317567866516
0.18651045071484468,0.13707766751058292,1.3606187944542123
0.2091024985910522,0.13329315150522292,1.5687415011930212
0.22001740987769225,0.1401777216477725,1.5695604643263827
0.20977292666722064,0.136945939921723,1.5317936901752973
0.17802394257459458,0.1398028486682217,1.2733928118809559
0.19003245404792454,0.13613631192680797,1.3958983562746519
0.18025386900995335,0.12916372923182756,1.3955455612962941
0.2592937380188563,0.14356606606183603,1.8060934950127745
0.18449007450419752,0.12810489490770896,1.440148517643376
0.20478831132976955,0.1285013023759103,1.593667204482439
0.1813968409899277,0.127254838786138,1.425461245483794
0.21538634083118344,0.13558085330983424,1.5886191565631678
0.22671231046848345,0.13566815583985437,1.6710797686090726
0.2144408788035712,0.13794995630961462,1.5544831222873352
0.20346815459941267,0.12816490344045403,1.5875497046189784
0.1893159573038607,0.13672955123162314,1.3846016139053576
0.21614516979132536,0.13621406924913967,1.5868050266965394
0.1843785935821775,0.13969506938889975,1.3198647195548645
0.2260132060057196,0.13459987991548136,1.6791486452115632
0.2835304684473761,0.14556409527899286,1.9478049714385435
0.19644581080778814,0.1380842166644557,1.4226521723706553
0.23782384133529128,0.13471301536700858,1.7654110160578789
0.212139517506477,0.14351384961734615,1.47818150005807
0.21601535753761786,0.13061080909156117,1.6538857621361656
0.20142058320584216,0.1412746971574396,1.4257371437248574
0.1778274066729278,0.14271405486147004,1.2460399001734037
0.16638936360230044,0.13899676392186697,1.197073650547947
0.19670925064091455,0.14314687499774678,1.3741777502583334
0.22240499047993584,0.1336148644700456,1.6645228160957766
0.2024831716438518,0.12984216254052755,1.559456248124725
0.20116761663997282,0.13340793584938287,1.5079134187870982
0.20681583993800975,0.13744848581779306,1.5046789253988049
0.21160035440919392,0.1426827833631621,1.4830125220547457
0.20055451528220297,0.12868518288512829,1.5584895695507488
0.17044894125872426,0.14505244644906104,1.175084911915511
0.2001049083155799,0.13364042466340453,1.4973381656005444
0.23104552185878263,0.14008102190469876,1.6493706193546311
0.228004242127174,0.13796742794567038,1.6525947139998785
0.18296569381655906,0.1417196609517422,1.2910395959729382
0.20420422265228214,0.14140821304014486,1.4440761131343192
0.25570532733553175,0.14526529957854295,1.7602643444608421
0.2008956052937799,0.13560334753157485,1.4814944391177505
0.18937452213724007,0.13875355950410273,1.3648264074381498
0.17851121851794838,0.1472209356918851,1.2125396274586238
0.18998068701929113,0.13933566970226705,1.3634748907099132
0.1823639959611411,0.13833817770297802,1.31824778227663
0.1967491031186377,0.13381711471662258,1.4702835548000184
0.2663708771441958,0.14848849832080208,1.7938822208890188
0.1725649146596323,0.14448829649689057,1.1943175941820723
0.22000718895961527,0.13386074134598486,1.6435527455430037
0.17152595307125618,0.13789681314909094,1.2438717701605342
0.18615937046080128,0.13376051871386496,1.3917363079237588
0.20383432773001103,0.1407174636212999,1.4485361126076848
0.20431798447408855,0.13474907436805622,1.516284883085805
0.19337146082190615,0.1432385332442799,1.3499960970148253
0.20643282694109855,0.13592411544232094,1.5187358495534797
0.19723565727719752,0.12871870142004554,1.5322999307890914
0.18929265045964527,0.14420563224277108,1.312657817282545
0.21090355875137315,0.13283162712153318,1.5877510749635606
0.16631413280581372,0.13971275506176065,1.1904004951609022
0.19346290024561982,0.13730691459353767,1.408981483695251
0.16077208913857247,0.13412683644757434,1.1986571322839845
0.20747650605171786,0.14016995778209038,1.4801781304255146
0.22427670857318657,0.1322172266284491,1.6962744892799704
0.22723324538295517,0.14478113437869755,1.5694948541333522
0.20109614094151787,0.1460415722529008,1.3769787454306426
0.2149547980066596,0.1353406570524023,1.5882499958858012
0.1867707442314044,0.13416352739199086,1.3921126543260074
0.17436933215502676,0.13127969007203677,1.3282277864865883
0.21570295929848854,0.146250063662647,1.4748913873709317
0.17766327778316024,0.127615983408771,1.392171051286586
0.2188241664474977,0.13662715705362782,1.6016154560078166
0.2623831967791759,0.14512128768433696,1.8080269336494805
0.21742368870083204,0.15188233848349153,1.431527133910072
0.1784705114909604,0.1386971099183791,1.2867644581490363
0.19318627102783945,0.14360592559296684,1.345252782781415
0.1978187165548352,0.14028997074383548,1.4100702673610588
0.22403453317088162,0.13753989251680274,1.62886947976575
0.18468706011248412,0.14499344489017169,1.2737614466114602
0.21827966840317053,0.13068925239583754,1.6702189690551996
0.2142714935510736,0.14192626295085387,1.5097381492054884
0.18173298470451202,0.1465886810669992,1.2397477307367948
0.21010435843166764,0.13710292393788046,1.5324571671926062
0.18601398001662084,0.13754586100343177,1.3523778807999158
0.2527769134104468,0.15372197686619712,1.6443771968302827
0.2602901760255752,0.1323546148436273,1.9666120167634475
0.21722502606236618,0.13159831574869527,1.6506672203707127
0.22724212346855394,0.14449287665789876,1.572687378953443
0.21624626904876287,0.13575418327821986,1.5929252699755072
0.1766496960117559,0.14497589738565314,1.2184763067328819
0.2064422765826154,0.13294336993524256,1.5528587599605348
0.18486208731622905,0.13359772611650406,1.38372180941927
0.20211668182166356,0.14603037245584463,1.3840729049895275
0.18833050039680255,0.1272569196230429,1.479923456851464
0.23144813631074304,0.14306604625658223,1.6177712487815012
0.28545318670124975,0.14253157807949543,2.0027364500380496
0.21881238579449147,0.13820190387715675,1.5832805457512857
0.21690512066024648,0.13645933442744834,1.5895220475047014
0.18181784173618598,0.136036393009842,1.3365382432848818
0.1875840061653933,0.1278063132834109,1.4677209704768275
0.19373997947062618,0.14121859269822903,1.3719155230829305
0.19179281094691547,0.14522374767626398,1.3206711300032299
0.20304290949506623,0.13364167065883267,1.5193083751055807
0.2088697176221904,0.12785732500429203,1.6336155759177573
0.2350453052011296,0.13988002950589873,1.6803349701267953
0.22144681077753026,0.13695405905129435,1.616942296647011
0.18898643531020146,0.12993961959818048,1.454417335487165
0.22457375875689595,0.13613742311288435,1.6496107655180214
0.19799087704939636,0.13862626614779588,1.4282349409765471
0.19140568845414158,0.1343014277426359,1.4251947404530616
0.19048273353789227,0.13794476164108982,1.3808623921037164
0.14567576319858963,0.13675121006456248,1.0652612370290087
0.17475893042447266,0.13261866917782894,1.3177551208128748
0.24425790803016226,0.14704102484071938,1.6611548259729014
0.21427784496168817,0.1472772264161276,1.4549285736564066
0.1829574414980988,0.13527581770757893,1.3524770694315196
0.21419612480419498,0.14323261454469205,1.495442399659336
0.22193029412399645,0.1474188878124623,1.5054400247973871
0.17263848991303793,0.14393642133120202,1.199407963018558
0.28252433391851556,0.13556789400702696,2.084006216869249
0.22439292796043325,0.13727173854188685,1.6346622425267996
0.21830243998460824,0.14739604400032918,1.4810603735343175
0.1831831513328382,0.13668419276659163,1.3401926559690072
0.21926543243479613,0.13978810707753725,1.5685557020467744
0.18918876332081286,0.14003630152110347,1.3509980002742512
0.1942136182851048,0.1399265199091916,1.3879686167507346
0.19274536262193098,0.13106485468308962,1.4706105850266475
0.20495315204932157,0.1311670716148785,1.5625350899888002
0.2040556835029646,0.14611712977018848,1.3965212964688074
0.2237020670312067,0.13187008190509006,1.6963822559252693
0.2546815048844892,0.1464051830362782,1.739566179302415
0.19152498728141362,0.14153038842837384,1.3532428576520243
0.23609744478748107,0.1443770797387926,1.6352834204336948
0.20335827577177684,0.13719770640530254,1.4822279548247408
0.19645502998895892,0.1317460162071924,1.4911648613344095
0.20171662334528728,0.13602841973576707,1.482900586047522
0.18516171878124824,0.14214743410853029,1.3026033142453795
0.199441406665549,0.1424544945203108,1.400035901549692
0.21255014500110353,0.13103737175154898,1.6220574494130222
0.1886061359711289,0.1444758675867367,1.305450793419866
0.2047871990578956,0.1389039737864914,1.4743077067951487
0.21066642859416732,0.13792385376654354,1.5274111246249784
0.1902194523342765,0.14814283687204194,1.2840273370664432
0.2263184054387584,0.14644426167697544,1.5454235136776349
0.17462949282134588,0.13748984459987837,1.27012648337447
0.23257012168221436,0.13780459684877824,1.687680433022335
0.20569677799235178,0.13744712362802072,1.4965520744474663
0.1437174063321902,0.13420889433326294,1.0708485979723226
0.1719987791042517,0.13410069197842348,1.2826091839401244
0.1813133471864453,0.1381943130037198,1.3120174285432777
0.22681530230341368,0.12885088798027605,1.7602928924954993
0.1866909507641188,0.13098631381524922,1.425270666273109
0.2089417845364574,0.14804696620044647,1.411320946986263
0.1937380952716454,0.1445426173389788,1.340352754352678
0.17424857574534702,0.1278905547304781,1.3624819761910154
0.18760623583439337,0.14812500915067264,1.266539910512751
0.23659879567994788,0.13469182094373736,1.7565936374026636
0.25600467311524666,0.13868888050000783,1.84589184217427
0.19103036822802025,0.13912420534752423,1.3730922505601193
0.19711786293281916,0.15741706236556194,1.2522013812903077
0.21306997599073768,0.12957860501273724,1.644329910557329
0.17283550340264664,0.13501707011016723,1.280101125447482
0.20444303983450374,0.1433907768318003,1.4257753835472886
0.21332834962389646,0.1342483216090174,1.5890578523967729
0.22665433362371468,0.14893754129093364,1.521807944855015
0.22623947624733454,0.14622631425935087,1.547187162538134
0.2183982639721486,0.13414789342386566,1.6280409509083975
0.1799039570761852,0.13794371632306637,1.3041837777869292
0.22795675069459242,0.1323369242390349,1.7225483515306979
0.20128787857511093,0.12379115609251672,1.6260279403536402
0.1829607000283723,0.12844334496316204,1.4244467090205881
0.20513597478266463,0.1386677121120476,1.4793348188863802
0.2266610593331018,0.12404255612016925,1.8272846547399295
0.22689247009229166,0.1275476527666629,1.778883932167464
0.21573504151669326,0.13787602805716584,1.564703049229455
0.20243962347296385,0.137751447496016,1.4696006985975136
0.26704664030764946,0.14957968054295986,1.7853136157150211
0.18970390474100712,0.1402606168454502,1.3525101272728417
0.22280634348947165,0.14075298737104383,1.5829599616392092
0.19650620816888736,0.1488696705171395,1.3199881983097652
0.20659471105781066,0.13593908340302022,1.5197594826008711
0.19762005247912856,0.14092040219043145,1.402352316679288
0.1782701540187836,0.12716063820917603,1.4019287456353726
0.20206932449851756,0.13180751490575998,1.533063760765033
0.21157375991585076,0.1379330322341721,1.5338875430263657
0.20514358832523777,0.14480490013390507,1.4166895466626879
0.20177044400223243,0.13515945282324965,1.492832649049646
0.22998857025872405,0.13597770424580186,1.6913697104562246
0.20371510521435937,0.13673169586175354,1.489889406625449
0.20065354580708822,0.1518896656573977,1.3210480445699466
0.25063980660122875,0.1410268520666077,1.7772488212588784
0.21724845232478343,0.1295533573643948,1.67690329872138
0.18680045203989995,0.13247566582254233,1.4100736982905853
0.1856133178802594,0.1313971273605026,1.4126132101123388
0.18024888106341364,0.14171103712368963,1.271946665001732
0.1945284672301577,0.12796473095347174,1.5201725176985577
0.19081717138049745,0.13305080072664813,1.4341677790615472
0.2001451270345038,0.1314733257416625,1.5223249728068597
0.20548161858471253,0.14241250716956905,1.4428621661722996
0.1625944512983224,0.14744515065298638,1.1027453298955219
0.21634227766372388,0.1389308054586558,1.5571944389835475
0.2147733046304725,0.14123479288009705,1.5206826890935214
0.24608823210802003,0.13014332066147746,1.8909017447628593
0.17571574248528046,0.1324353661065067,1.3268037658760046
0.16470053953785255,0.1438095038340188,1.145268811496253
0.21254770960883454,0.14801174187944513,1.4360192435405135
0.20297425197025207,0.13387957604201506,1.5160957180395702
0.1749102325351051,0.13800861377951548,1.2673863445548708
0.20963846379983106,0.12881679799392626,1.6274155782828539
0.27091804406103903,0.13196324791384031,2.0529810257316736
0.2065043971513534,0.1330587889405569,1.5519786313672812
0.2105684090702823,0.14334587515366104,1.468953388749843
0.2157467207324982,0.1447838821548721,1.4901294088917905
0.18738895203505448,0.13130729100308272,1.4271024145236164
0.17710761026474559,0.1409436507689405,1.2565845236625195
0.21735250120556154,0.16063550383179037,1.3530788401122236
0.21156657004677798,0.13214701038546772,1.6009939947157825
0.21017345820707756,0.13750621038994984,1.5284652061245292
0.2068897110860843,0.13453878830358948,1.5377699895678674
0.18289784388906163,0.12419502942308308,1.472666375930404
0.2186131249187111,0.1197417741625164,1.825704742122863
0.19626049271069085,0.14249965912409285,1.3772699100969883
0.20047984609878128,0.13294689925243888,1.5079693262955398
0.19327475091487756,0.13157065111771865,1.468980728399308
0.16602504320577163,0.14286490224665827,1.162112181472865
0.2596429818259938,0.1321716237866782,1.9644381629528234
0.2130630550411153,0.13990631077831492,1.5228981012780696
0.16419526674550702,0.1373264579216214,1.1956564614753327
0.20439131444083325,0.14517731614079335,1.4078736256745097
0.2598149381193121,0.14128963077305537,1.8388818535214129
0.2026365823682691,0.1297144683702722,1.562174096029438
0.21656258741361226,0.1378243596951308,1.571293985276996
0.1682474326667582,0.13011894124065138,1.2930279870291077
0.2511386521974949,0.13518008144144741,1.8578081143283998
0.1797824730596661,0.12879531293118895,1.3958774505693223
0.15872969458804606,0.14328649216263745,1.1077784946251583
0.17867509196091874,0.1319222221764209,1.354397227496477
0.26204916614584156,0.1390571702277397,1.884470723204512
0.2466357976067651,0.1316150470586852,1.8739179380971072
0.1931169871686739,0.14137741741135515,1.365967710435508
0.19819155430556076,0.1361023310908101,1.4561951490259453
0.21717702547630457,0.13648977685805616,1.591159649283916
0.25639544062476244,0.15090565100263353,1.699044660827764
0.18719686920788947,0.1406213931203739,1.3312118807388456
0.1977566041895487,0.12927472724910244,1.5297390943899418
0.21861290991626484,0.13842712245692326,1.5792635578644956
0.22456079954683758,0.14667018312703306,1.531059652065358
0.2675157739053896,0.15163240112427154,1.7642388560881848
0.2273688697761371,0.1469134975195574,1.5476377161728747
0.1585223231366867,0.13419423244130663,1.181290136340402
0.19453174933061776,0.1400448348668214,1.3890676476259325
0.22888061599218362,0.14437797755300458,1.585287589363524
0.22086029656000886,0.1328979503667119,1.661878877368523
0.19518834529350526,0.13308370962787566,1.4666584350502745
0.1928942702406231,0.13921780732628355,1.3855574509124289
0.2127427430987765,0.1345053976619749,1.5816669575850009
0.19956156304957468,0.13112569918399355,1.5219103828727958
0.20863105721908798,0.1383318525057409,1.5081924621115703
0.21797226490255173,0.13093409560779584,1.6647479320854117
0.24453074472882289,0.14678532099332794,1.6659073473698225
0.23470141186632593,0.1427601500936032,1.6440260935032627
0.17728146311518342,0.1519074834394246,1.1670357450551612
0.22059692480106244,0.13684346041986523,1.6120384863421573
0.17508217289011607,0.13312166944062076,1.3152041559110097
0.2074575348701204,0.1255279301747183,1.6526802806464418
0.1910481146198389,0.14742572036110174,1.2958940553377611
0.18515263717029098,0.12722149211386202,1.4553565918294775
0.16900139210141474,0.15098402381883427,1.1193329454790495
0.20672704916901002,0.146220270763287,1.4138056788560884
0.1768351758520326,0.13559451075063989,1.304147010620768
0.21685183383756593,0.13551303139459314,1.6002286393116443
0.2045834488680548,0.135344192485784,1.5115790719246665
0.20354851077184985,0.1472349093363259,1.3824745210858103
0.22354056245478623,0.13490198961781574,1.6570590477433884
0.22032995282878273,0.13627570160121458,1.6167955860065006
0.19508440265466187,0.1350308527662826,1.444739469966339
0.23200946775707332,0.1437771491994006,1.6136741411898892
0.246400489267677,0.1392908529438147,1.7689638914557206
0.16112926622239332,0.13913649287202082,1.1580661758565503
0.2158732993343181,0.13160462407896845,1.6403169785644067
0.2073428448662612,0.1423499029292086,1.4565717334515778
0.17553861192377315,0.1285595434076823,1.3654265352134374
0.20938413762330202,0.1448465361442744,1.4455584731052522
0.21836158902086933,0.13311094944800725,1.640447986633592
0.197719234809881,0.13656943982513928,1.4477560650687054
0.17286059033132756,0.12859515225693102,1.3442232253510997
0.20097285157421627,0.12658402933957846,1.587663567218894
0.21108758765659819,0.1360415709245575,1.55164032745298
0.2037668075960696,0.1440141899752273,1.4149078478386101
0.20083314960743115,0.14388923341323825,1.3957482769447702
0.2239014121883993,0.14201116118615953,1.5766465841011714
0.20835217018940863,0.13337207943546228,1.5621873114022238
0.20579294317814156,0.1349628126403016,1.5248121993916506
0.20495347524626104,0.1291401724805228,1.5870621148285406
0.18751089128046253,0.13506455637653297,1.3883056836741066
0.20046072077818555,0.13885826588139794,1.4436354905181064
0.2606754500706122,0.14332068331998357,1.8188264529036442
0.21249833848691363,0.13818413985259673,1.5377910859639108
0.2012300062696198,0.12668788241181708,1.5883919001463207
0.20884349805864982,0.13621380548293505,1.5332036082408245
0.19457354034312296,0.13074586519163942,1.4881812136691954
0.17683204989193013,0.1491108075134491,1.185910349764424
0.19651711584679907,0.14431015033884423,1.361769185226205
0.1921961344236919,0.13518432620680443,1.4217338638036414
0.26836347572252295,0.14994948919424383,1.7896924968839756
0.21172804583019572,0.13699786405057623,1.5454842839887704
0.18602315004121772,0.13195646483731932,1.4097312342411852
0.23270976633698676,0.13747090230724732,1.692792892396099
0.18742606241332715,0.13841724192185298,1.3540658649963808
0.2336692233866519,0.1443441234041995,1.618834337524915
0.1727420908041328,0.1258502929602186,1.372599830647488
0.19799596301097586,0.133186269919053,1.486609416506014
0.18060594595113202,0.13506548201722046,1.3371732233414404
0.1905457864338417,0.13647520423889703,1.3961934513781364
0.20269530965530502,0.13287027539286825,1.525512828629123
0.17311765351037692,0.14189253255280512,1.2200617636164286
0.2145605214865779,0.13477410828691794,1.5920010468910262
0.22201673920817883,0.1311492630242423,1.6928554083231115
0.18786031158196542,0.1378879525658653,1.3624128002932647
0.20218739035341643,0.14388364601813944,1.4052145323585046
0.22138979685268265,0.14571092452930223,1.5193767905038686
0.21922260868186935,0.12656052819756008,1.732156240211517
0.19378715497953936,0.14524353279489216,1.3342222627784661
0.21601345234464914,0.1371477335135674,1.5750420864467287
0.19242186061970393,0.1290274153721604,1.4913253905357375
0.16944662530578058,0.14194299219631512,1.1937653468050498
0.22805745736130761,0.1409251476182963,1.618287872786297
0.28763066297084966,0.16053112355687976,1.7917439098277768
0.175666569733219,0.12779454678723906,1.374601453266081
0.19919795791811892,0.14255298627351984,1.397360820880406
0.2082208743283944,0.13500337026778406,1.5423383424827157
0.22749375512867537,0.1407840568384944,1.615905666006295
0.18731061277341288,0.13227952135116772,1.4160212469786002
0.21255543542780833,0.14966783817686982,1.4201811024798872
0.19408879629731038,0.1380437070654392,1.4059952490648717
0.21624012402292309,0.1451446649177565,1.4898248181939826
0.21304907361474335,0.13048696113253969,1.6327230840968296
0.21370467856193803,0.1372276979942305,1.557299886870673
0.22148000011345836,0.1290868456818225,1.7157441483957983
0.20930847187078905,0.127009488651269,1.6479750772439457
0.2229937956623429,0.13455141169890195,1.6573129396914585
0.1791751504860462,0.13374422626655416,1.3396851250157713
0.22404007703893514,0.13320157121019685,1.681962720134824
0.16615305130746225,0.13745699120449775,1.2087639184555752
0.19543931025585648,0.13653434149124022,1.4314296910304833
0.2195597768407193,0.12053231362956018,1.8215843555074094
0.17311167087189377,0.13964016993086734,1.2396982255005664
0.24086657205765655,0.13681386898201528,1.7605420696736485
0.17659182842158117,0.13813404962464243,1.27840911709634
0.22822588193675417,0.14315895899806744,1.594213058924486
0.23383606852377095,0.12657653639074956,1.84738874353383
0.19739088011676093,0.14489654192496487,1.3622884127833803
0.19083006956307327,0.13237800025224955,1.4415542552345697
0.20988184840286123,0.13341730849798447,1.5731230884936636
0.21865007683951693,0.13945292852864494,1.567913124137828
0.21825630382076916,0.1324729318252306,1.6475539630142042
0.19733684146567312,0.142157724162414,1.3881541972367075
0.1983671993310719,0.13146420300016487,1.50890656775079
0.19267937758082834,0.13307849540848565,1.4478626091270212
0.22129887359160455,0.1350408583355485,1.6387549392030878
0.17602459888046815,0.13443596045013562,1.3093565017208204
0.258475258945952,0.15115324670221608,1.7100212174414542
0.1883762778771843,0.13563715142866764,1.388825081425073
0.16667071200660122,0.13716048933507785,1.2151510454255599
0.20302247881587515,0.13002362083498603,1.5614276660817847
0.19474922373589804,0.12748486848260718,1.527626188534428
0.20030529376735803,0.13186852448586397,1.5189772885403774
0.270248098625804,0.13215771681666869,2.044890795145141
0.1828792847896422,0.13588008527488282,1.345887327195011
0.22767886570208343,0.13297045078693817,1.7122515893918333
0.19519486909228664,0.13607793562875026,1.4344343790224745
0.19389051036777255,0.14120953537219866,1.3730695300194702
0.19919597153504295,0.1435837925486268,1.3873151558354488
0.2545101157552462,0.13141808761341492,1.9366444937467364
0.21345437189283495,0.1370876731424448,1.5570646652601594
0.20249242798373074,0.1341428363470237,1.5095284511495537
0.2486113320253203,0.14525209901739913,1.7115851248080085
0.17770926530003728,0.1358284802645739,1.308335814064074
0.16144972250343415,0.1367113913989249,1.1809529612080576
0.18285487591323102,0.1514655954141002,1.2072370323657589
0.21952240790870692,0.1554294006457071,1.412360898238914
0.18684976466364542,0.1412015352754658,1.3232842284549233
0.15687208464041338,0.14733333602289053,1.0647426364936232
0.22977609811179542,0.14083448023191605,1.6315329721344995
0.2340993883965006,0.1311855716464644,1.78449036321907
0.24840225429951762,0.14530174648533437,1.7095613804242156
0.22062619623339694,0.13206966122393313,1.6705289783344728
0.2214376074247059,0.13117223890264293,1.6881438426087902
0.24048311447044088,0.1401555783321124,1.7158297752558413
0.19874430994364062,0.13577360106731123,1.463791991825502
0.19923153609605734,0.14494130658421522,1.3745669939873066
0.21417887408645883,0.15375959539863382,1.3929463948652003
0.20728424092801542,0.1274432099569311,1.626483207681808
0.2237262165717024,0.1439291843612551,1.5544187064255206
0.2107003819452371,0.14031775839749794,1.5015945547559018
0.2275709009088623,0.1372189006803643,1.65845156738985
0.19531500610818756,0.13305788307827898,1.467895036277424
0.19012586159762906,0.14583962423475252,1.3036639568653212
0.212562448650345,0.13805794998960041,1.53966105295897
0.26461317021216213,0.13222572348509828,2.001223084568592
0.17446052138781293,0.14805053185336187,1.1783849689956474
0.20060253103976766,0.13446448899369184,1.4918625173162154
0.20829316355946464,0.1422830760532441,1.4639349200007366
0.2353056532772106,0.14064400532892454,1.6730585333295975
0.16685046023663547,0.13210475557964682,1.2630163047842757
0.2066041441459627,0.15275823253854703,1.3524910619388595
0.1696687947468152,0.14704504755551795,1.1538558936012822
0.21490801387470546,0.1355661374471999,1.5852632369820785
0.2267131736330546,0.15357947591993215,1.4761944737410766
0.18516713452790948,0.13563417497153357,1.3651952729964385
0.1587405326364548,0.14341500683690936,1.1068613817867299
0.21796205749171002,0.1461481655715026,1.4913773063068156
0.21637040294704293,0.14071930405871655,1.5376028498318908
0.2280639751109124,0.13324840454350656,1.7115700251138681
0.21461729704676888,0.12447839520248388,1.7241329043297815
0.13250534516991747,0.1334438491616466,0.992967049454694
0.19537944022218853,0.13279875106939404,1.4712445610282354
0.15818872261607192,0.13555976918991447,1.1669297134495344
0.24342021857705468,0.13600432426553996,1.7897976398293916
0.20032619152243808,0.14279155155183035,1.4029274795695728
0.1830202101349952,0.13106299028111068,1.3964293790523472
0.2040039368445207,0.1403789553608823,1.453237319796782
0.18051356192046839,0.15642519437828858,1.153992888664252
0.19693542630666605,0.13825423258136144,1.4244441029374724
0.21610349390546388,0.13884766662338754,1.5564070982310865
0.20384415075093656,0.1429018776419303,1.4264623678473247
0.2665433763072036,0.1382906395226416,1.9274144456000137
0.20236422919820157,0.1351234572445128,1.4976247153890767
0.20120719989263552,0.12936238223926455,1.5553764271323411
0.21775606486117063,0.12960599185781313,1.680138871203303
0.18198593814117162,0.14569075620399272,1.2491248098565653
0.22567451520448006,0.13645169585246736,1.653878420452034
0.19258384035910003,0.13394862670101207,1.437744044878998
0.1624192693384284,0.13376312689338563,1.214230506646894
0.2456233674788694,0.15714923013035323,1.562994405223163
0.20376869959217087,0.12951262485730594,1.5733500870411559
0.18334547882476837,0.136456872080678,1.3436148434969857
0.21909261838022198,0.14000279495312168,1.5649160322376607
0.22508462033692234,0.12911142453821783,1.7433362008200584
0.1802276653853493,0.14002750700300776,1.287087581881166
0.20530500629652967,0.13965834509434547,1.4700518336934105
0.18891742631391087,0.14221669485078217,1.328377280263252
0.21122052980337494,0.13804730518579486,1.530059058516918
0.19545824499540346,0.1259984066372898,1.551275529682426
0.20561862797483088,0.1359521087273147,1.5124342674761262
0.24523489002941407,0.13729531919358687,1.7861853664772944
0.21640337440541527,0.1480396077819263,1.4617937567370083
0.24830863954173105,0.13975447411034234,1.7767491246518547
0.19826322450046818,0.12699642165624406,1.5611717394457794
0.22188624405962665,0.13868830248356534,1.5998915560014177
0.20216891932285083,0.1360884393213258,1.485570121393624
0.22675687685862672,0.13542982857259928,1.6743495819834857
0.23115836281129057,0.14142873084980884,1.6344512279953265
0.19795432836191645,0.12863567067272721,1.538875860223473
0.2313971307254835,0.13660110962043662,1.6939623065174916
0.21167635115843572,0.12524684249739312,1.6900733538479547
0.19061731531695364,0.13546116540470673,1.4071731536301284
0.16610407931518373,0.1447978580853969,1.147144588404209
0.21404229664274005,0.13836024371702044,1.5469927696897339
0.19285946231650905,0.1382509059516895,1.394996010976608
0.19275743443949844,0.14086865880804947,1.3683486168641223
0.2552116954750418,0.14937327963891572,1.7085498563864454
0.2102527093048816,0.1379576652056352,1.5240378922873603
0.21195327142929926,0.14327490958783284,1.4793467470266595
0.1680914454955003,0.13188636201924403,1.274517265636408
0.19688121371715808,0.13619482002267075,1.445585182199922
0.21403569923309282,0.13824932777818338,1.548186184141931
0.2055292871270138,0.13796294255436872,1.4897427042484135
0.1807393701576946,0.13138991958164425,1.3755954089414382
0.20478179172452,0.14230581597886957,1.4390261586703332
0.2622169691474314,0.1379745897839822,1.9004729027132272
0.16078513374385914,0.14923832828674943,1.0773715813468738
0.23172802666241993,0.1330653394532331,1.7414604555520834
0.17564998548445931,0.14250354761651762,1.2326007908037488
0.2191883624212225,0.12748492659488364,1.719327674853281
0.20134870994266946,0.13364623626689037,1.5065797254520348
0.22356486882507737,0.13908797900701586,1.6073629829203309
0.19757299622929841,0.14268339044300127,1.384695132459894
0.18687755082628085,0.13632964700090208,1.3707770462065694
0.21775042758518234,0.14095336945623266,1.5448401724997138
0.19757364280401496,0.13703356869247557,1.4417901006971556
0.2328263339503652,0.14885007532037453,1.564166719091314
0.20312702050422066,0.13568759510803585,1.497019829576085
0.21477590573649213,0.1368493291270327,1.5694333841938148
0.21238501771495077,0.12556770250392754,1.6913984526260464
0.15899178471202868,0.12901151070634112,1.2323844891168614
0.20004894926170164,0.13746602263958604,1.4552610559352404
0.17896743846829247,0.14382620083832018,1.2443312652711707
0.19964483139778802,0.13405448207733794,1.4892812855194955
0.2025486069106764,0.1414781888869217,1.4316595971734274
0.21336438040572372,0.1375749706588835,1.550895336439938
0.20002991977154463,0.1316087200319425,1.5198834828193433
0.17184443960460233,0.13882146600379375,1.2378808879594034
0.2071251825531435,0.14175041112554226,1.4611963443950904
0.19344509661078477,0.14602866357051197,1.3247063410765045
0.17836420759140378,0.14172366191251645,1.2585351322738534
0.2110147272238643,0.1564619734393517,1.3486646153396404
0.2534733241275543,0.13734830618681532,1.8454783401754564
0.20531442556866017,0.13257199383725368,1.5487013480441851
0.24201028126395982,0.148344469648395,1.631407506040305
0.2512531364633247,0.15412842320710987,1.630154459737148
0.2240555577211091,0.13604464127784202,1.6469267412269746
0.18397653511867093,0.13302973319988587,1.382973044396279
0.17726458814911542,0.14347890854326967,1.2354748858133169
0.18125984707006831,0.13346731336986892,1.3580841817633296
0.18904646516684792,0.12831511927008574,1.4732984409181822
0.17997196259294948,0.13192286229453576,1.364221177911813
0.19542160881785703,0.13339203599290012,1.4650170631495458
0.18095684787015867,0.1376858563261142,1.3142733226102432
0.1896256902245234,0.13971157425912492,1.3572654322312776
0.22331948885683334,0.1376475804929713,1.6224003942316785
0.18192622253633448,0.13686241364506474,1.3292635844355118
0.21011671844599103,0.13108487127970408,1.6029059371592294
0.15829706968185947,0.1394144461350802,1.1354423739451196
0.1907999772765354,0.13625602959956515,1.4003048366906496
0.18330106383571043,0.13664063511720292,1.3414828149655826
0.2224316741054054,0.14770077460234476,1.5059614596081765
0.1562970470040441,0.14401290661642627,1.0852988851918408
0.21347817516272868,0.15254463879831526,1.3994472493063217
0.24701081476516734,0.14992861848262534,1.6475227829421537
0.21613273033531108,0.12537739631667805,1.7238572237487158
0.24455294206700753,0.14353318354549482,1.7038076911984126
0.19758059863612365,0.14529735932110716,1.3598361288829106
0.20384479144471715,0.13119319465730417,1.553775651070847
0.21914715173400962,0.1388125767721599,1.5787269196342844
0.1815747515840293,0.1480870066838254,1.2261356053451888
0.2004043610277903,0.14692309229776032,1.364008597243806
0.2153813463270332,0.14397126147332384,1.4960023557683475
0.25220534978585574,0.13280423685461004,1.8990760819021333
0.2030743170817591,0.13950821521871953,1.4556441480050568
0.2617370356684541,0.15057971654626948,1.738195831893658
0.21311410862416344,0.14333675344693492,1.4868071412197919
0.22151429557111674,0.1366449105807977,1.6210943724840454
0.20529637149735727,0.134009981673852,1.5319483588692606
0.15381460109179937,0.1382228203847908,1.1128017838415065
0.2128037302160276,0.13568992676254069,1.5683089768958103
0.17816622741856822,0.13161371203674913,1.3537056638051568
0.19398261780598125,0.13761140745787728,1.4096405333646422
0.17978498614571625,0.1377373696819239,1.3052738451510484
0.1928203370648562,0.1389411380486012,1.3877843507903918
0.20559219346977425,0.14402512761512618,1.4274744752816455
0.23440469167742548,0.14614147903819902,1.6039572968613236
0.19562166707249504,0.13674488554893577,1.4305592950493897
0.1541737622003168,0.14420849459616897,1.0691031941776652
0.1856053735657769,0.13971664846457113,1.3284413533068828
0.22336239795072155,0.1436202788597623,1.555228827878988
0.17992963568694947,0.13488004226616107,1.3339974740806448
0.2253492137230489,0.13910161199185303,1.6200330858584677
0.16257629731731255,0.13706004929567464,1.1861683849725797
0.19337853206501784,0.14124523290418842,1.3690977606033137
0.21641124433764047,0.1318227178539415,1.6416839817960844
0.19078205786490193,0.1383276362438575,1.3792042070940376
0.16781496802838136,0.13287411919958267,1.2629620353405018
0.23459546441670492,0.12927724781551347,1.8146693898642317
0.1693660232324336,0.14706155426956585,1.1516675726273322
0.22264969650565056,0.13655478541019317,1.6304789014668306
0.1969532696553609,0.1414095927469924,1.3927857780323734
0.25293691180745975,0.13504608971102855,1.8729673132239062
0.2282292486696714,0.1383871151143995,1.6492088044541051
0.1390989753393979,0.14151174249970652,0.9829500568808726
0.1695086020487996,0.13514575854573538,1.254265053323411
0.20900353693560972,0.12903800704037757,1.619705245991671
0.20395771212808178,0.12548931368322297,1.6252994469548165
0.2561569769143026,0.13367692317252217,1.9162393241480344
0.1814836909303352,0.13539172287077053,1.34043416452835
0.19896538241856926,0.13957140165974044,1.4255454917879578
0.22979084178962667,0.13342433342744608,1.7222558725735218
0.2290550797227681,0.15377620648903237,1.4895352470481495
0.19221514573118179,0.1290737376199249,1.4891886550708346
0.22723893795049047,0.13867272940143613,1.6386706956107342
0.2228828750814578,0.13479705708852316,1.6534698894434128
0.20132120854422092,0.14345433806369387,1.4033818095820434
0.21415204601634213,0.1370551731784348,1.5625243546081504
0.2340878094593801,0.1485911732194992,1.5753816622309396
0.19356780705236198,0.14170762920772106,1.365966025503271
0.20591250417599485,0.13316307797440516,1.5463182986471116
0.2028796457946673,0.14109509540317194,1.437892970091903
0.23710869147494187,0.14050240768920313,1.6875774257152636
0.23989924616881692,0.14273196752076203,1.6807674576049039
0.20601575553896798,0.13578481778883156,1.5172223146431396
0.19191954952665619,0.1347612414339632,1.4241450099782744
0.15951838857584466,0.14509901991174767,1.0993760583142957
0.1813832792363279,0.13866760384184296,1.3080436541126377
0.20446685434972547,0.1349255953273024,1.5154045001893819
0.19525703212023524,0.13652595335292333,1.430182520795079
0.21867345585664275,0.13756245425952063,1.5896303757717267
0.1764841706247516,0.1483627045631315,1.1895453857115001
0.18790350631473046,0.1376931610403176,1.3646538789222138
0.202748153657743,0.145198631027163,1.3963503114558564
0.1586963959342301,0.13471534173204897,1.1780127927068607
0.22320380687684935,0.14687708148230277,1.5196639572644504
0.23144120314306202,0.13794014454843706,1.677837904989236
0.19041528347857087,0.14425503999312603,1.3199905076983407
0.20968445697612131,0.13935810937999,1.50464481693255
0.22434680239920018,0.13739399874931899,1.6328719190168572
0.24556831728034142,0.13782422751146164,1.7817499993600157
0.23460644178124537,0.14164875855825215,1.6562548388644365
0.26026285978011526,0.12854331859471219,2.0247093557674924
0.18215420372161953,0.14055032256786504,1.2960070129591197
0.22150732957608688,0.14248711627021174,1.5545779532517288
0.26444748928989464,0.1475906957667894,1.791762603435061
0.21858970032421962,0.14192803137148205,1.5401446649540536
0.19383809344166708,0.1337951491049356,1.4487677224354358
0.2552464015964577,0.13878417022207368,1.8391607716357599
0.2021657777994039,0.13574437001421122,1.4893124317291313
0.1791653140606961,0.13601191623226733,1.317276596226582
0.18842313547680903,0.1301480564413852,1.4477598869228538
0.1918473666886242,0.14832895737010882,1.2933911900285844
0.20052647014191316,0.1288166264044801,1.556681584815507
0.22186336411562826,0.14520733681259987,1.5279073976954642
0.19334239160888053,0.1307251748615855,1.4789989136644524
0.21271042654327119,0.15819974877425674,1.3445686746746892
0.2578082555846038,0.14876511302446083,1.7329886714919072
0.20856427544168885,0.13158402761766583,1.5850272956205516
0.19336701483770322,0.13801001231279886,1.4011085978272217
0.21112089969899125,0.13665481290352693,1.5449210694689146
0.21185423496711656,0.14309019119337357,1.4805643433714792
0.2321738966088237,0.1379149808055487,1.6834566865232288
0.16528773328071716,0.14218413857331705,1.1624906613298978
0.18171884342547712,0.12904837226314625,1.4081451802811507
0.2640987581714379,0.12619245402978713,2.092825281843704
0.2120734057921688,0.13086830179091305,1.620510107413148
0.23415985374550777,0.12789242379171298,1.830912627997911
0.21303608332901047,0.1343053153926257,1.586207386552235
0.20435068447003216,0.1349791393443864,1.5139427133895917
0.1912864451037018,0.14649550053665944,1.3057496264592354
0.21588433420004344,0.144989730827466,1.4889629283948405
0.18826830556994142,0.12907328595305598,1.458615577807593
0.2474331447702737,0.14237873332925474,1.7378518475654487
0.17556755740263322,0.1338644107404127,1.3115327399684331
0.19808783355058487,0.14968719275469836,1.3233452368580634
0.16858393583887227,0.13146432016846182,1.2823550574242837
0.1849693697273541,0.13879520733024003,1.3326783632179051
0.17831008282389404,0.13171319724703395,1.3537753736967266
0.19881947122288368,0.13603521114290956,1.4615294786731146
0.19229900347931586,0.147468021080857,1.3040047738477345
0.21671058395042117,0.14176254726943815,1.5286871470962957
0.1685282865506362,0.13321193639026682,1.2651140064273534
0.21850197480987163,0.1393914695599657,1.5675419414089244
0.19597905458888504,0.14735278415039468,1.329998993360453
0.2385928848091693,0.1454013328317989,1.640926394293613
0.18751832657570447,0.1378985046635652,1.3598285712611469
0.1658215679009688,0.13362303076264115,1.2409654754465413
0.1885327136392695,0.14395741324407313,1.3096422712154532
0.20867299058606847,0.1481416285138356,1.4086046756707522
0.2249112317593076,0.12671984646730777,1.7748698252829092
0.21988672072509174,0.13974407249578683,1.5734958685401212
0.20285295226541525,0.139503283586248,1.4541087998118787
0.2120147498232679,0.14376400346174734,1.4747415536440642
0.20456737246278392,0.14800619260779027,1.3821541440828644
0.24262032483317042,0.12983861140295258,1.868630003136749
0.2711518724518108,0.1582100547987401,1.7138725651586726
0.24359002668345162,0.13647021988608724,1.784931737391338
0.19423348045547387,0.13806462094669555,1.4068302156166725
0.19989156329972074,0.13688157830649011,1.4603247987990438
0.19986631568336527,0.13922636025760993,1.4355493838491038
0.22136169905660755,0.1315215663352572,1.6830828983008148
0.1871414926267527,0.13122125516674676,1.4261522829433877
0.1575576126142168,0.13882379468523526,1.1349467356907943
0.23722061237232592,0.13851037634876073,1.7126558935557203
0.22057282486659618,0.1354588591613163,1.6283381259244085
0.21644553422743903,0.1433956961901274,1.5094283857756465
0.2001032849483407,0.1344206223993505,1.4886353103904955
0.20391355034693023,0.1406154361451883,1.4501505377858044
0.1903698646071244,0.1346380809101267,1.4139377456976654
0.23842006868778326,0.1365836258614654,1.7455977404612828
0.18414667308065838,0.13404052178835535,1.373813460465475
0.21678176903603547,0.13430727009038515,1.6140732284272268
0.24742178290688913,0.13593848837806793,1.820101031422148
0.22079381154888755,0.13294741020298007,1.6607605308880127
0.14570147672843486,0.12959127577549062,1.1243154746069035
0.2064494260707494,0.12898878863482405,1.6005222489159243
0.21002176656323732,0.1294421296024941,1.6225147655419183
0.20378725459793345,0.1389772261644854,1.4663356020413203
0.20098502784034605,0.12935222596239365,1.5537809755108356
0.21567327945401119,0.13810443501246325,1.561668019094012
0.2204603833224928,0.13227526735073203,1.6666787959531026
0.18057983873792569,0.14330915105852804,1.2600719312347064
0.22664881472715262,0.13841704269849298,1.6374343094502501
0.2139764646049353,0.1439077812686506,1.4868998932412054
0.20341708271299067,0.15355791001741478,1.3246929623483508
0.21251237743171608,0.1259712500786758,1.6869910975638547
0.20866957717281479,0.13947877794044977,1.496066858729619
0.1609654713537396,0.13498587702733894,1.1924615737477406
0.20619606039660907,0.13506616561623386,1.5266299998659767
0.23854845806935124,0.13250870460374647,1.800247453800908
0.19097088976753948,0.1351635192940919,1.4128878174000532
0.19739929003523948,0.1327901160206591,1.4865510773748303
0.18728811735967837,0.13822207244604615,1.3549798092687748
0.20145596735390497,0.13847798045139903,1.454787011604412
0.20794953781551206,0.1275743449693044,1.6300263024320973
0.21129480771259265,0.13599472912645122,1.553698507801178
0.21128394557521277,0.15206594979850205,1.3894231144788078
0.27046359302951817,0.14073390905345687,1.9218082894775865
0.203160501456177,0.13535461560226827,1.5009499347488262
0.208006094374459,0.13788006779812684,1.5086016252835412
0.19456633757433792,0.1236009256313344,1.5741495185454573
0.21434998365652852,0.14388226564382758,1.4897595801496468
0.1836038684036515,0.13666405816586166,1.3434685817745993
0.19110454292636087,0.13934620528444402,1.371437008537576
0.2554999324781415,0.1474676750119431,1.73258263180354
0.23333189609827196,0.13018071942068468,1.7923690784366442
0.21585435671719896,0.1411653238153165,1.5290890913096795
0.22606028978141482,0.1393505044017114,1.6222423503379764
0.17954648679561147,0.1348368837422586,1.3315828860211238
0.24003383762135702,0.13638367459739678,1.7599895172932865
0.19755133267141195,0.13791795188775383,1.43238302169823
0.2204505291277759,0.13099072784682034,1.6829475853097728
0.27241501358589454,0.1508104231164997,1.806340755210642
0.18406726481808144,0.14255316248399408,1.2912183890606326
0.19287010424007,0.13478891825742212,1.4309047563667177
0.22076232353969533,0.1414890545669189,1.560278455569743
0.2757023232741118,0.1413748940333967,1.9501505211313066
0.1982271614665485,0.1334057448188777,1.485896741071215
0.183560767460958,0.14020279599209268,1.3092518316917923
0.19819098827247444,0.13827188332887932,1.4333426543491685
0.20846779964688816,0.1398307414895574,1.4908581433965764
0.2137204150115663,0.13016144560842022,1.6419640548133294
0.22676216480923975,0.1430226584262173,1.5854981812285505
0.2250952144456638,0.13569287403834518,1.6588580354046787
0.21676501037890594,0.12859101288685837,1.6856933117839894
0.18874171712155122,0.12909411424413292,1.4620474235147336
0.17207986095880973,0.12839841620450718,1.3402023642155267
0.1980053437281043,0.13689539545239157,1.4463988585866285
0.21584390039525622,0.1384502152210049,1.5590001073722388
0.2049545211599077,0.12662754969137685,1.6185618505564812
0.20670509358445033,0.13469454731088962,1.5346210942552305
0.17161852441070885,0.13958180263550765,1.2295193296712126
0.19782160590272152,0.13264237499529968,1.4913907106211837
0.16375077083131673,0.1261542567559153,1.2980201781707899
0.21841937199617795,0.13411951861183205,1.6285427673530954
0.1972368623891583,0.14312120368298326,1.3781107013747764
0.18370847984131897,0.12634158279258068,1.4540618835124102
0.24691600794098273,0.14574429284653473,1.6941727399300597
0.21923543118446515,0.14242694423168153,1.5392834015159491
0.20853887008473374,0.13757462637281528,1.5158236339280438
0.17435425006005964,0.1338103992970539,1.302994767043479
0.2241246799442301,0.13028242671454823,1.7202986281126955
0.2084243962238733,0.14416612779687205,1.4457237591727525
0.23957019020566894,0.13372049897966815,1.7915741567947256
0.18180322414388994,0.1300583945619709,1.397858437021252
0.25366297876034466,0.14077436169440632,1.8019117665118418
0.21007852810593422,0.13785553420289132,1.5239034785266397
0.21362221935700557,0.14560554851826335,1.4671296631955675
0.20159347516092638,0.13046753149922752,1.5451620249450337
0.19351602800983253,0.14326856450712583,1.3507221816283888
0.18384441091298234,0.14694004548125622,1.2511525385122715
0.16615557313978369,0.13485770164710859,1.2320807125615592
0.23926609293489665,0.13562427676892183,1.7641833647714922
0.22733423117096593,0.13678047362958354,1.6620371690378253
0.18320686296270006,0.13557946397813558,1.351287706759522
0.23766098910948516,0.140126514941703,1.6960458140870738
0.2147969354122887,0.129213224891479,1.6623448226192639
0.23002570321799076,0.1294693887222239,1.7766802291119954
0.21192485220854096,0.13661209994418572,1.5512890314629892
0.22755797325800745,0.1371026302321377,1.6597637322691308
0.2150496429414079,0.13571743013611143,1.5845396035404882
0.24507224307159176,0.1559812994849234,1.5711642605931717
0.18552901501531882,0.13705274716190274,1.353705189113431
0.19135948001623096,0.13301828605005325,1.4385952916595586
0.22346439424903158,0.1425969360194241,1.567105160089779
0.21255691893854448,0.12604279369892,1.6863869222565937
0.19976367621487767,0.13062331881823933,1.5293109838439052
0.20565436109249058,0.14727371221478042,1.3964091622309978
0.22941535224141815,0.13882842775141527,1.6525099070646172
0.2035882254841952,0.12623242017692732,1.6128045806207787
0.2608985729391169,0.12970444209208842,2.0114852562557757
0.1874668931495427,0.13751700711175047,1.363226971607966
0.18711764983437335,0.13391264866887082,1.3973112450121412
0.16937447121637939,0.14516358018593417,1.1667835072642494
0.19514527472960394,0.14238457891675124,1.3705506327598902
0.22102565105212732,0.1345011044565526,1.643299896645268
0.20084658922321563,0.13348214318480367,1.5046700961726924
0.20885714222540577,0.12919673459431524,1.6165822060536479
0.20456096750262037,0.1301296534193421,1.5719781166512736
0.2092250095250319,0.13607570868676816,1.5375632546338278
0.16865652341604667,0.14290453391471955,1.1802041460538615
0.15201526230532345,0.13026704003061843,1.1669510742670843
0.21675854446398068,0.13796825544240285,1.5710754895677446
0.21937331089811826,0.14045171011555588,1.5619127080590907
0.20343515595114686,0.14030838646632465,1.4499144425694983
0.22925635956236556,0.13115676877933638,1.7479567520306636
0.2003608224048319,0.13557823099422323,1.4778244334325985
0.16437491912016303,0.1320003199036399,1.2452615208823477
0.19598145194631922,0.13801160049185315,1.420036078473621
0.19788403217488865,0.13186311866422862,1.5006776282818948
0.1976694552051172,0.14247828987858915,1.387365439138541
0.18796352789745924,0.13984675437197355,1.3440678601485563
0.17836470662827716,0.14377925708612221,1.240545473965265
0.20091263254640346,0.13067036708469726,1.5375531348754605
0.17556247738712394,0.1452878380529693,1.208376969055848
0.21752848895083435,0.14279201370263545,1.5233939441728002
0.2573860897442292,0.14179068354534802,1.8152538891027425
0.19902994440495814,0.13285446263822787,1.498105072668359
0.2000368356494774,0.13750070012795082,1.4548059425394475
0.21835743332591068,0.1418937302667585,1.5388800683116959
0.23399995992449676,0.1536168897466144,1.5232697414357979
0.20931377060321138,0.13743721916161372,1.5229773410729255
0.19585931407468263,0.13309407002854648,1.4715855787765304
0.21340354127058597,0.1427497446512537,1.4949486725313856
0.22995998399282658,0.13956898964413234,1.6476438253165673
0.230461105232061,0.1322601111307417,1.7424838317597184
0.1804862321436818,0.12684343279409416,1.4229056102310507
0.16858168229852524,0.13770864801135263,1.224190962100125
0.17429155429231924,0.13363916903409978,1.3041951364412216
0.23778781508427985,0.14087069661144924,1.687986364830354
0.19775239776912967,0.13023008893134602,1.5184847018984966
0.22524729258331871,0.14421300462682451,1.5619069387409554
0.19455061610481653,0.14007442105109683,1.3889089431527808
0.2073713074727661,0.13848102181000693,1.4974709513428865
0.21031061904593656,0.1297265499069056,1.6211840922067204
0.2237759451103256,0.14272025431061963,1.567934041255942
0.2134941822052911,0.1307688128344264,1.6326077875739977
0.1925239072278974,0.14059249651925437,1.3693754076095443
0.19090126327698154,0.1318473568117467,1.4478960207716014
0.19771601829907987,0.13489441799058255,1.465709413660713
0.18837305398834833,0.13207206306306443,1.4262899330829728
0.23378421109347036,0.1447874690802943,1.61467157744032
0.22610256830623163,0.145395427887542,1.55508719628456
0.2169177787731562,0.1344133504620715,1.6138112622552745
0.19996698496985282,0.12488001375979997,1.601272925501743
0.18607097324817354,0.13442653145215386,1.3841833992004873
0.2261900347519979,0.13938010326017905,1.6228287213259691
0.2709868404088587,0.16584540386053281,1.6339725678303647
0.18961439345128783,0.1293074226738289,1.4663844466963052
0.16811552609722488,0.1473871898332006,1.1406386558253994
0.1686693105751959,0.13171742447624224,1.2805390877166647
0.21566585278698555,0.1386090665592931,1.555928902347306
0.2310098772104429,0.13926822927968077,1.658740679085716
0.20711574307432715,0.1361305662897907,1.5214492139364595
0.2081237821906038,0.1339125666839685,1.5541766343839303
0.19289414822775,0.136417986285219,1.4139935171338196
0.18471857552248083,0.13544680235833623,1.3637721401040674
0.21254517335825587,0.14137668488005667,1.5033962179731277
0.19683283854448594,0.13310099293561126,1.4788232168914435
0.2025213104097414,0.13635870187941138,1.48521002047116
0.20283285103072124,0.13821748742960036,1.4674905093614297
0.16821640556591752,0.13058909397509205,1.2881351761120445
0.2000034086548544,0.1373687598005729,1.4559599209107825
0.24915928795186906,0.14875665305973626,1.6749455088359246
0.24676437199538007,0.13584063468015656,1.816572578421758
0.17563555205116718,0.14173010657157542,1.2392254285257953
0.2436419913803956,0.1273589173767501,1.9130344101438905
0.18818060464461792,0.13142913711540732,1.4318027857047968
0.23117465408524232,0.1372661092166804,1.6841349653199778
0.2147672773156792,0.1361422994420011,1.5775205663187264
0.20854148299446573,0.1374097978342594,1.517660940350147
0.21530192182687646,0.13271612068508398,1.6222740742833839
0.18168090574839327,0.1402637028629461,1.295280974621899
0.2034737312463376,0.1388719647903443,1.4651894034445534
0.1941844660710929,0.1424473060133248,1.3632020956081017
0.21029532143315235,0.12891705753005142,1.6312451235099834
0.21407972382467572,0.14672195576709568,1.459084447896147
0.2179417047258985,0.13325691510694354,1.6355001506000069
0.21264315412083712,0.14142925470157322,1.5035301894896553
0.17461762050366836,0.13818875872286826,1.26361667994903
0.24302851783394985,0.1382893107907525,1.757391923094329
0.21364372679668941,0.14483232236199461,1.4751108268685165
0.17747730774160544,0.13542599024584445,1.3105114270859197
0.15986208848078956,0.13259619689636526,1.2056310227791436
0.18655792531146212,0.1443463035273315,1.2924329944904893
0.18655243729395043,0.13985440838349267,1.3339045901392526
0.25703356257906734,0.14704486654323518,1.7479941233004044
0.25642470313583127,0.14011754464873002,1.8300684884157754
0.2269528212531014,0.13814066471596415,1.6429110263784168
0.1466775108910699,0.14007962292773168,1.047100983179703
0.2532188542633354,0.1581496696283232,1.6011342600869156
0.20799432963323353,0.13692974348011475,1.5189857539128373
0.22785195801968056,0.13432895997382097,1.6962236442840475
0.1904888329344489,0.1391606606731286,1.368841107918307
0.20802407027188297,0.13834361402205578,1.503676709202625
0.236280064214739,0.13830432445978902,1.708406914517237
0.20538991440229243,0.13579325473658516,1.5125192690956002
0.21809217372905743,0.13575179891122074,1.6065508927191883
0.18078353704068614,0.1320146234662913,1.3694205406482678
0.22667453105489743,0.14380401953699576,1.576273958020916
0.19169468085974284,0.1324258420138397,1.4475624843654686
0.23502088624896217,0.14891155887695037,1.5782581823830495
0.21493129914959624,0.1399983208987385,1.5352419784024205
0.20986754083734183,0.1312704059118776,1.598742225100049
0.2225003751527269,0.13429526179606563,1.6567998913513817
0.26069423553349574,0.14720494886454583,1.770961082112666
0.22466504588777614,0.1346540931683065,1.668460576292793
0.1779949218262078,0.1433848651724162,1.2413787299808388
0.22022791398044206,0.14002397264031202,1.5727872151303313
0.1653665774762786,0.13879572027389842,1.1914385915498362
0.1890394896548179,0.13581215802775728,1.391918753077924
0.1765073357377501,0.13239630726262064,1.3331741601193683
0.18392435100537904,0.13528641703543995,1.35951823572353
0.19830992560676416,0.145436969090296,1.3635455059823303
0.1915329322020145,0.1395564023638217,1.3724410271245793
0.24903164360639407,0.13911570762173445,1.790104423603472
0.21122773254189783,0.13644657511248176,1.5480618137008504
0.20621704713398314,0.141806475241072,1.4542146032712027
0.22327370459420373,0.13689588612677234,1.6309745377406102
0.19144111616357515,0.1383154978087759,1.3840901359314526
0.19284734615994087,0.1438412708278138,1.3406955114487977
0.2591366156027988,0.1420573418824605,1.8241691148720125
0.1664252037295997,0.13035682181771496,1.2766896385547135
0.1903951341887663,0.13257306416996043,1.4361524747189762
0.23488344409086762,0.15053572935847626,1.5603169100907004
0.14514300489568735,0.14022594986246653,1.0350652289254838
0.24911097708083416,0.13160238576072936,1.8929062390536828
0.2051005067756442,0.12371013232589387,1.6579119504564175
0.17880112267195078,0.14102469167303935,1.2678710412393221
0.19208380905757758,0.13952347613618385,1.3767131838809081
0.24234283444657165,0.14300623131893464,1.6946312913183135
0.18505687069966964,0.13709499234297323,1.349844130241528
0.23798388826607336,0.14476340597825402,1.6439506010367197
0.16731922318632764,0.13606012410614318,1.229744749136041
0.2370519306899384,0.14825604464211295,1.5989360249167373
0.2466663441255207,0.15122055070469206,1.6311694606060387
0.16312703704091666,0.13621884302695883,1.1975365038787804
0.20974885600364465,0.14314404237565528,1.4652992365074982
0.21235975909006286,0.1348082640870633,1.5752725586089766
0.21130355466243492,0.14183470563164138,1.4897873811732012
0.21821899624967975,0.13675346001323235,1.5957109694231117
0.2307930451739836,0.1353478953557194,1.7051838491275881
0.19731788927301885,0.13459306094718995,1.4660331512219649
0.19912887568491297,0.13207068991922546,1.5077446464972686
0.23297493626055085,0.13184291993492603,1.7670644458992621
0.24137248802045838,0.13656194149586248,1.7674945550460808
0.21854465418835975,0.14264813453951855,1.5320540636149378
0.2255553086352093,0.16475884366006746,1.3690027413677284
0.23024055482114403,0.13260761406040728,1.7362544108233606
0.1535440726434211,0.12640077198649738,1.2147399911435925
0.1757734443592284,0.1354307130104876,1.2978846559392825
0.18147173460975066,0.1452108805503317,1.249711687733004
0.23151936982294125,0.13320110071972058,1.7381190438515988
0.21457344783141596,0.13309857160457392,1.6121393734329315
0.23675473787043347,0.1358986172800715,1.742142360304587
0.15085252545183403,0.1385329449244325,1.0889288864401292
0.21113752163531485,0.1358623887733541,1.5540542422490073
0.2005309063170071,0.13871955292377774,1.4455850101188896
0.19256894593674925,0.14189102072913595,1.3571609038203718
0.2430542641528952,0.13620985782242293,1.7844102331401412
0.23687853429419048,0.1361823183494078,1.7394221009398798
0.2667470193835225,0.14162050918176233,1.8835338251832368
0.1505646441286086,0.14535713145976858,1.0358256427912609
0.24350077452213775,0.13295149282300794,1.831500868112093
0.22320925249321916,0.13775836852406523,1.6202954120658475
0.20429509396257856,0.12982354912524602,1.5736366424976322
0.23817862858051023,0.1370486274505018,1.7379132721816846
0.18042981152458334,0.13092674706480323,1.3780974137796167
0.2352535628160937,0.1422915983950847,1.653320121985644
0.2136457917688547,0.13207100279371992,1.6176585870446176
0.19499504194690578,0.13878587075110022,1.4050064382750573
0.19927371900637364,0.12816716774558962,1.554795370074259
0.18938873288425778,0.14529018081779543,1.3035205257385232
0.20415164040301936,0.13178291104819784,1.5491510908296269
0.20056271642403775,0.13650243611192742,1.4692977073287032
0.17447597867650463,0.13040552002900385,1.3379493340289503
0.2253002047073228,0.13897491265019404,1.6211573758957007
0.18140646334348753,0.13092558413411565,1.3855692494574705
0.20792272007012647,0.13897343794181022,1.496132808898245
0.2098222990977805,0.1471293374783385,1.4261078225046186
0.20686790405981442,0.13796621287943361,1.4994098898734929
0.1891936859240714,0.13834465963636836,1.367553228446671
0.18569260025133963,0.14162753499134578,1.311133461884276
0.21408593353175293,0.13889540707810813,1.541346384559435
0.20883796721493014,0.14655745982482468,1.4249562421765996
0.21636467236647325,0.13906739587697908,1.555826015163701
0.19938019742342394,0.138214322536587,1.4425436797307718
0.17927306634196627,0.1378256241389405,1.3007237765979065
0.19475056582633438,0.14689368167145284,1.3257926658950505
0.23368765543155715,0.1374250449260397,1.70047356038577
0.21763535966489136,0.15106055817076006,1.4407159770909532
0.17527032786913463,0.13679459478271747,1.2812664721696896
0.19017734092622857,0.1371639862198654,1.386496165410256
0.24485191639454762,0.13754423234553922,1.7801685481033445
0.20927742898120827,0.1341165971316158,1.5604140983075578
0.18202254855780547,0.13829108575373297,1.316227633659258
0.19258927497320538,0.12634533275294482,1.5243085817011832
0.19894905317842856,0.1401588070240287,1.4194545273513988
0.21418406267646414,0.1423412811606157,1.5047220379784425
0.1917703050465778,0.138707504820557,1.3825517609495395
0.20545802997983909,0.13264550034738318,1.5489257414821336
0.18096004140207278,0.1384368408531315,1.3071667938020517
0.2117903975706318,0.1516079054173506,1.3969614380438085
0.2140727522114151,0.1433758902222831,1.493087518965197
0.19972909296969193,0.13490587425042358,1.480507013348715
0.21320664192339683,0.12870717960407416,1.6565248541632085
0.2548845821246538,0.1433357350893771,1.7782347295719405
0.21634899852449463,0.13749662230174772,1.5734859148008657
0.1797277828755112,0.14203507803515186,1.265376027962831
0.24962305286515585,0.13756044814736218,1.8146426260384536
0.22544412758965812,0.14257268964284334,1.5812574494765776
0.1746713791169988,0.13081539368907777,1.3352509532032446
0.18824739168322618,0.1341086180736252,1.4036934716595093
0.20814630217786645,0.1337494898889401,1.556239970340839
0.20196929379090298,0.13676643007026643,1.4767461115065832
0.18278161022361847,0.14244590764179904,1.2831650501553855
0.20929814664732724,0.1325956428497424,1.578469263009677
0.20815120576969523,0.14506581987408781,1.434874224337362
0.17342437495437332,0.14193747710232707,1.2218363922964925
0.20284146336352782,0.13812606407034145,1.4685241683295174
0.2170914977132967,0.12905630350866223,1.6821456357513414
0.23427940122118654,0.12829284647275654,1.8261298869141283
0.20677408034285888,0.13090317486195632,1.5795956099682995
0.16815309279646096,0.13415945834379125,1.2533823173731
0.19237700293530008,0.13935989699820894,1.3804330160905078
0.2288279471743308,0.13057262849881854,1.7524955253267442
0.22939698421311075,0.1538106186818809,1.4914248845690004
0.17610364527813252,0.13627806188882388,1.2922376708130652
0.24557487490057492,0.15245040664016846,1.610850901042264
0.21363649197495863,0.13208444476637776,1.6174235531884527
0.2435437390675026,0.15291034586802568,1.5927224393155257
0.201410629164694,0.13362609841691478,1.5072701482033157
0.26454136921943605,0.1382571100815101,1.9134015535510218
0.18564675298691843,0.14537060701357682,1.2770583875293309
0.19942481952014704,0.12960633074250794,1.5386965928103404
0.1814901532431737,0.14123441829137579,1.2850277959069984
0.19863652816022512,0.14578289763796248,1.3625502811277592
0.16961625866652538,0.14190723988936446,1.1952614877067849
0.21669811612809875,0.13104487638164025,1.65361761643402
0.21016779648831593,0.13391518971754682,1.5694096908020718
0.1822610946615182,0.1389068648941975,1.3121100587817796
0.2169278673278758,0.13519325024266013,1.6045761673641927
0.22393262807515865,0.14294451509348083,1.5665702732890057
0.23877900310780426,0.1298916879428712,1.838293172484014
0.22012866124088157,0.13858915508774935,1.588354161633387
0.2239459976392982,0.1387471060468042,1.6140588731541072
0.20585757957202536,0.1349056388920452,1.5259375461448104
0.16800394324237442,0.13016427096099206,1.2907070581044642
0.20661498265766917,0.13444912534902392,1.5367521515763372
0.21394034590778047,0.1335489773308332,1.6019616936324292
0.23099283386244304,0.13323635893950514,1.7337071929991978
0.2036702021483147,0.1408952470153278,1.4455434548914037
0.19366058438699865,0.13825277665215527,1.4007717535702717
0.2294934703618564,0.14210417632069614,1.6149664021410808
0.2838568826782222,0.13476808879533328,2.1062618399916904
0.20801783233076093,0.12817824724263885,1.622879363742487
0.2534343213566242,0.12924399843884765,1.9608981803246959
0.19291746235039361,0.13160404453667923,1.4658931116408491
0.17714024572356052,0.14689388134586556,1.2059062235987834
0.1918654848070332,0.12960798663856968,1.480352328457022
0.1719506786777835,0.12841635160081222,1.3390092191086351
0.22747259957696359,0.13059587639553297,1.7418053759065266
0.20255336414663203,0.13595527957090314,1.48985287504776
0.18448310565997983,0.13289108107054326,1.3882278944066209
0.186657533069987,0.13531840520780622,1.3793950112206845
0.18533154348440944,0.12981480495147615,1.4276610711211641
0.2489800363956263,0.16384483346131737,1.51960871231505
0.20727126433511792,0.13331307290656214,1.5547707349030382
0.21248918490099278,0.13030708599340812,1.6306801988630306
0.18073461821917558,0.13168374259508384,1.3724899874308627
0.21087190483108362,0.13876018372038534,1.5196859731463752
0.18823703775291434,0.14583926730532695,1.2907157395327833
0.15474089340953195,0.13080633303594663,1.1829770762475844
0.2065101727709156,0.13497949226656103,1.5299373949569606
0.2191596738396129,0.13668917488591864,1.6033433080748676
0.22126369544008467,0.13348881786426803,1.6575447964867476
0.19956916856058432,0.14373916118303273,1.3884119464594584
0.20119093273687164,0.1337068026157461,1.5047172529812496
0.22048640683238557,0.13858288971625182,1.5910074272793058
0.23329037468895364,0.1459463389110176,1.5984667818984417
0.21279408260529506,0.133413287967874,1.5949991627260998
0.23451078149505408,0.1347481419446882,1.7403637490698516
0.23881917965876603,0.14130280278697807,1.6901234437564512
0.18754811212332262,0.14294696985986244,1.3120118062466435
0.206039469584047,0.13808687328251484,1.492100332828208
0.18510169388281844,0.12702954599594443,1.4571546519478864
0.21328885777414686,0.1306388219452422,1.632660602707729
0.18935772518595415,0.13307632351066268,1.4229257330721339
0.18665920893096494,0.1328646057284653,1.4048828723613525
0.21435490107028715,0.15435320193018195,1.3887298636489935
0.21122117465609766,0.1355778375052686,1.557932908082337
0.21028665125771578,0.1354612166449803,1.552375332703822
0.189512768687511,0.14837635080120934,1.277243763336754
0.20175606766315626,0.1442440065935387,1.3987136965189775
0.22211856114253237,0.1565168050289943,1.4191355433136112
0.2177239861147042,0.14028581494398482,1.5520028607428336
0.21711940027078755,0.13066977948540578,1.6615884799517637
0.21418052033363413,0.13109943155682302,1.6337257743242075
0.19038802150033954,0.13727421435551285,1.3869175824038775
0.26858327758165984,0.1488549129816593,1.804329277427024
0.17030701969359616,0.13250530511411382,1.2852845366978132
0.22190135438646844,0.12691982951340183,1.7483584341171623
0.21255135781514065,0.1405405023091453,1.5123850727927093
0.1947042803177442,0.14336019349050586,1.3581474437019272
0.20757611825912206,0.13452757608529525,1.5430005081449727
0.2193139256912192,0.13698281897620498,1.6010323581478916
0.21906315316035344,0.13899564212861892,1.5760433190966119
0.1808427398391741,0.14290646640966728,1.2654622592147482
0.23931905315605337,0.14638030836231855,1.6349128911772348
0.20771063140592952,0.13126575676271013,1.5823672260649762
0.1977793466418111,0.12624703658391767,1.566605854628082
0.2458103051802267,0.1453279790411287,1.6914176251681095
0.20001957253096814,0.13785554796886487,1.450935965059188
0.18856494970078036,0.13379330877742468,1.4093750384368808
0.19111551100459784,0.13276635564607833,1.4394875122886077
0.15214316189308508,0.13671631759596284,1.1128383543997515
0.24291283775885758,0.14128812178033162,1.7192728921439515
0.18255322383220074,0.13971853522344,1.3065784259780484
0.18502440740764903,0.1365103858795969,1.3553870367844525
0.12515017680053547,0.13378897584274482,0.935429664605824
0.22906142491363096,0.13355259257487892,1.7151402342504367
0.2156395068469409,0.14039257875323305,1.5359751118039422
0.2151354849007552,0.14348340539190788,1.49937537594078
0.20084839508171357,0.1385826155475747,1.4493044043663856
0.2226295999723994,0.14421078672994814,1.5437791098754619
0.2333501960736601,0.12961269513658313,1.8003652792479976
0.25267776318092633,0.1363624967600685,1.852985748900711
0.2462118539481118,0.13683288169166952,1.7993617535798878
0.1337842885156221,0.14107199036842452,0.9483405470230496
0.1871029790109281,0.12730440700927845,1.4697290015835138
0.20439351125429436,0.14160399147720934,1.4434163127893946
0.21022264825603346,0.13798575321823484,1.5235098070128337
0.23081263248601397,0.129459681134263,1.7828920206178904
0.1890782835961856,0.13817350078119495,1.3684120509879898
0.21978571881276462,0.13684652840991496,1.6060744935699842
0.1766505636258531,0.13971575739742695,1.2643567691750306
0.18309910644707394,0.1348445399910862,1.357853321010829
0.2610278048614108,0.14152203749454292,1.8444322134033437
0.18591616524836574,0.13446088746784451,1.3826784037315418
0.18886657839661403,0.13936453354560108,1.3551982960917064
0.21693758569996657,0.12693992446869612,1.7089783738879112
0.2067921636139369,0.13396902763584503,1.54358188055257
0.2098676954830874,0.13536229356277676,1.5504147422395542
0.17239942099356054,0.12414829968882446,1.3886571255963769
0.27936679369545103,0.13627134913515973,2.0500772573871204
0.19724838540296696,0.12774747537909156,1.544049186237387
0.1780666888061073,0.13923537430456503,1.278889719623996
0.21470697798895522,0.13056641250003223,1.6444273368459306
0.198079561070254,0.1392436746257563,1.4225390245024077
0.19820749235531893,0.13392142151406616,1.4800282890851828
0.19402441221873984,0.12476115157509911,1.5551668910489993
0.21570196478136988,0.14060157815673058,1.534136156999062
0.2148827934167282,0.1475513144921945,1.4563258494596167
0.15235361986141785,0.1363233000288213,1.1175904620061827
0.20669048682535654,0.14032844031906594,1.4729051812690475
0.20210865247833357,0.14256231384622003,1.4176863928874313
0.22481755785409102,0.13283180550560428,1.6924979450392683
0.22117907880700516,0.138169677781679,1.60077871178428
0.21349900696347648,0.12221713586670699,1.7468827546108079
0.2385530365463406,0.14422781343154645,1.6540016164050277
0.17620270524101092,0.13333945697767785,1.3214595981931194
0.20000227079760818,0.12664477114388356,1.5792382819372919
0.22578788431058844,0.14280280530491735,1.5811165882104246
0.21547372126789044,0.12858859509088527,1.6756829881809934
0.2270639021919461,0.15085279333022458,1.5052018406771657
0.18568272777136566,0.14445529540332075,1.2853992458562178
0.18128605191443253,0.13605552498102624,1.3324416773204466
0.18481571419703016,0.12808095327821528,1.4429601706319017
0.21383428219005474,0.14464719948952479,1.4783160886951041
0.1844588944838761,0.12916973167648385,1.4280349745238186
0.18735446138844192,0.14135982877482448,1.3253727244313758
0.17445679076896814,0.1377434080479071,1.266534589504945
0.23524810663785817,0.1502627656388236,1.5655781765877255
0.21779825036676576,0.13586599276925995,1.6030372717082386
0.21453879122442607,0.14621289376936206,1.4673041870222614
0.3037817140547505,0.14851038061730584,2.0455251194700055
0.18061801735760985,0.13869867828178953,1.3022331545990236
0.1677983300735981,0.1349661995031443,1.2432618736492531
0.2362303121990479,0.1458774246627895,1.6193753950970706
0.20378864166991933,0.1407781133731854,1.4475875318040439
0.22333856276989733,0.13476217591144868,1.6572792867091402
0.2052653438747886,0.14843422612546345,1.382870711376828
0.19936127216769076,0.1418982636982269,1.4049592078989046
0.22839292579470802,0.12981298494661297,1.7593996924778914
0.19291128161172397,0.1386599010229227,1.391255007313417
0.22223179287438824,0.14052789998529236,1.581406915620649
0.17943103437459174,0.1438824436070275,1.247066910155173
0.21824944912267788,0.14351101815588166,1.5207853161881644
0.23101620741710238,0.13822168300191126,1.6713456412906504
0.20495575375574748,0.13560435094210402,1.51142461382565
0.22039695375595375,0.1498532863073551,1.4707515543163383
0.2005231715958967,0.1286902822522993,1.5581842551465377
0.19120838140603888,0.13849791725291644,1.3805866918335372
0.2209495994963961,0.1360398929285738,1.6241529946837225
0.20932841459934287,0.14502053876731263,1.4434397801763312
0.18787984013249331,0.14119009910391597,1.330687075969921
0.22579345177509105,0.14035766485469484,1.608700543777524
0.17441940700982395,0.12516258444082926,1.39354270918144
0.19977795000421755,0.13439316640358553,1.4865186627442062
0.14800448935267294,0.13631049416826735,1.0857893976231208
0.15735424134953868,0.13247943051158595,1.1877635701021323
0.21221483494959778,0.13998464204318622,1.515986552897196
0.19715475456436882,0.1281422375018326,1.538561823236068
0.19119151538918885,0.12839149040219758,1.4891291844207486
0.1848790624109406,0.14607967141128442,1.2656043145826723
0.2232245069603891,0.1339272156960855,1.6667598575851943
0.168342172882819,0.13558610811701316,1.241588649609566
0.23078485454027237,0.1429918131563344,1.6139725026631624
0.27658080985480676,0.12432796224088587,2.2246066361075756
0.235744365147699,0.14526776742411004,1.6228263800560936
0.16454946626072167,0.14403900592518654,1.1423951811094017
0.20374246165990836,0.14093389695715794,1.4456597458725164
0.2082783618867105,0.13738128578327455,1.5160606533795253
0.20998631683454028,0.135184761059273,1.5533283129632478
0.15422494015917754,0.1452288412166977,1.0619443002306728
0.20342446719013446,0.13415790222570523,1.5163062616162275
0.20061456586358684,0.13258064946645973,1.513151177573152
0.1872354928072886,0.13286358423844105,1.409231083750308
0.22120552102216037,0.14559078829387895,1.5193648143153882
0.21191572906959455,0.13379723859689532,1.5838572700895182
0.22039647149652017,0.13007185832159943,1.6944208712048643
0.2252273592836062,0.13469520221792117,1.6721260711217802
0.23473869872669306,0.137734273834283,1.7042867558812729
0.18533241856614283,0.14058863790058365,1.3182602899759186
0.1845343163001812,0.13395827415252318,1.377550714710409
0.2219589930400632,0.13312338761729944,1.6673177945121607
0.20512042154527885,0.13636945281259955,1.5041522666161729
0.212049981142844,0.13826585767687696,1.5336395022290916
0.19928590980331343,0.1292120751100089,1.5423164563655904
0.1633114335786475,0.13918471587373707,1.1733431544796717
0.20719123000965164,0.1369954304959709,1.5123951890916918
0.15481119664946555,0.1344875717454721,1.1511189817781635
0.1792086010795358,0.12803189076463548,1.399718460840197
0.17391681422147492,0.12444957603408666,1.3974882017584314
0.1864768235718635,0.12990939198891419,1.435437582432658
0.17635135491127393,0.14295993751533534,1.2335718522005978
0.25126129981128226,0.14086612826139633,1.7836885482153142
0.21477484093283905,0.14023593278315183,1.5315250283602238
0.21764649680103035,0.14515504605830185,1.4994070320752897
0.23050027991518962,0.13820314412405305,1.6678367295919794
0.18311161506956208,0.14000672477876758,1.3078772848869005
0.15108711154282245,0.1339282697882764,1.1281196403244214
0.17131225044320342,0.1407567685752676,1.2170800180852173
0.19242610268202276,0.13341814834384125,1.4422783187344796
0.22599083031294517,0.1389760653832664,1.626113314474047
0.15772055687190153,0.12798172260478527,1.2323678230129114
0.21803720350149136,0.1344685934213722,1.6214730737775152
0.1877346015209776,0.14017570472975888,1.3392805970400241
0.23129063359713223,0.13907928440394568,1.6630128245797222
0.20540143363058616,0.14265762459668033,1.4398209293845616
0.18108150591594052,0.12767394353490347,1.4183121544016264
0.19011779572560916,0.13399911071939635,1.418798936089429
0.21522058699815394,0.14024899334326504,1.5345606543598707
0.2396100536349753,0.1376991774148753,1.740097930382341
0.24248819387801065,0.1498839828897708,1.6178392727683502
0.2585235101559516,0.16109387058343627,1.60480041369453
0.19115570749992064,0.13265113192885034,1.4410409072306312
0.18291306408801605,0.1361179433946055,1.3437836300373098
0.21821483678924528,0.13173003712190176,1.6565305951239602
0.1896261126225383,0.14366755863057726,1.3198951414643134
0.24702117180404062,0.14770503130444587,1.6723951081590906
0.18318045806740466,0.13682417859626073,1.338801810811023
0.2325276465464806,0.1339859727237508,1.7354626146268368
0.19731551506946268,0.13911078009001843,1.418405640035805
0.19446698128320022,0.13690257609363782,1.4204771512129168
0.20364008988963014,0.14847109255166058,1.3715807325845164
0.1986253415419607,0.13186673411838945,1.5062581390969738
0.15767179127596476,0.15597586140360842,1.010873027769136
0.19574569990669968,0.14126168724871965,1.3856956101766642
0.19021328293339976,0.14030704003410094,1.355693077746985
0.22053944283926485,0.14297181339019463,1.542537914360608
0.14787110470918016,0.13672608545150478,1.0815134816510812
0.14594166782774987,0.14337765493172142,1.0178829322968734
0.21250741524621836,0.1294236502616264,1.6419519524958568
0.17659559919852652,0.14473450320742623,1.220134765968268
0.17536884689007945,0.1497309966673462,1.171226070709275
0.22068459768331045,0.13369908321395763,1.6506066636982886
0.22632396656527384,0.13174032596008595,1.7179551129533746
0.22155127984405504,0.1330612937896461,1.6650317574267763
0.21115636774101376,0.14870244825716147,1.419992543605243
0.14391067463376533,0.14388790772820825,1.0001582266773945
0.18951770329727813,0.1307137708183719,1.449867922184074
0.17517983061095482,0.14847030944954018,1.1798980635282657
0.21491250954515692,0.1348064962773334,1.5942296215682648
0.19902122496803543,0.14456431636538608,1.376696753194679
0.213005110615108,0.14938443596968,1.4258855631944203
0.24181391875352895,0.13242849040830496,1.8259961886446463
0.20125978181136447,0.13345118275544277,1.5081153846360809
0.19218775312972522,0.14894210715320072,1.290352048880592
0.20202028976724867,0.14244626915291614,1.4182209963700754
0.20033839489523167,0.1350254851328488,1.483708017772518
0.21337654057850045,0.1312575442396846,1.6256325822221795
0.23008286358736066,0.148680914382082,1.5474942735157717
0.20272767824374235,0.12832981198348525,1.5797395407220838
0.21009060982582428,0.13706399445361322,1.5327921141020413
0.18310198440380365,0.12938500083823765,1.4151716444530162
0.21140418610370995,0.13164618077324874,1.605851266341245
0.19247902124463206,0.13533449802825012,1.422246537645216
0.22025372772307333,0.14243135350424319,1.5463851343413073
0.22044172366823886,0.1332808181212215,1.6539643646825668
0.18416355980140478,0.13659775100073612,1.3482180962145733
0.18824207173739962,0.14428480567811336,1.3046562377285313
0.19514450824255603,0.1416008360903005,1.3781310452016688
0.16977036548382296,0.13492992745516208,1.2582113448496335
0.23969122805561596,0.13266181623749798,1.806783857281951
0.17790291927947274,0.1388238648482347,1.2815009830907684
0.2199698768039674,0.1269706571088457,1.7324465495630068
0.21642466332343402,0.12450838448073077,1.7382336476860194
0.1818486469726754,0.12874122213600123,1.4125129772387268
0.21711156802023165,0.14217472388330396,1.5270757142347984
0.247469305289177,0.14674582391639598,1.6863805639209548
0.1930919219038766,0.14569109602490474,1.3253515634947868
0.22809917663927107,0.1483764412343926,1.5373004955614162
0.2106410156645147,0.13268299953327797,1.5875509025682242
0.2175129047606411,0.1376212408504478,1.5805184099234442
0.19150757550003678,0.14660936417659848,1.3062438172049917
0.1879685718876848,0.12862129768473302,1.4614109425984754
0.21099648657521358,0.12892476832847788,1.636586121587058
0.18269826368350633,0.13941486068233072,1.3104647724735796
0.20764282635934073,0.1406070721219511,1.476759477498033
0.21426020550264063,0.14216782884071355,1.5070934630555566
0.1979107827362587,0.13888801143513405,1.4249666381658184
0.181437163572133,0.13083982717616988,1.3867120393535532
0.22134062455151812,0.13562564772817115,1.631996810773888
0.1754034226344315,0.12718336855410603,1.3791380479108148
0.1660807179959908,0.1428154914072954,1.1629040824594112
0.19951669979757775,0.14494957995488375,1.3764558673414458
0.26446513592804455,0.14125090062009896,1.87230760842606
0.2063826724532528,0.13144828764997366,1.5700674093436482
0.182901815682958,0.14318354006740364,1.2773941445843355
0.21320765161623273,0.13242747835026203,1.60999555584916
0.14236371616060053,0.13887497380809516,1.0251214618216693
0.20433541967559923,0.1483298992936343,1.3775740470981932
0.20535062824786557,0.13104376862103964,1.5670384819419458
0.17244282422038143,0.12564483457423642,1.3724625035698919
0.22312192230575204,0.1396394430706446,1.5978431122277754
0.22609969702751603,0.13993241177133564,1.6157778899500914
0.2337161389031195,0.13572208529820448,1.7220199526820226
0.17742820482909832,0.12656602891210014,1.401862777509768
0.18001157962491462,0.1383251060183863,1.3013659255824992
0.21992465416024323,0.1265563526961548,1.7377606850621987
0.23691258202172688,0.1415259473992271,1.673986900461623
0.20759740116133896,0.13935323085591614,1.489720761307527
0.1904218712539294,0.1391857287063482,1.36811347703383
0.18983076434992163,0.138517722817724,1.37044387164609
0.19902185215666524,0.1284396486263985,1.5495359438079295
0.17865835369055838,0.13921698971842972,1.2833085534452364
0.16153305844722823,0.13569115752549826,1.1904464623413202
0.21974622117036458,0.13974131077486898,1.5725215396353907
0.23286641091275959,0.1287719133001955,1.8083633685701093
0.17935778092182744,0.1458545058985292,1.229703393919187
0.18906999971481658,0.14580954672049687,1.2966914990638159
0.1992295063236541,0.13140360236374676,1.5161647225785644
0.18785555051638186,0.13434239484956426,1.3983340904912502
0.23151173905848285,0.13263415109184354,1.7454911661339074
0.19625257541264765,0.14822734037847654,1.3239971445992742
0.18851815027368715,0.13517442856625134,1.3946287938719943
0.1795982741191262,0.13179081130208226,1.3627526255033275
0.2032212061359899,0.13018595505218225,1.561007145928553
0.24377197387693586,0.14386075156810296,1.6944995158150236
0.19897392516702925,0.13442558219228917,1.4801790099923604
0.20437963365148218,0.1364979121957989,1.4973095951702953
0.18231974150428581,0.14515380080104573,1.2560452464774339
0.19212159985326224,0.13007990766926525,1.4769506167066258
0.23036322666590103,0.13843738114856183,1.6640247363440839
0.18808232594295285,0.13381934154288888,1.4054943311963075
0.21190030932687853,0.13372550652877996,1.5845915624277263
0.2523215503353231,0.13340197207497625,1.8914379331177367
0.2201410063146743,0.13747006630072758,1.6013741190252786
0.2229754301209858,0.13853418470432471,1.6095336367473856
0.1749167661111529,0.14931235042181282,1.1714822358432284
0.20637271684104957,0.14306239915133098,1.4425363901716
0.21470629411864262,0.1299473508562024,1.6522560306460812
0.1979688881870975,0.1472096689820802,1.3448090030770752
0.2039888684075851,0.1437368408172464,1.4191829126601294
0.16490419209372417,0.1280416130277026,1.2878953036779233
0.21445731539507015,0.13743385231348046,1.560440253875025
0.2009799033269984,0.14926175443641446,1.3464929719328462
0.22038426249197562,0.14377540335915556,1.532837031529299
0.19171989835270406,0.13047948176105412,1.4693490176777293
0.19868509538305354,0.13020081558219695,1.5259896375812012
0.2588385897392488,0.1270756507431485,2.036885809559425
0.21838926092895264,0.13224305991625684,1.6514232283134407
0.17592269624091586,0.13163478583181634,1.336445341018628
0.2279727870033375,0.12610086921405703,1.8078605518281738
0.21739292340907856,0.13329535466121312,1.630911474459181
0.19343966740852472,0.1302435529644091,1.48521491471739
0.22485218905073626,0.13718816072571105,1.6390057849109694
0.20748906414019996,0.14325487260882996,1.4483909717107293
0.15865781330870954,0.14454460343564832,1.097639133787132
0.17905944042248734,0.1333518078398525,1.3427597519902164
0.16096561947966223,0.12566014029806497,1.280960049048592
0.24059289990438984,0.1550300152840641,1.5519117344054145
0.20547097689368807,0.12761234121332335,1.6101183862006905
0.2372642369783363,0.141747341703601,1.6738531680859643
0.18467358952435228,0.13344180901185643,1.3839260040902464
0.22463529608281338,0.13210220034682632,1.700465968720029
0.21694390417381287,0.13935095311781592,1.5568167947182612
0.18443040409627837,0.1401911602873897,1.3155637182701028
0.20158945565527867,0.13370035210124956,1.507770566696919
0.2216767958421978,0.14712614160978238,1.5067124945758692
0.2059759722916719,0.14373127558886384,1.4330629951469707
0.15275629391161136,0.14017889744686376,1.0897238934948477
0.2245435232048594,0.1403059798073965,1.6003845560474261
0.21004438090587418,0.1460946572214867,1.4377280107337296
0.2279983513586583,0.1329457991153108,1.7149722133070449
0.19266857057635833,0.13523911943540498,1.4246511762329517
0.2407756859471893,0.1475156914144318,1.632203893962386
0.22500170899682143,0.13761395042713945,1.6350210737969473
0.1628855025064,0.14125936964440594,1.1530952100128564
0.21886018446378996,0.13167023439579506,1.662184209423564
0.2282313000828574,0.14906539195581658,1.531081742638867
0.2224239087007472,0.1412063992016558,1.5751687597607051
0.2227099566430244,0.14471393430231366,1.5389669123207836
0.19061983180106967,0.13344138758653445,1.4284910794820382
0.1755966957182121,0.1309671548021321,1.3407689583201774
0.19567390258621783,0.13578294617198033,1.44107863397205
0.20005565354333224,0.14118652615061877,1.4169599536000443
0.2143521989527423,0.14067626158580676,1.5237268643366402
0.1613933910661101,0.13803944111403066,1.1691831679670983
0.17958600861184107,0.13816221430247977,1.2998199943341369
0.19793396785898834,0.1401096352098525,1.412707752486316
0.26770890684277293,0.1318312485882358,2.0306938583198884
0.18436914785576472,0.1337052939302252,1.3789218245313362
0.2193881403243078,0.13243748981396186,1.656541064259732
0.2661152119054491,0.1464264747852089,1.8173982013553907
0.24744443548887557,0.14602149201293596,1.6945754496670573
0.22361140334601276,0.13792795813609596,1.6212188331344066
0.1591249313540401,0.1418677792441537,1.1216425054500003
0.21913695661463592,0.13328925053586185,1.6440707388903542
0.2357033218028925,0.13320598250720592,1.7694649847287593
0.17758562634359412,0.1355751092167789,1.3098689528594971
0.19032639964856038,0.13409635469037284,1.4193256788226805
0.22733007854030454,0.14085810867835993,1.6138941568454364
0.18551827759114176,0.137683153339142,1.347429028838205
0.2229005995221912,0.1390459434201731,1.603071575044974
0.23138042733209654,0.1411845474895191,1.638850932672169
0.19012101417547575,0.14774008573319258,1.2868614041474156
0.18711148013449133,0.13594967470738858,1.3763290021636383
0.2173764462296567,0.1343851875991023,1.6175625462393504
0.19374019342733684,0.13741016428958058,1.409940774243202
0.24692618473576036,0.13338617080530218,1.8512127849909377
0.20137058115288894,0.13842934878163385,1.4546812718922928
0.19143129001984235,0.14160299136799706,1.3518873307015937
0.23820928880393738,0.1405847765426857,1.694417380473696
0.22864989832106192,0.1546172730356113,1.4788121264329859
0.21288493953545182,0.13946649329296756,1.5264235481153112
0.1843422579796459,0.13581816064405497,1.3572725260413467
0.2604532428679954,0.1332401229495679,1.9547658550763898
0.20237913901338347,0.14468984271148158,1.3987100629927223
0.17614283233862188,0.14192208892968036,1.2411234478510054
0.1918112658274922,0.13593148783199768,1.4110878125939312
0.21680771537248267,0.13476101236721916,1.6088311564600677
0.21957181226565278,0.14412388733565373,1.523493546592221
0.19884341665913594,0.1319549030332706,1.5069043445016994
0.1968865829390591,0.13182758618671364,1.4935158007080502
0.16962076880536503,0.12832440214795957,1.3218122661486493
0.21982485909349192,0.13575501062382045,1.6192762100150433
0.17162322560596133,0.14043294419244196,1.222100886603772
0.17474587546339818,0.14565350121585544,1.1997368686965406
0.23014520930076743,0.14328455799105047,1.606210833376352
0.19561649977054293,0.14304646468435758,1.3675032109474705
0.21898602358838398,0.14936507084482725,1.4661126751373132
0.20613488760154125,0.1489415202496822,1.38399881548128
0.21664137085678722,0.1415090634245008,1.5309363627607617
0.20404790707524845,0.13946220594368308,1.4631054033208541
0.21181460724089507,0.13226108190086647,1.6014885421824712
0.22121977582261598,0.12712383075512493,1.7401912332924063
0.16818018308402535,0.13434463687740178,1.251856322612273
0.25788061238732407,0.13121313729078357,1.9653566533953886
0.21693004804816313,0.1301716758637028,1.6664919354291892
0.22136656963523813,0.12803741880941275,1.7289209021368075
0.20648124237312815,0.14373152798294037,1.4365758527080823
0.15082133885906546,0.13684628247667954,1.1021222946612923
0.25479545523039215,0.13882819870816143,1.8353292602031956
0.1978305034983549,0.139736440830616,1.4157402487312427
0.22928838040193236,0.138667635464736,1.6535104217612604
0.19714257594999418,0.13728077896024093,1.4360537392280557
0.24554340293437427,0.13981478201470074,1.7562048833188235
0.17906380324059676,0.13243139703763246,1.3521250039347767
0.19260989892797342,0.13952237748586677,1.3804946733185095
0.1720223480757357,0.1372785425693714,1.2530898482463646
0.21920049065439692,0.12688967686676292,1.7274887608435041
0.19192726624624068,0.13628442337732846,1.408284684999215
0.20894206805549337,0.12782435210012752,1.634602989357025
0.1899551715995762,0.1369575168501011,1.3869641912935717
0.19681482403471245,0.1297889809554476,1.516421676061026
0.21002813454386945,0.13783711774534266,1.5237414854531521
0.24790442846691474,0.14667091568851306,1.6902085004595773
0.18561584922086824,0.13951817912071038,1.3304061907249694
0.19059190239604928,0.13328674195290696,1.4299389391886363
0.23110187455997028,0.1508323734697454,1.5321768745243916
0.20489790725510015,0.14680362223870652,1.3957278719044874
0.23636579246781148,0.14556178598811104,1.6238176171259466
0.17076693919641728,0.1362077372569148,1.2537242203379164
0.2046040278802867,0.13774742390036449,1.4853564740947967
0.156998634260949,0.13377026328404018,1.1736437561432247
0.21319145207793186,0.1294151183416831,1.6473458032550854
0.22419173037740991,0.14499502060195252,1.546202962327045
0.22935930802017915,0.1526505657881734,1.5025120073151328
0.2461930088014335,0.14371396324551572,1.7130764696875438
0.18492521647669005,0.1426712698178364,1.2961629675883852
0.19578097687720022,0.13750981399570994,1.4237600298354578
0.2142836687068106,0.13878675512974536,1.543977798936841
0.20776848338556417,0.13827454720194804,1.5025793798631732
0.1844328096703034,0.13704862770251647,1.3457472195244526
0.20681144053369604,0.1435561150237097,1.4406313551988996
0.1823289293694817,0.13734170600382084,1.327556899318036
0.17966009603381541,0.13372938101071835,1.3434601631739829
0.22872332575437612,0.14998566880333852,1.5249678691254067
0.21727094590380905,0.14168397185752654,1.5334899428305881
0.19790048820431982,0.1254976476388548,1.5769258781154134
0.1940368868999982,0.1310145648808183,1.4810329452798643
0.20472385774948043,0.1393299172372202,1.4693460084449907
0.22734985180825582,0.141422999694751,1.6075875373805555
0.17071745678996195,0.147050069948952,1.1609478108322289
0.18855352981636625,0.1245996564793691,1.5132748768660247
0.2679662014162611,0.15704201486543873,1.7063344586215836
0.2149508408437543,0.13040154181398078,1.6483765287866305
0.18177081691915004,0.1430726123195217,1.2704794717328867
0.21000272254350139,0.14548650869208812,1.4434515229721903
0.19565690047384057,0.13734440807752413,1.4245712891594533
0.22596622260928428,0.14156056743941758,1.5962511785352163
0.1892458112528695,0.137692839756688,1.3744056087976606
0.21134484301398945,0.13332087883651428,1.5852343973306136
0.1955290393992982,0.141146757634316,1.385288919678029
0.21999303026077252,0.14675715163365183,1.49902766449119
0.25166038301646115,0.14210577508630298,1.770937056313327
0.2024343020922089,0.12652346905669443,1.5999743257237065
0.13142531104677593,0.14351358824200283,0.9157691104842087
0.17220276421283795,0.13946154722222037,1.2347687777939762
0.22203693766895158,0.1381821228509187,1.6068427166117705
0.20255434532972635,0.13526129152212255,1.4975041495637187
0.2145063453179436,0.142231606207234,1.5081482311702508
0.1857631160294003,0.14576109954467503,1.2744354742773112
0.2248956884910906,0.13273911650693518,1.6942683845521944
0.22205643503464872,0.13064899570483096,1.6996413469287603
0.18287158570349055,0.1270479659214173,1.4393901104768707
0.17900540066643353,0.14273337991022864,1.254124303502222
0.1682166099411075,0.1412396261770415,1.1910015233986162
0.21259837397087863,0.13749415325293346,1.5462357412375483
0.2368658190023478,0.13456770711726498,1.7601980748318629
0.19615461802484943,0.13511023093739624,1.4518117293111452
0.2054361270360474,0.13672634027242392,1.5025351123033126
0.21143862441701441,0.14128421093751797,1.4965481493931532
0.22557425576129184,0.1432447166269689,1.5747474746221994
0.2061546169705505,0.15586562046768387,1.3226432894692979
0.22904355626217918,0.1441917764050717,1.5884647652771615
0.23468622470689177,0.12811379118982416,1.8318576206925368
0.2705443424900096,0.14809286668880464,1.8268560028520393
0.19167677218224005,0.13960695120507066,1.37297441515418
0.16532421182788357,0.13088195423098312,1.2631551293627237
0.20852207137995588,0.12580102541393776,1.6575546240090766
0.19775621586736408,0.13956582405551207,1.4169386897232583
0.20737532822280605,0.13026224264908126,1.5919834021395045
0.20550358443283398,0.14050267057928126,1.462631162707151
0.17914273066971195,0.12043297493592676,1.48748904330413
0.2107309678217269,0.1388045950794742,1.5181843778375665
0.21264992831410737,0.1285085648525196,1.6547529618601764
0.26687314114180755,0.15516522449754752,1.719928817852003
0.2352822624014114,0.15581772023426624,1.5099839867229037
0.2335563642227265,0.13861035429860843,1.6849849739188731
0.2073281378873031,0.14146222543834544,1.4656077779411472
0.23222696694591805,0.1429629298802311,1.624385895983448
0.19728365771649384,0.13412785169783975,1.4708627270116135
0.239095613270382,0.15371080348305563,1.555489971117995
0.19636302142835688,0.1293342003678803,1.5182606060100015
0.16817328830265374,0.15306212653454604,1.0987256750591212
0.18221954681059915,0.1342103052526798,1.3577165066984358
0.21914659326951788,0.13841607585469146,1.5832452402391246
0.18714575436929004,0.13762196637809482,1.3598538030995457
0.1764229790478131,0.13790308686925137,1.2793258153465643
0.2441407896313712,0.1384944058516002,1.7628205856413683
0.20142404338695138,0.14253465003318488,1.4131584378960196
0.1836894638331263,0.13067873205933656,1.4056569186003385
0.1951836198118027,0.131163185741141,1.4880975840050894
0.15088327032294868,0.14334185998022655,1.0526113610062158
0.2301121676517078,0.1476760031692399,1.5582231555115578
0.19184876365823225,0.12797720925063252,1.499085382323916
0.2026484404476559,0.14038754097765976,1.4434930552697969
0.17753050118142705,0.128184625584193,1.3849593925351302
0.22511822345392205,0.15150856602866833,1.485844855869901
0.21976929147813418,0.13262785123944446,1.6570372619651794
0.21803572112066175,0.14147264504405435,1.5411864325627458
0.1868306880739176,0.14709716847473298,1.270117501316891
0.2104802742496953,0.12843729732989004,1.6387784438431354
0.2320231930128779,0.1414397457112779,1.6404384202337916
0.193155452030496,0.13400378234408694,1.4414179111342016
0.2210187404906531,0.14420060793545927,1.5327171199553873
0.22349596281229828,0.1393639427456431,1.6036857052774893
0.2135755285283652,0.1322943520516305,1.6143964214361404
0.21548880237523307,0.12879501864799484,1.6731144157382203
0.23754092506705232,0.13247803914341752,1.793058884347588
0.20231729656946226,0.13567033300722642,1.4912419840429367
0.24349632580727545,0.1480998292374737,1.6441364386506907
0.18441924736736817,0.1426647224290845,1.292675892311352
0.20556953328596259,0.12825590964991634,1.602807495163999
0.18407411893767545,0.1316857821649231,1.3978283449548203
0.1881098331850964,0.12970656965125285,1.450272208191726
0.20655707041078372,0.12889747415151503,1.6024912184701323
0.16892194042543696,0.133436120370119,1.2659386375809563
0.22041716957826502,0.12208948731861662,1.8053738648524496
0.18876726204952055,0.14410152771250268,1.3099601721511973
0.1983685439130073,0.14350313929160832,1.3823289503786302
0.19434232135568838,0.14777545976916392,1.3151190438470994
0.22523616674031777,0.1397824928195223,1.6113331662436976
0.22171264524856402,0.14219806307601568,1.559181893568
0.17834226989288188,0.13586110508724908,1.3126808425292262
0.20229981874820785,0.13821833547871695,1.4636250541402176
0.21436398746562824,0.13710492492730902,1.5635031898327563
0.2009350405134362,0.1405106898545238,1.430033833877494
0.21804934247048507,0.1299688254809183,1.6777049547354612
0.18694929796224916,0.14345708234661347,1.3031723140064433
0.1741623071427762,0.1324802854945525,1.3146281085719551
0.25748581443255947,0.158829405875634,1.621146997390238
0.2164318214016913,0.13372361176209674,1.6185011648259844
0.18844975361107164,0.1315940630898526,1.4320536138655273
0.19499293713870683,0.1415825860861295,1.3772381373235123
0.18031714574451943,0.13797734284332638,1.3068605470194479
0.21420559929295072,0.1321907057731635,1.6204285924649127
0.17951726556037206,0.13817311256141984,1.2992199584457806
0.2603307538290472,0.13999335767317905,1.8595936132684334
0.2698184316769617,0.15402395744084335,1.7517952152384606
0.25593134398095635,0.1308032157235097,1.9566135478040618
0.24057017543229428,0.131824840196957,1.8249229437552354
0.2036110760209586,0.1347845002037394,1.5106416220943906
0.22263576685665992,0.13575952022412158,1.639927472409425
0.20321093768045945,0.14471913872196365,1.4041745927666902
0.23318417009788028,0.13522771080095047,1.7243815540227374
0.1939849680607487,0.13072545015711115,1.483911264620697
0.221123291546716,0.13437060912127907,1.64562245414201
0.21703189365751882,0.1400361551751215,1.5498275669316306
0.22291688392445128,0.13291221830939395,1.6771737524201413
0.19464397907370612,0.13240151798466618,1.4701038329201666
0.18502638394200993,0.1395387343825085,1.3259858258052497
0.20906460959010303,0.13683003026324198,1.5279146630888831
0.21883431025370875,0.1512253625499519,1.4470741320353897
0.1935361431639338,0.14138314820976192,1.3688770239915407
0.16088603984524105,0.13945539523369016,1.153673829367726
0.21938919357036438,0.13301590796805243,1.6493455325889061
0.27583086607779383,0.1491827204425843,1.84894648159974
0.19290892798470413,0.1291235889216498,1.4939867269469895
0.17227563024320608,0.12986835586414275,1.3265404732113975
0.17214656542254714,0.13856059745315957,1.2423919107359602
0.170877746412798,0.13843723534334015,1.2343337107895984
0.22503272061978982,0.13528384373088476,1.6634116418767584
0.208950584867569,0.13511129278350403,1.5465071835437292
0.16227825909142352,0.14131563596151447,1.1483390212787066
0.22204933796703455,0.1277046558066182,1.7387724555891018
0.20969324474464832,0.13406641126566018,1.5640997828242698
0.1854148019069183,0.1274857122220916,1.4543967216020963
0.20877223606284212,0.1296006176267599,1.6108892062851936
0.20643208620334025,0.1413903497026548,1.4600153874537323
0.20752410369032462,0.1434299648545422,1.4468671445383308
0.18172753018671636,0.13661357015082484,1.3302304447946465
0.17884760853132184,0.1394885768610639,1.282166701789933
0.17652801255942016,0.14230570727970912,1.2404844186076485
0.21826645110613102,0.15538039981252838,1.4047231914030132
0.21153409057138686,0.13712514913842686,1.5426352634836131
0.22656723120332492,0.15055697839345333,1.5048603765893374
0.1977490357716242,0.13052768779806775,1.5149968493853267
0.18005960033243804,0.1356196797879799,1.3276804709606524
0.20060002418361791,0.1296889565505133,1.5467779949751161
0.17378722243394867,0.1336739786348459,1.3000826653680984
0.19606962248561555,0.12751381182118274,1.537634391798836
0.18435289181905262,0.13747415160008497,1.3410003966079298
0.2632099207380297,0.13025375047850604,2.020747347167278
0.21740201811558285,0.14307719406501737,1.5194735928130563
0.24699901873265553,0.13558155095644292,1.8217745481611043
0.19163224282245728,0.13461401389649094,1.4235682992842742
0.2005584371141088,0.13805674673409152,1.4527246357644557
0.2293971416216639,0.13800467381018314,1.662241830571517
0.20291779628572293,0.13568120299404618,1.4955483280512125
0.17670693465274406,0.13927960062519795,1.2687208597636868
0.21901930671171632,0.13127014266574322,1.6684624718464063
0.2024887805582471,0.13607354959681967,1.4880833281575518
0.20064878493426672,0.12328380078364218,1.62753568318677
0.20583115113363515,0.1425698430946303,1.4437215238920853
0.198241829546109,0.1334731635971728,1.4852560934601848
0.1817222054248286,0.13435220944246584,1.3525806994833842
0.21093085100977388,0.156739246188656,1.3457436866570818
0.16503691191774364,0.13241569092497482,1.2463546484929162
0.25707975674025274,0.14349481848700987,1.7915612525306992
0.18544828193298513,0.1435208052181789,1.292135183126018
0.21511404382683666,0.13868155222193715,1.5511366896339738
0.18968465141845822,0.1410070208035292,1.3452142335717705
0.2012672530275884,0.13665419636991583,1.4728216064640152
0.19261400891286393,0.1339265676676503,1.4382061174811207
0.2181490553380732,0.14098978866961617,1.5472684752316757
0.22487476433311032,0.13887548039779127,1.6192546278794857
0.21043781978440834,0.13932782156184723,1.510379028577545
0.19823982037982285,0.13179385053385168,1.5041659347292864
0.18595782438117775,0.1390083197523241,1.3377460047895349
0.21693785663461587,0.12766274400089933,1.6993043532973695
0.19464678084366632,0.13588206582455462,1.4324685135048383
0.22368803374324497,0.13859948165398814,1.6139168132077097
0.24260868442262382,0.12295593692643379,1.9731351774235992
0.2495217753503043,0.13596636533267456,1.8351727998302299
0.2307456985693333,0.13757414174678045,1.6772461426220984
0.22948285531139334,0.1456568179697005,1.5755036977337395
0.16833076852039616,0.1331117694094992,1.2645821572888178
0.18427430330193506,0.13520512179083213,1.3629239843962049
0.21216753956418188,0.13602254025638058,1.5597969216299024
0.21114981420250967,0.14118200525806546,1.4955858844514258
0.19666919556463586,0.1396349249585796,1.408452760818789
0.19080570990685494,0.13618611624460175,1.4010658000126224
0.22379269353550027,0.1334591197767718,1.6768632515321802
0.18564631825923755,0.14093473251127495,1.3172502970081248
0.17393914243304612,0.13413073441818307,1.2967881163667625
0.1961323543862033,0.13991207811713138,1.4018257538995704
0.206452069599285,0.1451410681475761,1.422423523777359
0.23021503651667874,0.1286759508438221,1.789106938841258
0.18853984315394945,0.13211494822740508,1.4270894072442286
0.2061330750182134,0.1405147890202123,1.466984909243697
0.19866258938527287,0.1446469510444377,1.373430880850304
0.2402319040067875,0.14723752132310614,1.631594323566541
0.22378949329687792,0.13824486374144743,1.6187906533397176
0.20371668043236638,0.12860388742405246,1.5840631610197016
0.18400444332115712,0.13839342301160446,1.3295750572317886
0.2281586241281232,0.13646381077498715,1.6719350194926776
0.23771710413853975,0.13636681902435796,1.7432180778234514
0.21076919231593746,0.14066045777330322,1.498425326154033
0.21630451038021722,0.13636601194029419,1.5862054430023436
0.20301606086951476,0.1365372250098386,1.4868916579700946
0.21246130644420846,0.12849411476870637,1.6534711089814953
0.2361141113426973,0.14032183784478316,1.682661194930148
0.19613166664992596,0.13974156522152528,1.4035313425823468
0.1889820601576571,0.13294819280510678,1.4214714481654687
0.18522183543892287,0.13678716622053708,1.3540878180069635
0.18762093656222617,0.14090333444304995,1.331557818016425
0.2370149156835937,0.1441051421017407,1.6447360047447657
0.27533947186425317,0.14315557905758264,1.9233583048377116
0.18875675338913045,0.1313929087005657,1.436582500957434
0.1652802502547065,0.1506907753864431,1.0968173057099813
0.20977019348799078,0.13885490359124408,1.5107150562396017
0.20375184080547767,0.16099024964130107,1.2656160311537674
0.1712939848421735,0.14538683435769037,1.1781946116299955
0.2203378575415293,0.14433383843567654,1.5265848946414913
0.2154140945942784,0.13339935231535285,1.6148061505204663
0.21486393279710136,0.1466770900907542,1.4648772529108507
0.19518287636653717,0.1477736194597345,1.3208235480739565
0.1775319168998359,0.14613918741948534,1.21481390470743
0.1854503036822735,0.13515756287673727,1.3721045255262767
0.1887892478512369,0.14371607348757331,1.313626536474787
0.18203087722360295,0.13738682148136272,1.3249515147149427
0.18171503496398964,0.13716254025953686,1.324815322172885
0.23170896717912187,0.14358396565638878,1.6137523860681302
0.2454611989455449,0.12698949030113182,1.9329253024284103
0.19808501887138488,0.1365110793500914,1.4510545211014203
0.17943927041648958,0.13451538211532538,1.3339684101157232
0.2020295661783038,0.14471821952795086,1.3960202581077488
0.21296633540692061,0.12886981842304818,1.652569531120189
0.1997647196033659,0.1461352843743936,1.3669848487212404
0.2298412221271676,0.1493577529203307,1.5388636855682194
0.20999991541307567,0.13322883645272274,1.576234702669611
0.23265001321476808,0.14608307938082438,1.5925870004990252
0.2197302943350543,0.14598218859375114,1.5051856425206382
0.21784182702175364,0.13637948507300285,1.597321084656865
0.1822149820045507,0.12905529650342154,1.411914016250544
0.2374415475288258,0.14415742076265575,1.6470990273872566
0.19217331441058408,0.1298977366611678,1.4794200372548385
0.2266589346401567,0.1398876080798825,1.6202931607117312
0.16018751552115879,0.13688776671750272,1.1702105992549363
0.20905698554775404,0.13615580161792357,1.5354247344847165
0.17990890081632982,0.13665982569925278,1.3164724885004264
0.21575627076521434,0.13828203260765326,1.5602625062460447
0.22224766975075225,0.13523844398748341,1.6433764187003046
0.2031853956598509,0.16067261785437814,1.2645925508228366
0.2246681963546067,0.14977819004168738,1.5000060842775265
0.1916684938602089,0.1400406646168743,1.368663126418165
0.24772295192394686,0.13586873928512497,1.823252009456658
0.18509518136725808,0.1316312068373456,1.4061648891206853
0.20112986337249739,0.13310810163813724,1.511026458173685
0.1995761948708097,0.13404108128990777,1.4889181208495383
0.22438850581183378,0.14110323347319234,1.5902435421826424
0.18887539154744554,0.12945867161584024,1.4589628426585464
0.18194750426302567,0.1436941864199417,1.2662133994154077
0.22680692289989493,0.1390373737448457,1.6312658732760548
0.2566612212564627,0.15102080593006514,1.6995090158326767
0.20523093406450021,0.13354302875409896,1.5368150324222811
0.21718742734514418,0.13823366184533378,1.5711616435955362
0.22628458214982403,0.14040816036006779,1.6116198771462544
0.23418971533081656,0.13175450811323994,1.7774702261385693
0.19360194289128363,0.14661344362780476,1.3204924330320256
0.19897731302566643,0.14070472776877485,1.4141480260183796
0.2424909148928459,0.14848339391386842,1.6331180780627157
0.2014195384358683,0.13820291906510385,1.457418843237202
0.26324039125709253,0.13739519562925587,1.9159359252081458
0.1660571217808814,0.14352155380959114,1.1570187011853843
0.20782912772386122,0.14491887250388288,1.4341067117969246
0.17319232525826864,0.13287466253540325,1.3034262661786487
0.18907295856091172,0.12922675636456527,1.46310999269774
0.20643957641127467,0.1376035739611128,1.5002486524776975
0.1740675017883154,0.13110379861679486,1.3277075387960326
0.2598676141303124,0.1482695749614423,1.7526698528534348
0.1895491955717163,0.1299999600715496,1.45807118300184
0.22549658961356567,0.1381420732832388,1.6323527239324116
0.21417422743409414,0.14165873730371922,1.5119027001836125
0.21133506300912724,0.144019854216048,1.4674022839385599
0.18056078391269637,0.13442520691022977,1.3432062933946332
0.2309401757522184,0.1429054611937879,1.616034641524654
0.20502528367367326,0.14173140976202528,1.4465761966096424
0.1814804516835524,0.12869069235079222,1.4102065065347766
0.20395177250807442,0.13896586277881393,1.4676393786918434
0.19480942605001447,0.1421166078896097,1.370771713052245
0.20402121308975799,0.1464141637301982,1.3934527090269357
0.21887160952762405,0.1309042671054276,1.6719975167146337
0.20772891347015018,0.13472025896824935,1.5419278070056812
0.17048965093765478,0.14201895309524057,1.2004711147484746
0.19268250071764445,0.141856751288398,1.3582892528387074
0.2526011591751295,0.1444638892794576,1.7485418704634634
0.22860532833457495,0.14785618702713033,1.5461329886224366
0.18290353447679536,0.12839224926245446,1.424568348381459
0.19473368479911596,0.13775863592250362,1.4135860412313008
0.22017074504818396,0.1255877862067895,1.7531222716646717
0.16417845076666981,0.12670064827119318,1.2957980326608767
0.2086093053011122,0.1399090118560479,1.4910355132502109
0.21978796339162612,0.13833373685505326,1.5888240163852507
0.19942890062734614,0.13762896679244427,1.4490328981986853
0.2040656891487796,0.14370175093372983,1.420064041132578
0.18068741696283994,0.1386960953753917,1.3027577775264363
0.26538544529314445,0.13591532799039957,1.9525792213214543
0.18873185725266645,0.13423256191248736,1.4060065200551695
0.2410923309184965,0.1372023506883869,1.7572026259671296
0.24416357102332084,0.1419872746654758,1.7196158712009506
0.17281968262233477,0.1315588875021021,1.3136298573486598
0.2512379984081328,0.1397063743994356,1.7983288127556463
0.19687532568764654,0.13110840514418864,1.5016224586908036
0.20391190664393197,0.1311021989396536,1.5553660296559382
0.18666457087238753,0.1357664704940659,1.3748944801547764
0.22154701633476986,0.14716390757955752,1.5054439636634442
0.20323271090197778,0.1380491312859153,1.4721766736877173
0.2507210393429504,0.13153551967325788,1.9061090112066803
0.21643654938049223,0.130082820084503,1.6638365407506774
0.165347216274765,0.1336138024741887,1.2375010157106077
0.19814017362269407,0.12927502018219822,1.5327027088716627
0.28050598672349336,0.13399967778274868,2.0933332927730826
0.2086255197373803,0.13102938872284098,1.592204022096707
0.20816822251097652,0.1410504993835463,1.4758417972340734
0.23061190346529922,0.13242692523490027,1.7414276066308827
0.21484496454870253,0.12940224342957116,1.6602877883306149
0.18625066300744186,0.14032249211839715,1.327304412825656
0.2139348291031198,0.14811581865644194,1.444375293899881
0.17449320535647575,0.12430184435627016,1.4037861325399859
0.21806469118873428,0.1459369777586567,1.4942387771614596
0.21653403185305461,0.13041373995092306,1.6603621055154165
0.23278204306348788,0.13541578235983337,1.7190170821073734
0.20612087486083577,0.13551533568592145,1.5210151221449504
0.1874432292364648,0.14250057996590912,1.315385728825156
0.21468870376173085,0.13075464802928782,1.6419202452645705
0.20866176328142738,0.14182573494058467,1.4712545883780714
0.2084108589934004,0.13567665682240415,1.5360848643713465
0.16663617985706225,0.13884418794809794,1.2001667647719858
0.2533215373300316,0.13897683720087245,1.8227608458515225
0.17816235680306,0.12982970285507542,1.372277320868066
0.1969930237611441,0.1344290230911801,1.4654054550967635
0.1994254913755933,0.13496399368723308,1.4776199631269353
0.1864850605277917,0.14145516700617508,1.318333324081763
0.19928901766225898,0.14471044347318018,1.3771571206551798
0.17737888602538532,0.1303697464236917,1.3605831942705289
0.2098043932336722,0.1384715821142401,1.5151440463833366
0.17202560590303215,0.1379883792468126,1.246667341424012
0.17991478191571333,0.13531935822030525,1.329556866673909
0.18608344618608583,0.14069948349653938,1.3225595543189232
0.1933284864380995,0.14311656970890763,1.3508462844751
0.24532514513570164,0.12946947098169914,1.894849367001577
0.26790053305967726,0.13773996684882062,1.9449731199203575
0.23633501076166555,0.1372799409441177,1.7215553061599147
0.1806583706213436,0.12821758987604065,1.408998334752682
0.2177161903246346,0.13602254896228466,1.600588961062635
0.18755591886658013,0.1368681137962756,1.3703404954184724
0.1818468247420326,0.13266402381934217,1.3707320154080813
0.18950202834637406,0.13306466431704703,1.4241348694560738
0.1562115985913635,0.13854828207873107,1.1274885278086315
0.27177392578382054,0.13500444827097602,2.0130738598947926
0.1642665742926445,0.13870073325857868,1.184323762632196
0.18430870150896322,0.13059674055320294,1.4112810222386747
0.2030150595921369,0.13622970541723517,1.490240758947221
0.22046193634528757,0.14058376032266454,1.5681892121770575
0.25304195923373335,0.15271470998772843,1.6569586469703332
0.2888159706202717,0.1548816574028037,1.8647525824774875
0.2331472610889605,0.14556367152556654,1.6016857684715031
0.19316572156988182,0.1356137399888263,1.4243816414604997
0.19870532059958276,0.1397165524169698,1.422203147459343
0.24055486187004227,0.13779088515607732,1.7457966221609145
0.23226316143618939,0.13459288192611182,1.7256719531698277
0.22874103712581909,0.15271280841511628,1.4978510283435869
0.2376985489533077,0.13428537762688542,1.7701000150124895
0.19331395698200401,0.15654394634381996,1.234886186894928
0.20859967168911392,0.13622164180561522,1.531325484879857
0.15074430453903567,0.1404068223692323,1.0736252127593813
0.16577679166920653,0.14796057979533167,1.1204118819926183
0.21260786297100367,0.1390497439971872,1.529005784975084
0.22444932295270273,0.1387225345035499,1.6179730550335287
0.27739937000864145,0.14910728368134388,1.8604012034815798
0.1962581031958816,0.12379316556876784,1.5853710687029734
0.1917068161538125,0.13674583212016284,1.40192072534506
0.1902796794667442,0.13485581074486253,1.4109861370878534
0.1954982325534811,0.13189912035245152,1.4821799571603245
0.18492535536677593,0.14021356266755383,1.3188835077618968
0.19722708317912072,0.13596594802322143,1.4505623359860411
0.21433911985947698,0.13741722575901474,1.5597689349030979
0.18830576436867869,0.1325276930317667,1.4208786108088522
0.19273757581389156,0.13483979632903856,1.429381985593999
0.20087838414015236,0.14486639312826796,1.386645859003959
0.21834157410995536,0.15532439019979302,1.4057133836424764
0.19053658691428313,0.13570106071448435,1.4040906232499757
0.23442752884332546,0.15059176806010102,1.556708788688673
0.17344279176765412,0.13896240610915891,1.2481274369372237
0.20340235148261485,0.14398188814873486,1.4126940137949713
0.14285160787488477,0.14085641576172403,1.0141647230079733
0.21579614910169256,0.13848350142668392,1.5582805668438386
0.22645238201872717,0.1287405943328949,1.75898195275665
0.2192564328900566,0.13113073140071832,1.672044611876965
0.15536887504144983,0.13643044870942153,1.138813780290092
0.19733327782159865,0.13182689597012673,1.4969121162218393
0.21942465946993858,0.14389495149269652,1.5248947735395402
0.21033695920229944,0.15578855025164234,1.35014388966677
0.2052953200210944,0.14271534092805568,1.438495109818544
0.24188258466347826,0.14001005147984513,1.727608711709516
0.2218090219774856,0.13806556885489332,1.6065484234567309
0.23044899194186755,0.1272860054843387,1.8104817655718017
0.2203454860082449,0.1359387357102833,1.6209175762665013
0.21904267722755946,0.13284533666452494,1.6488548467509185
0.18603889034802226,0.14549033919888482,1.2787027054332982
0.2197257769952465,0.12594724915133818,1.7445857569403844
0.18321927517495384,0.13548492722362906,1.3523222023992034
0.1962276535704743,0.13638567326067297,1.4387702819446864
0.21125721000461983,0.1398927657783999,1.5101367739005624
0.17018347480603782,0.1373089677425065,1.2394199563511423
0.19450887904202482,0.12988010532356703,1.4976033362265126
0.1856313185598403,0.15060025179195846,1.2326096161929019
0.207453749261788,0.13261160451483459,1.5643710067513827
0.22885423667014587,0.13776246902122652,1.6612233963002208
0.22769951418749393,0.13839169256319117,1.6453264641121708
0.2102133928737951,0.13786048476177312,1.5248270252135692
0.1995836600257516,0.1337581465328963,1.4921233973339054
0.2467396010195539,0.15398495489161043,1.602361744971989
0.21993751318466492,0.13431545067254416,1.6374699417184997
0.18500704074538465,0.13674003526413142,1.352983713862726
0.16675763385749906,0.13651145841483217,1.2215651037201183
0.2558260680408967,0.14084782264523213,1.816329590591344
0.22368479735416882,0.1321104019065947,1.69316567148376
0.2534304253706215,0.15134838581898474,1.6744838340973693
0.23330510356103554,0.13248386119187064,1.7610077292595652
0.21456033700416696,0.13598966940217444,1.577769384596623
0.19304809656097743,0.14964139236768942,1.290071506997421
0.22041644243215094,0.1371312817980637,1.6073388911855357
0.21515415939134952,0.13748374813508543,1.5649424918205501
0.17073617505084,0.14012046876938153,1.2184956027505702
0.2086693874963145,0.13992205587441867,1.4913259113602304
0.18542240910211125,0.1455097015800642,1.2742958516761562
0.2387623168312205,0.14077330411750244,1.6960766697066894
0.20982633218740973,0.14809310246900753,1.4168541862462605
0.17861224741974385,0.13822353589586606,1.2921985120848418
0.2196068448237912,0.13326641557676444,1.6478783786098963
0.21002387855051316,0.13583083242589974,1.5462165312510192
0.19896009981886098,0.1422103427972571,1.3990550610127523
0.22349874758838226,0.14356633115749706,1.5567629665425988
0.20815430556871697,0.13361577977894618,1.5578572075325778
0.1472362831386758,0.13342775345319244,1.1034906856190718
0.1782690948776276,0.14507192886777587,1.2288324575880487
0.250334126496833,0.14386287623588898,1.740088430363128
0.22710957834213055,0.13199857519752445,1.7205456801505676
0.20419974949826722,0.13965045629726777,1.462220424569156
0.1748277612638209,0.12924821840864528,1.3526512273543791
0.21319614386418953,0.13900793532062974,1.53369765094662
0.2078528396165179,0.14181534914572952,1.465658272313868
0.2209910456555859,0.13495597444381585,1.637504723791148
0.20867537918424567,0.12701368041701078,1.6429362451282692
0.2348902211524842,0.1280748354596526,1.8340075964921434
0.18879982458022176,0.1482411165103196,1.2735995857605318
0.19241204748727894,0.1294477791727224,1.486406709461915
0.19635796660248261,0.13540486816105995,1.4501544092854979
0.1617494801122408,0.13290723976054916,1.217010302852237
0.20575096563561204,0.12752405727162305,1.6134286348603828
0.1842260329455029,0.13571466242360392,1.3574512116493447
0.2375196998072779,0.14181227395352486,1.6748881686018136
0.242688671178051,0.14773419158650214,1.6427386820332015
0.22396025929322347,0.1413079329288388,1.584909315784893
0.21383439443538604,0.13244361110976716,1.6145315930578448
0.22022171407429522,0.1401804144642913,1.5709877511483115
0.18901534298992587,0.1308834249030028,1.4441503431775597
0.21327986742077884,0.13028261992330775,1.637055407285548
0.21996271756615343,0.1428005451507076,1.5403492846194047
0.20802694546608738,0.14139727308858374,1.4712231779446052
0.2270737644719283,0.12876909232047506,1.7634182269981118
0.16437927719270362,0.1340690650759769,1.2260790891586357
0.14576174735305167,0.14251988507263103,1.022746736560786
0.2063574708111812,0.13713758481911908,1.5047477398946565
0.22715404154974403,0.14182815957256598,1.6016145329272309
0.2268106355870358,0.14637784165737766,1.5494874976905646
0.22385583897606895,0.1407236091530936,1.5907482782973223
0.21504290617701655,0.13250345483780424,1.6229230131414143
0.21259873334755103,0.14347349297301967,1.4817979888977153
0.21528752844566162,0.13703940369136772,1.5709899681884185
0.20643485725248928,0.13385650620188755,1.5422101107370625
0.19140560214785546,0.14531890819471702,1.3171417575707736
0.21158890847801776,0.138276401580454,1.530188130871398
0.17995387362982396,0.14611206221532064,1.2316154525601846
0.21780620120567895,0.14919555057247413,1.4598706219450968
0.196856821621193,0.12911928482527457,1.5246120816699187
0.20388689037060626,0.13583905597039372,1.5009445473107796
0.22920943034531488,0.13861232912075563,1.6536005981519386
0.20583875145825503,0.12514664194406658,1.6447804612308594
0.1737479772722923,0.12761724985611878,1.3614772099240762
0.2518906293983509,0.1277209404537246,1.9721952289383198
0.185490626596046,0.13770625687546983,1.3470021682732136
0.19875913261520195,0.14057743584132854,1.4138764975023717
0.2311023419647816,0.14543747106828311,1.589015129782329
0.17963691838728127,0.13344451279523853,1.3461544024887844
0.18695708304387304,0.14472189586756842,1.2918368842746024
0.17779028300765148,0.13179629969948792,1.3489778044834007
0.19710732520660085,0.13981847805600245,1.4097373104551467
0.22435924641037505,0.1368246252994599,1.639757798856261
0.22782880665301045,0.1342920262494808,1.6965177532563387
0.22101059916635804,0.13626362389847038,1.6219339603872005
0.23227716627250333,0.1349590251200494,1.7210939843844235
0.16317800394504003,0.13084649776956245,1.2470949297582083
0.1877995943455347,0.13040995435111574,1.4400710074623835
0.24201513213555334,0.13973248808817781,1.7319889987418697
0.20485295577901477,0.14429918419974658,1.419640429120143
0.20873635897694007,0.1358914072929859,1.5360526698122883
0.2054417981046446,0.12935265110572092,1.5882302863412938
0.17258751043727433,0.14479978107426655,1.1919044984519396
0.1749584474204665,0.13948628030523216,1.2543057785870557
0.18649618774860238,0.13506435513258666,1.3807950111302674
0.17644849457269585,0.12292873174889342,1.4353722849197474
0.20281150733353226,0.13563429921126122,1.4952818609519793
0.23450958060955587,0.12925588992879883,1.8143047929091394
0.1790525466278625,0.12756111130683678,1.4036609182336746
0.2456968255491589,0.13228650973380127,1.8573082474061187
0.25131733017800134,0.13819909279286927,1.818516497461181
0.18581930329020424,0.12773027139624835,1.4547788966465944
0.21338049253287716,0.13953922151644113,1.5291793247372798
0.2311683827813518,0.1392656994370218,1.659908963340179
0.25520185121126726,0.13777546781611436,1.8523025561552011
0.2967376226159729,0.14976661241298886,1.9813336085729456
0.23339847195055927,0.13673952632422556,1.706883724294495
0.20223050215666147,0.12972449202578437,1.5589230607005624
0.19666344690484874,0.1353514180266085,1.4529840157728309
0.2119815080373048,0.13563018344391933,1.5629375604653324
0.19576860996429318,0.13917937032075173,1.406592151646658
0.19453002459116375,0.13173157390326845,1.4767152538085417
0.20515071922554376,0.12853077744637698,1.5961213594240695
0.19161644905078742,0.14504323462499044,1.3210988402610582
0.1999171195384798,0.1400719763555733,1.42724565426984
0.22912515661138197,0.1314873422067685,1.7425643622111895
0.21272470809969848,0.1355189397574088,1.5697046367134735
0.1918662278270426,0.15265689862501383,1.2568461009963428
0.21509678179564037,0.1434106904392992,1.4998657431796094
0.226572226463458,0.14348287558997935,1.5790889716408882
0.17744854489991038,0.14045013627328354,1.26342736011759
0.24385444916579274,0.1368881057500323,1.7814144467094082
0.18521325089740429,0.14285235340137373,1.2965362242021223
0.20954645884070466,0.13990076492588316,1.497822109491099
0.15149688769472083,0.13527502378937675,1.1199176570140659
0.2578087912667374,0.14684384891891505,1.7556662615748753
0.2055604342421945,0.15679061232085412,1.3110506502872665
0.2214111165240946,0.13812712571240626,1.6029517401606799
0.2011489382812287,0.12950791919624877,1.553178674552089
0.19173309487006088,0.13010470573876518,1.4736830138568409
0.21953700348545632,0.13583163974990556,1.6162434900268439
0.17708880914741404,0.1363919100555729,1.2983820600155769
0.24086983404319517,0.14292940077240765,1.685236436600907
0.19299940333310786,0.13206477128876454,1.4613995954387222
0.19504581452485611,0.1309139810152937,1.4898776510514211
0.21902505452601173,0.13953002658921754,1.56973419901102
0.21213120468283253,0.1291791873888173,1.6421469198775602
0.19212939944080243,0.14665451325233833,1.3100817368655993
0.2040923867293394,0.14310405045562952,1.4261817613095429
0.18798800427929138,0.13500821874145047,1.3924189655394288
0.24371397505928005,0.1376851477470029,1.7700818065511728
0.20015960273801106,0.1339300643428774,1.4945083743525867
0.15540761439124323,0.13721996415337484,1.1325437617629714
0.21009801300282743,0.13710514284771674,1.5323860844241575
0.21892135888231318,0.13873696526657855,1.5779598354458952
0.22311183620268876,0.14622284452127154,1.525834331380634
0.193909682389413,0.13039177016038367,1.4871312978641322
0.19932258699660665,0.14563343023828593,1.3686595630582508
0.1737387596762246,0.15801283322266527,1.0995230965284888
0.17595754636706473,0.1411178070835461,1.2468840751110342
0.1766589320761144,0.14380891933408607,1.2284282010750227
0.1928565161621378,0.13996504127680967,1.3778906104183855
0.20949148471135023,0.13462527806650065,1.5561080929234405
0.2052663591578182,0.1475087166512879,1.3915540980745562
0.18766107170307414,0.1278801412369532,1.467476262442899
0.18664149329437263,0.14735988028935904,1.2665692516028064
0.18300614454303374,0.13178474649011698,1.3886747094570466
0.23644230248627288,0.13859312194325785,1.7060175798844908
0.17959599338175544,0.13375570251767585,1.342716534706412
0.19284196921843383,0.14623743179440807,1.3186908909173545
0.2063355031709595,0.12782159483613661,1.614246039063081
0.18174309955310336,0.13444192373641253,1.3518335241128336
0.19935774480767957,0.1410320785226838,1.4135631190858085
0.19760403969943274,0.1460782931420238,1.352726920948572
0.23402779305479848,0.13599368665793699,1.7208724817016345
0.18067004010969304,0.1409122333901236,1.2821458844492066
0.2067381047645734,0.13371893002566465,1.5460646052499387
0.15051357988205485,0.13814655710683432,1.0895210350096283
0.24013783544327671,0.13043044025984435,1.8411180316870248
0.16995038473849347,0.13310351836202117,1.2768286430735398
0.23028576416339616,0.14064401919038572,1.6373662064624663
0.23088156779886626,0.14045034937933676,1.6438660980136648
0.18442199355730018,0.14544098678165993,1.2680194052461955
0.19662543442163774,0.13779984353480998,1.4268915651705198
0.21318868877282854,0.14076242774414674,1.514528359515975
0.22524870842139028,0.13047850062241748,1.726328148675019
0.15433010097149238,0.1360603572317228,1.134276758576009
0.22897844809389975,0.13595699744571557,1.6841975947970274
0.17216039266511587,0.14049244515247022,1.2254067646006006
0.20986755833771925,0.14402516201126997,1.4571589811598138
0.25072307517407477,0.14146271098538307,1.7723615886308106
0.23105775968848435,0.13418235298967512,1.721968310588975
0.20734953377274482,0.13312238546454022,1.5575857737914143
0.21571977071014506,0.13592763888449633,1.5870191852111226
0.20832715460696277,0.13083882355332785,1.5922426459456194
0.20468306146633092,0.14241086512824658,1.4372713857331445
0.22889025944990915,0.13199122562347337,1.7341323892457532
0.2207502596326359,0.13088413761217937,1.6866081991290445
0.18864470276159218,0.1307027175287669,1.4433112511227826
0.28873454025398154,0.1633188218726172,1.7679195633629055
0.18453092204870278,0.13366857598404477,1.3805108694412151
0.2303277985859277,0.1343396458285223,1.7145184295031517
0.17416248116179692,0.1367185178608369,1.2738763108818476
0.23085747530213183,0.14180351573740327,1.6280095320742387
0.20839176041166635,0.13937324224926775,1.4952063756898157
0.18428632652914229,0.13574577891232897,1.3575842137099754
0.1955557346036153,0.14631051434324813,1.3365801868814202
0.24083801071038297,0.13302685538489578,1.8104465448991462
0.19109394914367273,0.13293467274220336,1.437502686107003
0.19744140377025846,0.13724472669757126,1.4386083059157162
0.16190252999122606,0.14577662194151633,1.110620673156902
0.18790491890321456,0.136439649666165,1.3772017105216312
0.19379565388373304,0.1419631713870425,1.3651121765614591
0.22067238358848834,0.1381671713537208,1.5971404887746201
0.20659429242670824,0.14076004483066282,1.4677055031862583
0.18606455783856435,0.146443330600267,1.2705567203087438
0.2017347751838518,0.13695791704048202,1.4729690662878805
0.20124062304391835,0.1216534262145662,1.6542125388970161
0.19079420794625007,0.13973678715698312,1.365382815993243
0.17072079165202225,0.13518439005265048,1.2628735580012704
0.1858248796292723,0.12323382058855022,1.5079048814829772
0.1757831806487389,0.14137916968293013,1.2433456855275524
0.2399873216183871,0.1371563896578831,1.7497348990958494
0.19676346125319277,0.13243341523654592,1.4857538854657169
0.20230077491474283,0.13464884783063671,1.5024322760577922
0.21451101223771873,0.1393976499419432,1.5388423859875615
0.2051630226804653,0.13968268473983425,1.4687792052579125
0.1841455961243976,0.1383696833682355,1.3308232818191919
0.2332729609621712,0.14235956585512233,1.6386180974980662
0.20145211211766462,0.13931469751795086,1.4460219611194094
0.19708899315846054,0.13365824495366127,1.47457415161175
0.22314546557382775,0.14085623155531754,1.5842072665858116
0.19852127397282848,0.1359545733905987,1.4602029856139898
0.24126724247041167,0.14118029255317044,1.7089300362481337
0.20320131500475616,0.1343951132895065,1.511969520551176
0.22491669456148747,0.13740379297212396,1.6369030992260734
0.22263285954795412,0.1377564094293488,1.6161343088877178
0.22143572946368653,0.1288195478890956,1.7189606165543043
0.21886888852130743,0.1407580667480077,1.5549296290999628
0.21112350105567196,0.15217802818475906,1.3873454898452706
0.179674062921658,0.13426313994176278,1.3382233053658092
0.22807924104148272,0.1424095171611686,1.6015730239669266
0.20656133250533074,0.1377903841502898,1.499098313566145
0.19036875866889297,0.13152033003862218,1.447447391692139
0.15725021048001275,0.13717194280818426,1.146372991887307
0.19834240186792618,0.13728142025757104,1.4447869310777155
0.13270669214902858,0.13962355454425782,0.9504606338249558
0.20730968580201928,0.13510200748898832,1.5344678414117299
0.20502246684720174,0.1308999942601462,1.5662526801929957
0.16448391651264277,0.13748775708119945,1.1963531881278675
0.19203463538451102,0.14419851338761328,1.3317379692279607
0.15315531743220903,0.12716111556147724,1.2044194229969982
0.19051173995782272,0.1357461351203307,1.4034413560941947
0.20368291745748274,0.13046476844929203,1.5612101249897863
0.17153775016126727,0.13473010038053274,1.2731954453887788
0.22196463533852728,0.13618390769798652,1.6298888693279068
0.24918870571771778,0.14054958755513383,1.7729593522995415
0.22482655272659735,0.1349425593911799,1.6660907703318129
0.19015547572054972,0.1343489599162641,1.4153847996967615
0.21442480124722257,0.13854684859593042,1.5476700005828998
0.23340642839064893,0.13108227349687293,1.7806101630989564
0.21756831837054594,0.13505658133737541,1.6109419934675653
0.19779570212604144,0.14036058143902502,1.4091969418918886
0.18985737557939059,0.1364763618553251,1.391137432141203
0.23000761301936432,0.12800034759361323,1.7969295970165076
0.25251565856105296,0.1410467326676461,1.7902978238855443
0.17073455062518736,0.14062183474532106,1.2141396884374547
0.18010534272667558,0.13984349306433574,1.287906493038022
0.22279085792188244,0.1318026604725308,1.690336576842579
0.21677486200105506,0.13243829439761343,1.6367989559744844
0.19418650034771115,0.1445320195895395,1.3435534969980132
0.2435716263147995,0.14216076585213402,1.71335336338963
0.1482431012631476,0.1317038958332053,1.125578710677535
0.2205498501454256,0.14140378896212927,1.5597166933376392
0.2219510309220055,0.14030927136642418,1.581870027265483
0.2148712636522565,0.13867338395568674,1.5494773223455693
0.1921061023972167,0.13712709427187542,1.4009346833845762
0.2245411894749936,0.13542263438663654,1.6580772519453457
0.23430931396027088,0.1416166041282753,1.6545327816788715
0.17659391783816503,0.13671692231532442,1.2916756378619185
0.17606690960127652,0.1397550716374006,1.259824831674719
0.16468696785389106,0.1373177333101866,1.199313183257112
0.17784167954278268,0.13410921087125907,1.3260959361956541
0.21541960172907115,0.12796556674461,1.6834184945939357
0.24678738212927184,0.15704251639284597,1.571468592059024
0.20566473383319248,0.13483873948312255,1.5252644352918698
0.2331002846537606,0.1293637894896744,1.801897467392653
0.2810071002674517,0.1369074739909352,2.0525329412334163
0.16296935686330735,0.13756918451678782,1.184635624872952
0.21527509133764386,0.12736515744191448,1.690219646105499
0.17700999210221888,0.14878700028147712,1.1896872157335596
0.2207971388787254,0.13030986722627075,1.6944007662545775
0.14272315885576078,0.14520454898500565,0.9829110716806737
0.26100057452975584,0.15759868054423146,1.6561088812955114
0.21281990315368574,0.130782261889101,1.6272841597903385
0.23219573882718966,0.13287679852250875,1.747451333935147
0.18581270456367968,0.13230775456258964,1.4043976876334858
0.1721108061313186,0.13434937759539833,1.2810688758800297
0.23081591668996762,0.1278915901869106,1.8047779087947495
0.21220557480376775,0.13787976635945032,1.5390624774526471
0.19441440589675718,0.1395661054340421,1.392991552584635
0.2697463255126243,0.16593761558513084,1.625588776610066
0.19690814006353463,0.1408060801708277,1.3984349242919283
0.17790421234808917,0.1400671218627905,1.2701354178060704
0.17271712538373082,0.1320708507669183,1.3077611326101475
0.2035665712516748,0.1397819141495335,1.4563155218629131
0.18364960897314805,0.1438013957086929,1.2771058866853982
0.20794974114401577,0.13952857099751986,1.4903739044794782
0.19775812637110723,0.1388108594948904,1.4246588998203464
0.2193712192404476,0.14110580908996276,1.5546576052059369
0.19864514328146027,0.13505731309213015,1.4708210813134814
0.1908101200267958,0.1451048563239933,1.314980937652085
0.19719711334460208,0.12874682307059906,1.5316658589429264
0.20348319752135763,0.13404188416937135,1.5180568281496423
0.1872293382906068,0.1253984263707721,1.4930756605909554
0.17255284996024056,0.1353337823638168,1.275016828365648
0.22570334801072944,0.143869728164935,1.5688036037155697
0.19637115625101864,0.1356630145341029,1.4474922065192275
0.2257783352628833,0.13485493938086082,1.6742311130720564
0.1872578589201274,0.12738423322970713,1.4700238339736476
0.183213421785072,0.1390805121506102,1.3173191481109179
0.1870139927586737,0.1479359083977597,1.2641555034484502
0.18289300071512954,0.1469154521377007,1.2448860759976959
0.22529724734224388,0.14263911112411481,1.579491386105215
0.19993203216704591,0.1316240422381825,1.5189628639823685
0.18619488918418858,0.1314476419192582,1.4164947082014518
0.22310313201491627,0.12748185223754255,1.7500775843701923
0.24103529943310043,0.1387639922372413,1.7370161779506057
0.18413946210309182,0.1404663590927254,1.3109150354038628
0.1752814252694035,0.14239929051829875,1.2309150181255943
0.1885546580909314,0.14837553339850554,1.2707934642062122
0.2208318393727208,0.131201549643658,1.6831496272147526
0.21582791268130921,0.15293569908884197,1.4112330473994334
0.24112294533295073,0.1272144702228067,1.8954050188680718
0.2216244725252426,0.144538392668347,1.5333259795809044
0.21281179929996336,0.13785660636386168,1.5437185414115253
0.16196477407624796,0.1345543676711781,1.2037124983713274
0.26039844993886596,0.15181966983346953,1.715182559838894
0.1978041083509066,0.12136295021298173,1.6298558003392063
0.19883059984844687,0.14823772028680826,1.3412955856562838
0.1853574750572177,0.1357006753159354,1.3659289065855595
0.2006154407395284,0.129908770161359,1.5442794238629542
0.16197910413595992,0.1422157317644163,1.1389675539150768
0.1944001487112026,0.13551054905554044,1.4345757586114245
0.19697598808068673,0.13443964411241416,1.4651629687146572
0.23314728346141,0.13920796780155625,1.6748127793501455
0.2577489550484258,0.1407420851331988,1.8313566606924383
0.1689124211576326,0.13384790768469768,1.261972817352779
0.19602601421830013,0.14075706541784697,1.392654881205313
0.2040915421303114,0.14716569889903336,1.3868146154786611
0.19021819941488002,0.1430657448138303,1.3295859163380348
0.20079556649947589,0.13228916783605318,1.5178534250689604
0.21298693474467456,0.13958772034966874,1.5258285915920111
0.2305555770544709,0.14287087818145955,1.6137338832735633
0.19562293683500911,0.13717940794539013,1.4260371856458574
0.22290624772668566,0.13149196748990116,1.6952080950785475
0.18020767872332563,0.1437368569828429,1.2537332630338236
0.21245673096983694,0.12707784904812763,1.671862819218589
0.186262686191837,0.1298841666943873,1.4340676845554725
0.19693767272825224,0.13245037798645828,1.4868789030438792
0.19520898884375004,0.1352110397971751,1.4437355791108148
0.1792330044700891,0.13964301588910644,1.2835085473406127
0.2091907552366484,0.13274756627662437,1.575853788541244
0.21995677516785106,0.1265597051437115,1.737968454636371
0.20494922275400362,0.13396276688324557,1.5298969073446047
0.19617082214277634,0.14915615815215236,1.3152043105231022
0.17645152148104964,0.12315042921407332,1.4328128826438975
0.20577402119997568,0.13682163944912903,1.5039581606276797
0.179216137162021,0.14363472014284898,1.2477215605237038
0.16755300201238454,0.1340190572095258,1.25021773396325
0.2129921664529936,0.14022227003789733,1.51896104944977
0.23997041205323455,0.13147073638054693,1.825276245191411
0.19714918938959278,0.13121086724228487,1.5025370499651587
0.1831078450357803,0.1436972733530552,1.274261096004903
0.2096368804896007,0.1341833342824693,1.5623168228052384
0.19017118243529998,0.1373332706973087,1.3847422512382264
0.20176792229187787,0.136915196427536,1.473670765236538
0.21288836258772256,0.13509838437608213,1.5758024314716557
0.22967567578278433,0.13962218938856866,1.6449797613730062
0.19440110668990412,0.13490105723462703,1.441064367285065
0.22015197180382678,0.14932417900437142,1.4743223319338117
0.21781535232409288,0.13161234933269966,1.6549765537083663
0.15987291907186965,0.14029688562797787,1.1395329151910123
0.1964656676307958,0.13885138176601453,1.4149349119324575
0.19751339413012292,0.13132079805608113,1.5040526485817878
0.2169974957895093,0.13406182164062,1.6186375295661375
0.20925647590985608,0.1387547886826367,1.5081027321404565
0.22620051724362533,0.12941683025913542,1.7478446720623344
0.23925957195549039,0.1422823765509231,1.6815826229178776
0.2096047630605881,0.14024043754922136,1.49461001921804
0.20757471406141353,0.13671021286445498,1.5183555764573278
0.20585486255527086,0.1455658701781435,1.4141698346140181
0.2294081951558714,0.13613835062558466,1.685110728179767
0.17723143021378654,0.13667140725991697,1.2967703616070472
0.27072158964995374,0.14549808988251334,1.8606539087114873
0.19328298127250976,0.12532585753089703,1.5422434370725053
0.18380463003536793,0.1281564570126643,1.434220595043483
0.18078719921671418,0.12884977517145318,1.4030850963934611
0.2199587160440495,0.14216772429650737,1.5471775829041194
0.23090780317199958,0.13506230696848087,1.7096391166033162
0.19256080621148694,0.14291939052009323,1.3473385627432728
0.19993966540784103,0.13571336347648266,1.47324965122162
0.17488420920177003,0.14022049068448297,1.2472086522310466
0.22293833272305566,0.13535575633381014,1.647054685825493
0.24322201392599754,0.14307372191458442,1.6999768418074848
0.21419382340955917,0.14233799871979871,1.5048253125380324
0.19575946432734906,0.13792433814761082,1.4193250223745233
0.17491688897222216,0.13131702973356116,1.3320198402836554
0.1988423874671674,0.13635956438542815,1.4582210522844437
0.24708458892022342,0.13293154824166137,1.8587355085268311
0.22613525668818188,0.14161513132729683,1.5968297636609505
0.17521440058721002,0.14999630199714506,1.1681248021070876
0.18182606366246964,0.137856597687532,1.3189507554408062
0.2009089163463607,0.14389980218473036,1.3961722899969333
0.23215614022696549,0.13636415915291653,1.7024718347482304
0.2140278787298762,0.14718268898805434,1.454164754030599
0.19930420712452768,0.1280805937187728,1.5560843476580137
0.21988792507622484,0.14423674075857998,1.524493162558824
0.2240797555908276,0.14205175280355276,1.5774515355731908
0.21215474535321557,0.12631011758438926,1.6796338203982157
0.1798494137559005,0.13231047002926133,1.3592984267694432
0.19936240840779224,0.1301356402454499,1.5319585628638945
0.21011626890905322,0.15031783425698544,1.3978133063694593
0.24706141425734404,0.14004047909094203,1.7642142890478318
0.19759715786412252,0.13951499257580635,1.416314864918599
0.22056855866777425,0.13928368669861607,1.5835921915611229
0.19104471461032876,0.13105031349375293,1.457796700497292
0.22286240495956153,0.14050035663116694,1.5862052617034024
0.2055603540087916,0.145355398705386,1.414191394606761
0.21201308029459692,0.12630510632631722,1.6785788513320097
0.20843663350260158,0.1388760480388115,1.5008825239925467
0.22795871892478148,0.15204750263518096,1.4992598692774324
0.2365492672326428,0.14212334785675154,1.6643941393152706
0.23089145350485532,0.13343936376087617,1.7303099100398414
0.2211727047692416,0.13698783252387048,1.6145426983867468
0.21412800480435382,0.1366808734302214,1.5666274251142454
0.22507828278436426,0.131233201332825,1.715101670144703
0.22071221956607634,0.12981551158520077,1.700199127753836
0.213706507926201,0.13171688505175475,1.6224685836005805
0.23542555493366119,0.13702249888420992,1.718152543200998
0.2314606181382244,0.12896667061183442,1.7947320578266117
0.23204637876420892,0.13809671003132948,1.6803179359708529
0.2200648745224446,0.13539910385041853,1.625305251396347
0.21244416315476186,0.13085553093995414,1.6235015946880107
0.20148753358820265,0.1378515675728989,1.4616267129617635
0.22903112257405447,0.13670094344018469,1.6754172781131542
0.2416928227302956,0.1408588279867038,1.7158514392375175
0.1632540438256075,0.13673046244238737,1.1939844341153754
0.23321044868238072,0.13203118399996266,1.766328541615189
0.1459073585091206,0.1309124329755475,1.1145416458372133
0.2104068185161619,0.1298288489592566,1.6206476465195543
0.2083276277504772,0.12860334101105328,1.6199239157602578
0.2252980934075085,0.1351056789465014,1.6675693809785828
0.25738247169145456,0.1431588528938712,1.7978802322638157
0.22213552179901722,0.13558531469930268,1.6383449954861495
0.20364707036740085,0.13029521429699903,1.5629666175090766
0.22742121759373113,0.1412326434943364,1.6102595828198245
0.21135082359255947,0.13935746665942383,1.5166092543077037
0.17796354246473756,0.1332088562166412,1.3359738047394583
0.1917414612122148,0.13599295412249104,1.4099367312773439
0.22871139169869206,0.13648984650699514,1.6756659748091265
0.26597667303256867,0.13553645784510326,1.9623994699384717
0.25116888236416085,0.13694308992684692,1.8341113998401215
0.180303685793101,0.14566968178146408,1.2377571199997222
0.15805076231444704,0.14066670111801707,1.1235833431669449
0.19817802069434645,0.14060072464763812,1.4095092410867993
0.222918571667921,0.1375646628758703,1.6204639113539552
0.192423717291165,0.12976575964680517,1.4828543200833677
0.22703222045826693,0.14192543106848146,1.5996584879049618
0.19659076680737486,0.13417959691739836,1.4651315946968981
0.2562039929903628,0.14804429370135325,1.7305901266765331
0.18628628005842077,0.1377137434574307,1.3527065300930152
0.1995965444951648,0.13654188626666275,1.4617971814550588
0.2288928586793721,0.14054469714454668,1.6286125576403752
0.1602033067264018,0.13166580210946946,1.216741964577907
0.21499575522036055,0.1359965642649473,1.5808910789945232
0.18211114844092494,0.13532069432875118,1.3457745642251875
0.17873590957750773,0.13432879200899572,1.3305852520845878
0.19469268077420948,0.1320164223448553,1.4747610737823988
0.1928661827372305,0.13767143680757882,1.4009164661134212
0.19491021647450135,0.13358177641416386,1.4591078342167845
0.19555318798265076,0.13847962042058357,1.4121441652477535
0.2574693019766294,0.14203460717017866,1.812722315401223
0.19094062020455288,0.13344523515220058,1.4308537879735916
0.2293862015574356,0.13638795612487742,1.6818655259223079
0.20749723962928568,0.1354970210627496,1.5313786089303931
0.20938121796360518,0.14101075340142546,1.4848599338203987
0.2136014375067407,0.1368025599889874,1.561384798091027
0.20090603284651704,0.139537459502343,1.4397999903613237
0.22771102792702194,0.14482240752665998,1.5723466541950921
0.20769508674513157,0.13181631432832053,1.5756402217999856
0.19872733516010277,0.13082047917546313,1.5190842933204631
0.21236050661734984,0.12825754157507718,1.6557350469176264
0.20511690598000873,0.13590337185318552,1.5092848925160858
0.24647764712811635,0.16113339509599547,1.5296496854750494
0.23552164018961844,0.14173025921169508,1.6617597505260473
0.1829353882867825,0.146311099174169,1.250317913810598
0.2030131219008048,0.12961153502316985,1.5663198639265665
0.21098193274810956,0.135058902825106,1.562147539591076
0.21736347738701958,0.1407363692764145,1.544472679695928
0.17736828075029046,0.13185049283018163,1.3452227363210085
0.18649340592647287,0.1360427069928817,1.370844568215119
0.1909077746229217,0.14265130962763015,1.3382826636590845
0.19115682349787882,0.1394924434240856,1.3703740418161787
0.19090220673618627,0.14399584291779444,1.3257480415262415
0.22282399584676427,0.13563067808768361,1.6428731241962178
0.23220610051127435,0.12872395963868621,1.8039073779508568
0.20444549574430543,0.1254714644511377,1.6294182636556582
0.2045928256448845,0.14847764506543368,1.3779368978725453
0.2199469153529583,0.13958142127152454,1.5757606803924185
0.20234980283239734,0.13511706243747207,1.4975888254382268
0.1902983492064184,0.14238419014069614,1.336513197275457
0.21408730308440074,0.1439340981226922,1.4873980931322375
0.16521024488387648,0.13956560024563897,1.1837461709268065
0.17482179623662406,0.13985922917752094,1.2499839822134706
0.2177354111650526,0.14287539669866456,1.523953152160086
0.21723060477638692,0.13764555082678967,1.5781883502340401
0.20709311118249066,0.13454813270747634,1.5391749184118053
0.20986335756876795,0.14448914730652707,1.4524506613881007
0.22553997913325471,0.13325930857941376,1.6924894893841338
0.19274764093132726,0.12994184833330213,1.4833376883860205
0.24026821224361627,0.1322101783066823,1.8173200832259402
0.21811120250041685,0.13275124115146963,1.6430068796987833
0.22138865994730958,0.13576527664249305,1.6306721823304364
0.19971173413819662,0.13534760484992492,1.4755468658617155
0.19212957432363809,0.1412989220393023,1.359738429357566
0.22025554227976565,0.13747711704520701,1.6021251173556277
0.18171947605395816,0.13086547320355071,1.3885975544619638
0.19558791591206695,0.13195987801188028,1.4821771500460033
0.1910288786726961,0.1299191453846512,1.4703674204992458
0.19996946875834015,0.1499464224033575,1.3336061344659502
0.20404370815903777,0.13548820769075884,1.5059886881428932
0.16354547014494908,0.1302042198124539,1.2560688922411263
0.1626934884559964,0.15184343738961084,1.0714555153183587
0.23276968194445707,0.1445781048105711,1.609992621285472
0.19869033997700017,0.13406655529635306,1.4820276357350777
0.239071138438969,0.13491801072962498,1.7719734907600022
0.2045967661655232,0.1404577891550678,1.456642364914664
0.2043896383297859,0.1400913040438013,1.458974486138561
0.20306956687992345,0.13591962323838364,1.4940415669323066
0.19150698459430593,0.1322575568030362,1.4479851981502019
0.1865941902013962,0.1322927595665446,1.4104641161978138
0.19446519853768737,0.14333910769226638,1.3566792877989948
0.198725035973986,0.14322780967303397,1.3874752146782336
0.15682430729346372,0.1421932445507545,1.1028956248163169
0.23555086985033988,0.13107072768138395,1.7971279630256856
0.19298259242474672,0.14470167330092715,1.33365833319296
0.20165888002340387,0.14549525238980465,1.3860169092193333
0.2024061940894002,0.14389508481719201,1.4066234044515293
0.21186454563190416,0.14580125738804722,1.4531050652603823
0.16918029942809454,0.13188619527362525,1.2827748884338877
0.21676485934599454,0.13295527038613766,1.6303592833623777
0.16441184734716924,0.14267038562144693,1.1523894509082622
0.2241555125348454,0.15207136512810152,1.474015258204737
0.19329699202422704,0.1371545904274021,1.409336657430667
0.18092458255359564,0.13593866062495422,1.3309280944936968
0.22933620109711184,0.1346019750294254,1.703810074458243
0.25892025008831376,0.14739287728063585,1.7566673157165522
0.18542185833849723,0.13556956144337307,1.3677248518351761
0.21434240730214868,0.13339619896600907,1.6068104560967713
0.19768542820658247,0.14233940644889026,1.3888313372837147
0.21355282863401448,0.1357698268861861,1.5729034464559843
0.2023416648461874,0.12707191789198738,1.5923397411706668
0.21491348589902473,0.14218353357096572,1.5115216263193973
0.22964603394331148,0.133087165944358,1.7255310255785559
0.1756283402257067,0.13152304365469597,1.3353427304100864
0.1960548671301689,0.1372034459143563,1.4289354456341294
0.2210853500364845,0.1332766855397267,1.6588448995498468
0.17504695161755368,0.1306672716636618,1.3396388352557433
0.23328054076843138,0.15483480040413847,1.5066415312290233
0.20534749754543366,0.1471823479593453,1.3951910700742098
0.19907214585666377,0.1403652255811148,1.4182440489266566
0.1822376425950561,0.12960095787673662,1.4061442568069766
0.19568822618504764,0.13587548666117874,1.4402025780633918
0.2050955355596063,0.14065374033627176,1.4581591294285425
0.1986321388156216,0.1364799591626441,1.4553941841300695
0.21392371667065976,0.13395551038825124,1.5969758619905363
0.18236187832074208,0.13888238854174745,1.313066978725851
0.22344035025211123,0.12876690664430215,1.7352311713857445
0.23563161359583595,0.12478255823136217,1.8883377367447944
0.2468172822256082,0.13751233224436604,1.7948737992967931
0.20691171240187986,0.14773813845482683,1.400530117449302
0.22382954849262393,0.14373722683592735,1.557213488946187
0.20719528949576077,0.13601281122553194,1.5233512757279637
0.18802846122130976,0.14107695351362246,1.3328077799975575
0.20766660938123407,0.13068157486992585,1.589103969614197
0.1861667131127537,0.13644314109676448,1.364427054495364
0.21251425128834553,0.13725967306532985,1.5482642974619185
0.23714333178087302,0.13649778565966159,1.7373419695771273
0.18895815076602807,0.1354194095461681,1.395355004125957
0.20110225711332522,0.14220719094854833,1.4141497048914045
0.19963778856891792,0.12673835713617207,1.575196279011414
0.18382440970137953,0.1347680144460856,1.364006218069786
0.2161270187757446,0.14062052972800668,1.536952102184406
0.182229348001793,0.13315569622440893,1.3685433906986573
0.23524887777144948,0.14488936060415883,1.6236449439110647
0.19906119647522313,0.15166766439534904,1.312482771253959
0.19658577934762966,0.15025886703793576,1.3083139998519873
0.1923741553829348,0.1357764506211602,1.416844780540714
0.2390797895975488,0.1483079295729588,1.612049944234004
0.226496051985607,0.13458934640776934,1.6828676119682249
0.19548001781812877,0.12678450864269017,1.5418288867533445
0.23524286587300308,0.13967704967394046,1.6841912570615554
0.19502069174606093,0.1364019424560265,1.4297501064468496
0.21349299050750875,0.13049790574789075,1.6359878672685861
0.2295424928896455,0.14111786043980712,1.6266012833120818
0.19008607879585368,0.12805653533038502,1.4843918610278877
0.15061961248936448,0.13925508329457836,1.0816094387789474
0.20713487541537862,0.1330889612475163,1.5563640550935938
0.20132790038591827,0.12776729776653056,1.5757388933262497
0.215085181273725,0.13126031917984582,1.6386154065268337
0.21349365808064458,0.14005999028438984,1.524301534272198
0.21977534071290863,0.1338062587398816,1.6424892436470426
0.2178574717209366,0.15408660760561496,1.4138637686056619
0.17257509343043226,0.1398686111960238,1.2338371844456995
0.16678052346578223,0.14474765225404498,1.1522157414551195
0.2000949811746796,0.14445771971934726,1.38514564374562
0.22784908956882483,0.13742499647085502,1.6579886877941226
0.20540168647299115,0.1376064486597176,1.4926748598891766
0.2379995580508695,0.14660810945241648,1.62337239692812
0.21688744915139946,0.12776729707050094,1.6975192723355708
0.1834938870059115,0.13656984016532459,1.343590113188849
0.145304709331689,0.1492609124438104,0.9734947144074929
0.23051174994639195,0.13349133681211314,1.7267918312244745
0.21901574448350028,0.15192800745269597,1.4415758368429379
0.21003224239600096,0.13251463848169867,1.584973892714563
0.21288031157918577,0.12412912184354258,1.714990877382576
0.17493136050110614,0.13015685071601724,1.3440042497861306
0.2559083641313862,0.13869567508679695,1.8451070227765682
0.18264355108681352,0.1477576136831408,1.236102468996853
0.21325072889538202,0.12285662835098572,1.7357690159472055
0.21688814572991588,0.13679343172446834,1.5855157882636914
0.23150151870721616,0.12915441350413354,1.7924398588191262
0.22445222583822813,0.13648069886803824,1.6445711935813623
0.2357828875646385,0.13280041630689338,1.7754679851285944
0.21083629203841686,0.13240871856694944,1.592314269938443
0.2080489749600084,0.14047680571279234,1.4810201150599105
0.2058823363761087,0.12703310702981177,1.620698266695097
0.19735120095310763,0.14692862575836865,1.3431773416138892
0.22213792999389462,0.13716221544983864,1.619527136284353
0.23330123770116726,0.13542421601921198,1.7227438678180713
0.17348021896986063,0.1219860433417927,1.4221316981630956
0.20039799261816857,0.1396671796115774,1.4348252264811756
0.17630003152670595,0.13899617995168392,1.268380408641368
0.17028450712650217,0.12820919279110335,1.3281770473662828
0.21440761138333345,0.1371838197752799,1.5629220102965016
0.20454713442155936,0.1432047434783836,1.428354462660905
0.22360247840732467,0.14232528332368874,1.571066455555814
0.1894520451634771,0.13123108572391992,1.443652196569041
0.24347639053504916,0.13699661414801442,1.77724385415826
0.1700272712756324,0.141182560577305,1.2043078874641417
0.18730019840881365,0.13156902565183878,1.4235888536900172
0.2283146029842153,0.14126108899308362,1.616259683481514
0.20021643174012363,0.13558784585029934,1.4766547140307826
0.19804678634083214,0.129125512955712,1.5337541110776383
0.24847344776467123,0.14265484741056392,1.7417806143632748
0.19256608050037846,0.13820152592975654,1.3933715941620912
0.22133230372383297,0.133354865394414,1.6597242482995616
0.23039279814129268,0.13445003669078012,1.713594163392979
0.20105452492015943,0.13705456062822788,1.4669670531105994
0.21746921137989628,0.13635669637855463,1.5948553841181101
0.21173296879859918,0.1296236710381461,1.6334436997721633
0.19652086084229575,0.1389613863145164,1.4142120056107017
0.22424379305619188,0.13341808878743855,1.6807600460643435
0.2021058533257723,0.14080762541154276,1.4353331556801083
0.24746466382980675,0.15373282364354965,1.6097060989628802
0.1861245947514775,0.13844521789267553,1.3443916488019372
0.17226499316878566,0.14919250647922105,1.1546490988994682
0.2855710578757811,0.14855901470498312,1.9222735048619177
0.23900621829683874,0.14238134053205084,1.6786344151819323
0.23830275958083708,0.14113480568376485,1.6884761942762199
0.1832654551571711,0.13650114114352388,1.342592842974675
0.23401016639469097,0.14164293714416598,1.6521132017794324
0.22364954503912174,0.14276577195773796,1.5665487740669892
0.18642248183642696,0.13512260631881198,1.3796542778088268
0.20711658660593874,0.13218047594635737,1.5669226875078932
0.15973812501748738,0.12932746382300364,1.2351446498332597
0.19819501390168576,0.14135084908843745,1.4021494400623178
0.17721089583835176,0.13667296865751866,1.2966053022702309
0.20470632701911826,0.1285403236601914,1.5925456011786536
0.20031191161233575,0.14013763922274491,1.4293940780174375
0.20407477890257206,0.13844422092840244,1.4740577651710791
0.241352803836924,0.12565584194801652,1.92074479065423
0.22038746506927692,0.15131126297852476,1.4565172527874277
0.2081793886512932,0.13916130779467256,1.4959574033211467
0.22271427344581202,0.14053721149807014,1.5847352531885859
0.19096610382922544,0.14032919276861774,1.360843742214783
0.18197150467991796,0.13618876149874667,1.3361712279143725
0.22650372307607222,0.14576637867780406,1.553881801349587
0.21654419985428625,0.14688083952442818,1.474284873067274
0.19844016151531452,0.138025423928153,1.4377073141148942
0.1878845872669839,0.14259686784264425,1.3175926660206498
0.21667335905280852,0.13686320712017774,1.5831381100294586
0.2160588743146081,0.14348357756082059,1.5058090827364818
0.21710489438019764,0.13324076864836248,1.629417907015848
0.2230594534946221,0.15194794721181892,1.467999124619118
0.24039224476205626,0.12737303145588758,1.887308812661101
0.24781814520190715,0.1417962978971625,1.7477053271280523
0.18847392355317638,0.13271819484328173,1.4201061412546558
0.22866790160599026,0.1342177590751785,1.7037082363885099
0.2240625200778789,0.13768391124329168,1.627368935517481
0.20530621451688127,0.14021515037055962,1.4642227603386613
0.18417552441019097,0.14717735612668775,1.2513849226348095
0.20005175234689257,0.14620464453137952,1.3682995707017775
0.22944203211024422,0.14061186415938612,1.6317402054364878
0.18474082877371564,0.1391031167455927,1.3280854742571317
0.21163027442706214,0.13325666333403666,1.5881402785582668
0.20358366771751102,0.1277279932028031,1.5938844932313805
0.1723412427489585,0.13666499894240386,1.2610488719323816
0.16923040806908632,0.12902429700046084,1.311616586978822
0.1969002279888289,0.13192870419666095,1.4924745087719307
0.19341682177954087,0.1403374511352069,1.378226697256993
0.1892086477001741,0.12959286327645464,1.4600236688693558
0.2538043471349472,0.14370286834081586,1.7661745382354297
0.21175730692991587,0.13034651367543904,1.6245720806709765
0.2517799807785269,0.14476527000692296,1.7392291726219025
0.2055201401508575,0.14028689104902953,1.464998893439226
0.21678409572601132,0.11773458476404827,1.841294944560836
0.25135018493186867,0.13463486688439913,1.8669026140731007
0.24873436714679809,0.15321399211219033,1.6234442019150792
0.23769362956316972,0.1403152817282766,1.6939967381704601
0.24431392312965752,0.13972086879107862,1.7485857713565645
0.19703794009285144,0.1306267696258814,1.5084039868487402
0.18473853250629427,0.1377365790170562,1.3412452510775494
0.20208849179886515,0.1409505980604878,1.4337540569507945
0.2371844905226412,0.12660030043411738,1.8734907398270486
0.18104930457424243,0.13445192972955997,1.346572748627778
0.25667468588841535,0.1316139727818899,1.9502084806282347
0.2205224205631412,0.14337578556659672,1.5380729716086583
0.2243298692436934,0.13444445733913293,1.668569115332339
0.23456399342038464,0.13734297658746641,1.707870320336354
0.18624656290613958,0.12900365299947078,1.4437309221538372
0.19693370413121195,0.13960037061298272,1.4106961411812848
0.21411318859818723,0.14076040858810573,1.5211179815819305
0.15746396579785846,0.14709669496413122,1.070479291436529
0.18221817317151626,0.13478602544063123,1.3519070139194609
0.18232988974841416,0.13691598240590105,1.3316917904286665
0.20199552973006932,0.12483686212809306,1.6180759936340359
0.15804907870482976,0.140332785110654,1.1262448655900776
0.21830206666772325,0.14893954545545074,1.46570923121972
0.21858725157255393,0.13498872793773267,1.619300032765576
0.19505125239032964,0.1393664605547311,1.3995566193900029
0.20882818198573713,0.1330860197522356,1.5691218534787474
0.2316284025350591,0.13302076251842893,1.7412951042358435
0.19227392135341856,0.13600360874236725,1.4137413200383868
0.2274194803852973,0.1579282653807276,1.4400175917657478
0.19127928473704442,0.133958298917139,1.427901714811725
0.2235180598033327,0.13846941913302432,1.614205224538453
0.22950743693619316,0.13132703087650857,1.7476024197334292
0.182143975050034,0.14803447771433237,1.2304158994739318
0.21311697091840073,0.13250282063240976,1.6083957300020904
0.20551126381534196,0.14420085488481268,1.4251736855478692
0.1985525684908697,0.14091437703401127,1.409029885168827
0.2185335262500123,0.1270570477268288,1.719963828530448
0.18322198818291321,0.13098440508960796,1.3988076523886102
0.21395066806300778,0.12907965854139075,1.657508785510168
0.18084609062083493,0.14148590397201163,1.278191576290239
0.2733380782347774,0.13968724215200373,1.9567862749938079
0.18193596622469682,0.13999519095215077,1.299587257157148
0.19219820654478165,0.13686428151969207,1.40429777887029
0.1928277980743998,0.14727057333429058,1.309343704642872
0.2119027434407236,0.1416806655951835,1.4956362786026278
0.15129358162600134,0.14203923606637456,1.0651534450333304
0.23553495351116527,0.14686617312151318,1.6037386179885678
0.20972665151674166,0.13148165310575818,1.5951020280224693
0.24062912086503233,0.13745466959140176,1.750607102547533
0.1706202498648336,0.14282404880043081,1.194618492458806
0.21816668856118493,0.1334937065095785,1.6342844487993216
0.19102423078714392,0.13050688763257368,1.4637099562511175
0.19855078489870923,0.12732596518159087,1.5593895920249914
0.17691058680119842,0.14665156072430657,1.2063327926920357
0.18295814678884642,0.1343101209379384,1.3622067012610848
0.2246856507288623,0.12699033899371467,1.769312945451567
0.23753207347407432,0.13393072345296844,1.7735443171669782
0.20178902203313123,0.13696268013104654,1.4733139117901208
0.23345431314552428,0.14707852136357083,1.5872767211769607
0.22461139287180748,0.14186738910751676,1.5832489361003301
0.19617288889617535,0.14185316626607214,1.3829292222368614
0.1918260136699895,0.13582459943553912,1.4123068609602492
0.18929682890366906,0.1403274333812821,1.3489652332579387
0.13645028918251534,0.13680147206707996,0.997432901274685
0.19670209006900005,0.13602227161467764,1.4461020811813488
0.17936715872266482,0.1250160651971046,1.4347528730796992
0.21244560576964114,0.13855025243247385,1.5333469411986973
0.22770596760342607,0.13242803152797397,1.71946954867577
0.21954781203953477,0.13276103673330752,1.6537066705841255
0.20439276850921706,0.13204011833410728,1.5479595980975456
0.1979794971241624,0.13555396438229705,1.460521630823052
0.25389081285662063,0.14647298299963232,1.7333627516636152
0.23799356183686105,0.13766725785159492,1.7287593691552838
0.21778133988778836,0.1440698861926983,1.511636787138837
0.23511750886665564,0.13875242066912383,1.6945110415574585
0.18609889158453286,0.1313774939133739,1.4165203342000152
0.20568347959704036,0.13528910975091052,1.520325471693453
0.19905481656332316,0.14388688036819186,1.383411858356802
0.20505552522330034,0.1424619363919817,1.4393706165771423
0.19835881466629002,0.14598711448630228,1.3587419366721005
0.2558356539717408,0.13459104981329392,1.900837049169604
0.1754838322479787,0.13642246641753794,1.2863264890028347
0.24410633663391282,0.13632140723858813,1.7906676697276223
0.22150433607395292,0.13802891057201633,1.6047676907395676
0.2218189522777229,0.1462711365823713,1.5164916159163604
0.26261188709911676,0.14247252609466082,1.8432458123514537
0.20559101121272466,0.13524233673514716,1.5201675464639846
0.19222604145920608,0.13479405466111666,1.426072106388358
0.1822449185173756,0.13270559963090325,1.3733024003829306
0.2171177605805434,0.12845273305017596,1.6902541146846077
0.2106640375792786,0.12579691856473094,1.6746359130480437
0.2028196878692967,0.1327043238799707,1.5283577952798615
0.21394793460198028,0.14307064956836865,1.4954005957716838
0.22937497549151042,0.13435546921390903,1.7072246990282147
0.20555790291188483,0.13511879779089414,1.5213124026606584
0.22547898008058478,0.1449198890779503,1.555887059500183
0.18478942377523744,0.13817026374173988,1.3374037131508665
0.21132634675357284,0.13238296150527748,1.5963258741960404
0.15374097296203423,0.13475754558902164,1.1408709789870135
0.2108805390495636,0.13943799567456555,1.5123606591544665
0.182867482637707,0.14079582945546668,1.298813205937662
0.2269697542273158,0.14431687847016583,1.5727180121501625
0.20726055233160776,0.12771381899029938,1.6228514186655902
0.222027874157492,0.13615622533093347,1.6306847051454596
0.21729511637529164,0.14009885387921825,1.5510128053055001
0.25870154968903974,0.1440969602592139,1.7953296809569428
0.21291911842847425,0.13861683879368966,1.5360263607322078
0.18218292794512486,0.13304937060081465,1.3692881606462057
0.19255186266651927,0.12963107802079715,1.485383486787231
0.18452292492388125,0.13936758362519075,1.3240017522304854
0.25791008324636655,0.14424949186735658,1.7879444836001614
0.23232125428486386,0.13790781615753858,1.6846126692302368
0.19729022507247282,0.1374625058928814,1.4352293652075032
0.19104394061277005,0.13683804643645528,1.3961317454315372
0.22681401055195347,0.12962834484801378,1.7497254232312203
0.22474589285580035,0.13187768390677465,1.704199574923343
0.22026810304787658,0.1364914445761729,1.6137868840925758
0.20211237609934649,0.13713548596765024,1.4738152905734703
0.21918738663814502,0.13999558632109396,1.565673550131907
0.22477255424315384,0.13190996398519808,1.7039846532622516
0.18885788086001368,0.1455656503811247,1.297406911352643
0.21327562441257794,0.13735119337099286,1.5527759109927
0.1951634966458342,0.14077251750417766,1.386374983597508
0.2002763758919744,0.1268990576508994,1.578233752081412
0.17195070228875217,0.14422808677682597,1.1922137090733465
0.15745290109850407,0.1353123549810961,1.163625458447613
0.19084496792174835,0.1427945665501487,1.3365002081835138
0.20718646290840867,0.13808829110886275,1.500391244215427
0.1970670190916544,0.15069492132330325,1.30772170263697
0.1743146240358016,0.1447111980969249,1.204569005910993
0.2767129334265719,0.14405890067736327,1.920831910596783
0.22475016706787782,0.13102250225748588,1.715355478604721
0.21827091322339456,0.1399325880336251,1.5598290311828233
0.21845064856248494,0.14467315587071228,1.5099597934927487
0.19640650251297337,0.1388915209585504,1.4141000196231364
0.21366801977056965,0.12396387687405132,1.7236313122705798
0.24651870758513053,0.12778503252647946,1.9291673109998013
0.20170667444708323,0.12950149487599538,1.5575625180252026
0.19863924346066628,0.14501612833922828,1.3697734571702285
0.18546903630205067,0.13868168698663969,1.337372225071926
0.21258225739993739,0.1335353393401245,1.5919550468844392
0.25613309633584486,0.14767403478072863,1.7344490974067301
0.2288999857415114,0.145417285904491,1.5740906200921068
0.21459965343136533,0.1392495545957277,1.541115546504947
0.19859378821536067,0.1264451322804044,1.5705925932756317
0.2434154812754836,0.14305403126268312,1.7015632424123137
0.21622146873389603,0.12534082276868477,1.7250682096840115
0.21264897077979109,0.14005994884260958,1.5182710870382539
0.21976678141905676,0.1351829321432436,1.6256991761813968
0.23472680074018612,0.1419805788890023,1.653231748855532
0.22259388142342162,0.12967765077000457,1.7165169179245288
0.23324538188993926,0.1316785021002959,1.7713246898288881
0.16309007977863885,0.13511186736564576,1.207074426240274
0.1817746381074928,0.14560786560119465,1.248384744580731
0.21990292042211232,0.1353498021199588,1.624700716054355
0.20731095064750743,0.15217772855926323,1.3622949469033074
0.21528036583351023,0.1411211533798269,1.525500328459506
0.18804058246432895,0.14545915925564074,1.292737998944793
0.18806098268740992,0.13137242289092138,1.4315103470654347
0.22722806354845496,0.13343618775614657,1.7028968480702715
0.2084106643523079,0.13972556311970535,1.4915714755342142
0.2159535562808683,0.12353140973792681,1.748167180630546
0.20132173392182723,0.14765236980822283,1.3634846103947567
0.16451886812487032,0.14303521629525545,1.1501983384655985
0.20832868842300645,0.13271399841512238,1.569756701711038
0.20407111790258803,0.1394619340937071,1.46327468659275
0.21099557622287543,0.13849266810008432,1.5235144150042335
0.2053795154005764,0.14098781700792243,1.4567181743727236
0.22799759070097453,0.13738820893409825,1.659513523539268
0.2014806115722833,0.13401353824709164,1.5034347589629127
0.22101235119562473,0.1354934147479556,1.6311667368244516
0.23531756516544472,0.13186885279408225,1.7844817800371797
0.2496741523533015,0.13578942074165204,1.8386863349857157
0.1925552430171295,0.13126460358054004,1.4669243479563274
0.20798899281798608,0.13700364325113065,1.5181274591124394
0.1929528650290958,0.12742782415299034,1.5142129775160866
0.21099306147972058,0.1334003377053919,1.5816531285377133
0.20787747392852707,0.13600520628019944,1.5284523263047416
0.2115603615582119,0.13398020003506145,1.5790419890614313
0.22996592425840054,0.14370225556124813,1.6002944655269207
0.20107148277795794,0.14102144445579148,1.4258220340452648
0.2319270071873915,0.14420930846264612,1.6082665513056427
0.2598197589400177,0.16076614758934094,1.6161347574471838
0.21912363321564232,0.1318681292373992,1.661687585035494
0.18895548313882954,0.13093944888814885,1.4430752897107362
0.20741171443305653,0.13139900957622946,1.5784876545262638
0.22628152508959018,0.14319018984787812,1.5802865079652895
0.19392595911109275,0.12692786880956305,1.527843813418554
0.25374014596606365,0.13657518736920068,1.857878805468035
0.19693562049187205,0.14669753923257994,1.3424602861241095
0.21320077595443312,0.13397584784502914,1.5913373894154716
0.2310161970631583,0.15366920093474545,1.503334407011446
0.17589522585846543,0.13830319005596745,1.27180888443199
0.16327374120233484,0.1316283402592801,1.2404147988246297
0.21844400086439772,0.14020356298670753,1.5580488556136627
0.1910035171494441,0.133443406971885,1.4313447287035046
0.17720103631785003,0.13657957909152313,1.297419698439004
0.19721884412622395,0.14168311915042578,1.3919713605178015
0.18775548114746077,0.13194463341956358,1.4229868717011573
0.20617583990979854,0.1430241625796865,1.4415455136465267
0.21984489563989865,0.14325162464957947,1.5346764560449544
0.22172592993977855,0.1359374871339334,1.631087455083832
0.19605753921001637,0.1344150079246059,1.4585985764326712
0.19877444441131148,0.1344296762071359,1.478650027431666
0.1657844849121098,0.12861726050358208,1.2889754008365975
0.20649110858672898,0.12318831693886917,1.6762231493851636
0.23857389421849398,0.15116776358992715,1.5782061502588176
0.22067304533053061,0.15339673195993003,1.4385772272395891
0.24902357834417033,0.1404358330071903,1.7732196478047046
0.19327081223700848,0.1420039742239574,1.3610239663588364
0.24346858401867794,0.13596484665336542,1.790673030650247
0.19739635979952236,0.132612132394997,1.4885241360236918
0.18406734413235473,0.13470972464909364,1.3663998245993978
0.2060994353633296,0.14419727588807776,1.4292879951719664
0.22767235042703873,0.1287895735460441,1.7677855757915268
0.2140132993303698,0.12734440980193074,1.68058652643836
0.22500834873060493,0.1392536522008191,1.6158164987020818
0.2381296809401486,0.14114594204909783,1.6871167352251248
0.20001957162227427,0.13903090324879566,1.4386698708584196
0.1717600422092918,0.1491269061879695,1.1517709754723537
0.21072069043983604,0.1318696115738748,1.5979473051059077
0.20578029808265727,0.14492988942093457,1.4198610024809215
0.21168138666014988,0.1336535118752778,1.5838071419902964
0.2239236001482731,0.13587134714526025,1.6480560828537016
0.24972194418489768,0.13676914849481944,1.8258645822771695
0.2107669092514346,0.13270048491603093,1.5882904224864127
0.19799683243211968,0.13713571448607456,1.4438020990675282
0.20490451015636735,0.1282010479540135,1.5983060468418937
0.2150450162188519,0.14241292836979128,1.5100104932921763
0.18280445179380103,0.1318695957575767,1.3862517037654438
0.17446062930038855,0.1476580389560104,1.181517989361643
0.16374422415500117,0.14157858886977795,1.1565606456609825
0.22093979088991073,0.13563826622945754,1.6288898187193699
0.21936991015528476,0.13675726799899193,1.6040822792460419
0.17854639353674165,0.1386661561045798,1.287598925018768
0.19632603590647754,0.1418365775863633,1.384170707213631
0.22150775893384894,0.1348430093894255,1.6427085092274702
0.18810346153905888,0.1347778962126346,1.3956551246525937
0.246264319936087,0.1451132152538843,1.6970495726749129
0.2227302122860409,0.1300375902995695,1.71281405455864
0.20500493222922977,0.1323903692577174,1.5484882577082129
0.22506358904684903,0.13619497011240714,1.6525102862542946
0.213857913382186,0.13600039671453257,1.5724800702683084
0.1794863904418036,0.13706685272696106,1.3094806429920938
0.2192562361339229,0.1395995115862691,1.5706089057369508
0.20903485879904374,0.1339491575694925,1.5605537398814693
0.18610413473006496,0.1394397856445716,1.334655915238134
0.21377318272816764,0.14270036501531627,1.4980563133473626
0.19047191920591255,0.13123487624792013,1.4513818632029323
0.1942934823124194,0.1387600026028772,1.4002124435560561
0.1866177148510238,0.14858603489371175,1.2559572976324276
0.18027378210010372,0.1366286517118167,1.319443468419386
0.1981863516520695,0.1407152386712274,1.408421387218195
0.15470660717043694,0.1418458227657304,1.0906673467991168
0.21043963446215594,0.12250098525181939,1.717860750503886
0.2382936329220267,0.1328926378305747,1.7931289258162526
0.17405282206188236,0.1343363693433959,1.2956492937289505
0.23302339066731598,0.13981768066549086,1.6666232021457763
0.2048077883169011,0.14373832479741977,1.424865557641295
0.20550632409053798,0.12890827495264634,1.5942058348545076
0.1918727117749949,0.13963394753897,1.3741122066426272
0.21659443574539466,0.13883034359817376,1.5601375760640548
0.1962860287854078,0.15365469237291018,1.2774489718090356
0.18239398895720008,0.1338600411456849,1.362572335972121
0.2193270131156433,0.1366152995122516,1.6054352177149394
0.21930917853008622,0.1335436864328602,1.6422279808813358
0.2232433320499648,0.14993650296393754,1.4889191600237528
0.18815283536947494,0.13042706551966216,1.4425904210894824
0.20303768271466346,0.12606487603582536,1.6105809096021624
0.255683164736403,0.13958904683354525,1.8316850106534195
0.203524028805082,0.14648280923956744,1.389405554560506
0.24004712402089015,0.14054487753939598,1.7079749061192415
0.18879744779143603,0.13865484875568776,1.3616361020601624
0.18689209360408524,0.1377628327759736,1.356622028148945
0.16152099644362053,0.12872928002804845,1.2547339378300506
0.2151609298980013,0.15145496527038457,1.420626451657665
0.18606103175946503,0.1443548843555667,1.2889140023912882
0.2091436823890622,0.14223765685243614,1.470381943974495
0.21033449271123988,0.1420995160847766,1.4801914778214604
0.22103367576486574,0.1387579916132249,1.592943751888372
0.1873188283228906,0.13919754934752396,1.3457049294397123
0.19861569641035065,0.12958936196906193,1.5326543274267221
0.23751145263921977,0.15381068938832376,1.5441804050404964
0.2292917524719319,0.14397557263639713,1.5925739920548632
0.18193798761174967,0.13109197637999379,1.3878651663956116
0.22734906105624306,0.14506523262049267,1.5672194980792837
0.21964909167066157,0.13980018826711432,1.5711644912164284
0.21647976134428065,0.1425044076391081,1.5191092326948572
0.2036338909195451,0.13067993946508505,1.5582643499307085
0.20316881423637845,0.13251315721168583,1.5331972953585455
0.17632693369000327,0.1337389116842713,1.3184415176509967
0.21112584613742147,0.1304195977866219,1.6188199451653131
0.2454779167159418,0.14440125372917237,1.6999708131090112
0.20497972373757586,0.13398983699580716,1.5298154571528446
0.20381267510573858,0.13375438281674512,1.5237831524741832
0.21161111442388675,0.1329761084864179,1.591346873002383
0.2147292727625253,0.13498395852830575,1.5907762307733566
0.23881259436346988,0.1251416735221635,1.9083378673306175
0.15287195144246996,0.13877932923968558,1.1015469831133498
0.18949678973218287,0.13221877234662832,1.4332063924734753
0.1768251640030111,0.14718778635778415,1.2013575880079097
0.20057996282550358,0.13949371634605165,1.4379139654427953
0.17820088698230327,0.13765710953338262,1.2945273047382166
0.18957440530529854,0.13934181377650773,1.3604990502661287
0.25006725470515123,0.14968401602156003,1.6706343225660936
0.19933663321596076,0.13435574461671632,1.483648010620006
0.19253840374663025,0.1304904621875043,1.4754979062758478
0.21522031079074946,0.13281037041100577,1.6205083241972085
0.19221478544292517,0.12871904850815152,1.493289359039603
0.19515035279359658,0.1463040640867397,1.33386829690457
0.1632922233157329,0.13865847683729385,1.1776577028705215
0.18402011241148902,0.1374276802262948,1.3390323703963638
0.22261404992526615,0.1442276873742371,1.5434903934057735
0.2004983898836612,0.14730638954066502,1.3610977127934571
0.24569644422009684,0.14060901110519608,1.7473733887245677
0.23019367116741432,0.14484027688893464,1.58929322776654
0.18438831770142455,0.1295940980538585,1.4228141595213226
0.1940862804425439,0.1344654749527233,1.4433911791170386
0.17569656003008063,0.13282770018383025,1.3227403605341428
0.2584480141026008,0.1556494013285344,1.660449779418592
0.21103003979737872,0.1360712832675459,1.5508785889999106
0.18123538766412203,0.1381617521025725,1.3117623720461455
0.24007137133706125,0.14207408441470715,1.6897618754755084
0.2424039436713112,0.1380073456932476,1.7564568208572648
0.2017702522596562,0.13939052433141846,1.4475177077311374
0.2266104786157915,0.12715396458335324,1.7821739130063974
0.1826569153420544,0.15298744500807024,1.1939340207454217
0.17104262348657842,0.1299446290753062,1.3162731288220837
0.1684337669269383,0.1356557555830268,1.2416263961896552
0.2077622835114452,0.1256348709233639,1.65369918386893
0.20020572210297558,0.1407466673622528,1.42245444140917
0.2215664557001262,0.14209456496220826,1.5592887437957563
0.21358820126315323,0.13336146121647707,1.601573642901597
0.23189886138178323,0.14821658223203574,1.5645945810485724
0.2344603073836016,0.13902645892340526,1.686443783429558
0.15914251067500187,0.12836797944990544,1.2397368203268009
0.24225988865564135,0.13932709394250026,1.7387851982014428
0.23407531673736198,0.13577925655827047,1.7239401854944403
0.22343036176404363,0.1444369790257732,1.5469055311948536
0.1678568834317366,0.12878726367342153,1.3033655552880425
0.19906421363165114,0.1336418230163897,1.4895353051809097
0.2326794841560631,0.14702063978068186,1.5826314217048905
0.2101627411365044,0.1430681287795282,1.4689696645181596
0.1972819387769667,0.14214961180256072,1.3878471863221284
0.20744191925057534,0.1402559405064154,1.4790241219129452
0.2033207008897863,0.13897700004601887,1.4629809308192114
0.2243721102164465,0.13443834448736544,1.6689591877377892
0.20689376178347643,0.13260654575043448,1.5602077605795606
0.1805457968267871,0.13682229146173563,1.319564194532434
0.23217176566444,0.14382487254910115,1.6142671399564608
0.18777627130917268,0.14060735245184897,1.3354655217868263
0.2024220331764745,0.13701943722223475,1.477323489864886
0.2166922042799273,0.132822603435295,1.6314407237582094
0.167071123475615,0.1431660054364777,1.1669748203580628
0.17061324475073833,0.13518330114088328,1.2620881670357436
0.21622417790121817,0.13466289293959596,1.6056700786771834
0.16098933547497807,0.14575091225686163,1.104551134412533
0.22038512268255178,0.13045974633095114,1.68929596201634
0.2190834981124494,0.15327484784773188,1.4293506155040776
0.20046695812977225,0.12783304979662283,1.568193502765576
0.20644462550634762,0.14508307283894561,1.4229408122305107
0.21283888375407398,0.1335155851430512,1.594112653785206
0.19491115133197004,0.14513424733714747,1.3429714551052214
0.25292080917070303,0.13255203690506812,1.908086930054808
0.2123882955957174,0.1450315633378569,1.4644280921177844
0.2241803647738156,0.13144512722680587,1.7055053276109426
0.18412612107650236,0.1363188777372092,1.3507015619029252
0.2178360611325317,0.1313930334719825,1.6578965823099123
0.1727435028549571,0.13969732038787205,1.2365555930158985
0.2012912921657291,0.1413411702314777,1.424151871928538
0.2038609593508467,0.1375090163728223,1.4825279441904173
0.2009077621586522,0.12855934446353962,1.5627628080791212
0.2093534017051489,0.13217851662362567,1.5838685972038586
0.24177930965406497,0.14801184620086708,1.6335132346497856
0.2814306810666125,0.130857425504652,2.150666498146929
0.1665800790848505,0.1436275314937508,1.1598060438161772
0.19949587705976046,0.13596419234683996,1.467267768199243
0.28072342619359547,0.1480831694468504,1.895714599047341
0.200880649567049,0.13661645728744046,1.4703986148930577
0.20013428057562377,0.14451119820263134,1.3849049974314005
0.23738879474871094,0.13904776978762326,1.707246330604873
0.20429824818405165,0.1388964302174992,1.4708675223988057
0.21737611582402874,0.1343542838604509,1.6179321535427165
0.23578243277514208,0.1333213532328494,1.7685271493107453
0.19161616652046,0.13647636132327004,1.4040245846427641
0.18589396870284533,0.13966049434995362,1.3310418924699092
0.15079291778216217,0.12651681778433438,1.1918804189274645
0.20692985527532845,0.1288129669349235,1.6064365273091623
0.2011424781114451,0.1333875465727472,1.507955452211167
0.2095633575449681,0.1411775064332721,1.4843962245785858
0.1995405074545055,0.1372039115774485,1.4543354133301762
0.21866320244831575,0.14377932158018253,1.5208251092377851
0.21032830660703516,0.1465244075631776,1.4354489474140815
0.20304498568170207,0.1317440026342158,1.5412085682978058
0.20094358633883824,0.13577017855716078,1.480027414519741
0.21142152237038936,0.135160475095311,1.564225948608877
0.23054359452332088,0.14574395757032532,1.5818398125498787
0.24778934469701974,0.12821337196998195,1.9326326177197306
0.2340870911387116,0.1329688895933266,1.7604651122126833
0.18291778859893404,0.13765999057848297,1.3287650814900254
0.2036716397369394,0.13207634511933705,1.542075074479936
0.1937694841563012,0.14644301528678308,1.3231732751257375
0.19835677068435276,0.15010636679383899,1.3214414213141437
0.22344082201506987,0.14157102521742346,1.5782948641638468
0.20341684834850998,0.1298062900150693,1.5670800569440448
0.18431628166424438,0.1323936743403232,1.392183445188265
0.19729758273121625,0.13190182782233656,1.4957911197179439
0.18813960689186457,0.1405190540036806,1.338890360640605
0.2142432434705011,0.13707272931556302,1.562989549710354
0.25289073506401033,0.13585688902829607,1.8614494772608743
0.20181401684509487,0.1301260668567722,1.550911525415031
0.21300518882238073,0.14107506978796724,1.5098712277266486
0.21555566189594555,0.13818373435367137,1.5599206585649674
0.2276011516004388,0.13079068057898402,1.740193954132621
0.1988440035849841,0.14398628450083933,1.3809926707555606
0.2293408827688199,0.13219330059671994,1.7348903592963958
0.247149069955029,0.1425841894497779,1.7333553664593488
0.20143490146812848,0.13925159827224676,1.4465536048951406
0.2568861067915147,0.131291801991213,1.9566043187426692
0.21650859641416165,0.13624601723390797,1.5891003701228081
0.20116542217573005,0.14009216854977166,1.4359505192773172
0.18658964648459858,0.1352077785552182,1.380021537802252
0.19488814336339297,0.1374537575120516,1.4178451494591238
0.15295360482140688,0.13012311310014085,1.175453008903161
0.19065657156672436,0.12943392970746734,1.473003037129645
0.2374658325515478,0.13881166975557846,1.7107051083650313
0.21298185942202721,0.14068413299341126,1.5139010696536894
0.1894090092478225,0.1352468597016573,1.4004688143269435
0.18714901959243557,0.12842999836567282,1.4572064313165745
0.21600119716912777,0.13227533807697836,1.6329665099281372
0.21487573857227002,0.1387285406886135,1.5488935262036276
0.22781172130383878,0.14117660900474668,1.6136647771174277
0.19007446715739384,0.12275516877807884,1.5484029637971273
0.2163743566466438,0.13688151625986647,1.5807419625295644
0.19020121562349335,0.13038681069533586,1.4587458241303324
0.21196733874024667,0.1384956274652224,1.5304984180347048
0.19748982937364096,0.1490290245341338,1.3251769579180708
0.1645221217536966,0.13583306528608044,1.211208194464239
0.20504310349355118,0.14381446894091515,1.4257473883089695
0.20145345536216508,0.13166137153347168,1.5300877775752963
0.23478259671671017,0.12649066196609485,1.8561259231898273
0.219384684963945,0.1387154877372152,1.5815442712464147
0.19100009359568815,0.1394313226468474,1.3698506904324108
0.22254211044393948,0.13555269105084605,1.64173878599329
0.20105845889050167,0.14272767611353,1.4086858580291994
0.1833234373200892,0.13692286713093701,1.3388810880273208
0.2069110928156156,0.14265053377817288,1.4504754194426666
0.24064034817576982,0.13537776053269876,1.7775471187355492
0.24199137097431817,0.13084185701521814,1.8494950812733595
0.1737967255241115,0.14051051953975766,1.2368947612846557
0.22307515985313572,0.1366268099030046,1.6327334291966806
0.2172590224523469,0.14385915577878994,1.5102203351340588
0.2183361366316369,0.13095689925335308,1.6672366089642774
0.19717121560310563,0.13899443342906614,1.4185547632289115
0.2474955485647352,0.14048527666875463,1.7617187682115358
0.2360497099265414,0.143676233618253,1.6429280193530424
0.2282928441379069,0.13281061964911325,1.7189351630243008
0.20539790993961313,0.11855904966911472,1.7324523983015732
0.17641109863844148,0.1379780798983469,1.278544380153786
0.16650861430945715,0.12842240830285007,1.2965697848991502
0.18832444132225257,0.13770799843458476,1.3675635653924059
0.1869281836935332,0.1352142607826966,1.382459088349758
0.1941908591612554,0.13960567454355324,1.390995457714529
0.24086399324078628,0.13727978799212678,1.7545481149388154
0.15973319544138473,0.13284102349441967,1.2024387590486665
0.15815315019034717,0.13624917133183825,1.1607641253476781
0.17566869024889098,0.1399854490144056,1.2549067884249405
0.17708170569292395,0.1460977229601811,1.2120771091085898
0.22749264580211576,0.142812906486906,1.5929417823519594
0.1872284543407561,0.13236594030303492,1.4144760647045642
0.2025338167000212,0.13244248517659907,1.5292209024163375
0.17431380922322198,0.13261584169765536,1.3144267456419865
0.22665837277597195,0.14140454284504675,1.6029072914888431
0.22622048403975376,0.12874822423921461,1.757076537377598
0.16691856802054164,0.1491047259816215,1.1194720148650141
0.19343182596417238,0.13522607902608083,1.430432852577686
0.17574899811531552,0.13863196288244384,1.2677379333101266
0.21695414024609394,0.1323395222797198,1.6393752713382796
0.21744784558209193,0.1396922343244413,1.5566208575135239
0.18411935330079077,0.13897983536930356,1.3247918506417886
0.21646208589163088,0.13390042343378783,1.6165900027841869
0.1997516352121529,0.13229423020344583,1.5099043617017094
0.20347284445195682,0.13997916241117414,1.4535938131582515
0.22644169198173955,0.13601237087554904,1.6648610014226801
0.2407011727458978,0.1383223357271482,1.7401468206891764
0.22484005174550162,0.13793526306801637,1.6300404026099706
0.19503137987549032,0.13391095260941968,1.4564259015044245
0.24159167690665634,0.15118497113535173,1.5979873865264425
0.25045741470996424,0.14043250171912947,1.7834718576109179
0.21114755138800065,0.13761987644845453,1.534280925379888
0.1421710815470226,0.13741665284514293,1.03459863563434
0.20385987270385236,0.13434717084162381,1.5174109839958903
0.2500551190506628,0.1422420625335929,1.7579548172792279
0.20411210342418803,0.14325768897841004,1.424789865589338
0.17020163091081836,0.14409956962538623,1.181139064837524
0.2085886014877841,0.13367116777210025,1.5604606809705792
0.22354427503940177,0.13764418545391818,1.624073507371236
0.1674434558036708,0.12920161323818435,1.295985797754609
0.21522786973675823,0.14339784050925405,1.5009143022824578
0.17606516960336605,0.1490369563563465,1.1813524236391089
0.20231953395190913,0.1398657385269696,1.4465267626131104
0.20290971375783917,0.13609812374155317,1.4909075024660847
0.2009738834080016,0.13362679163675192,1.503993929258771
0.18004240033293206,0.1390191927547664,1.2950902444853907
0.24477208481659402,0.14497788279003387,1.688340870387026
0.1851436597395677,0.1346800101938912,1.3746929442092173
0.1917634870943109,0.1375899187459909,1.3937321050994407
0.1997655857062912,0.13494774954080363,1.4803180222422965
0.22729214376742143,0.14727562163166194,1.543311386156507
0.227118643586472,0.1484711452890015,1.5297157110520154
0.23864087923457994,0.14684232307980918,1.6251505303745297
0.17812086080910255,0.1395363777127605,1.2765191681825745
0.19407660019650777,0.14076487800239904,1.3787288629852694
0.18932908859945902,0.1406541314556075,1.3460613395434746
0.19518008344997698,0.1298480986460212,1.5031416361517718
0.18449257464934238,0.14788904055749236,1.2475067385241456
0.18908037198370098,0.13287100377690544,1.4230371308187963
0.20007173548312737,0.12846917542033567,1.5573520638590288
0.20736346424857197,0.1424418501974078,1.4557762621111028
0.1857812365316013,0.14586577252184585,1.273645169251597
0.20264713310023602,0.12736803049158818,1.5910360890256485
0.1802786151074548,0.13736349622102306,1.312420112089894
0.17887233904188066,0.13402799572886326,1.3345893749223623
0.19831643722837666,0.12835791731716917,1.5450269167140018
0.1722609442070509,0.13328379287794953,1.2924372910425312
0.20554474174465856,0.12877373103181125,1.5961698096165466
0.233179558554168,0.14034696308025585,1.6614506893236218
0.20382098673731805,0.14922611461675342,1.3658533378073716
0.22217288140068267,0.14460769301090715,1.5363835545313977
0.21970429657427254,0.14007642392155265,1.5684602049615008
0.22178980959476124,0.14048128729728782,1.5787854301577375
0.23437415191944966,0.1396678022993403,1.678082908594293
0.15358424998293138,0.13816074465917516,1.1116344976411645
0.16472077279319178,0.1393211324665643,1.1823100334956231
0.22370892088655886,0.13789158815700783,1.6223536466331552
0.20692012362919643,0.13043558060791993,1.5863779090398928
0.1830644881784748,0.13928535244912357,1.314312560219441
0.21078223409021718,0.13953636727712498,1.5105899501568287
0.2505613857787235,0.1361701795788392,1.8400606252682115
0.19614839449630894,0.14114171405995413,1.3897266006914801
0.17507570792696456,0.1467163888292681,1.1932934645133464
0.19366475588232032,0.14639729586343372,1.3228711277767036
0.19249495744980813,0.1417783320138858,1.357717746537991
0.20928002157366637,0.14141433819077273,1.479906664707086
0.20343933021802055,0.14414079210479058,1.4113931750154378
0.21096686889427152,0.13807538617955634,1.52791076477545
0.21519435214019922,0.1342972520046125,1.6023734583400728
0.1506462703896377,0.13741123519805765,1.0963169799944215
0.18137786298106126,0.1402265569543873,1.2934629995947173
0.18744489964695182,0.13451986421604173,1.3934365808302585
0.19331937046441539,0.14106175488195244,1.37045913420115
0.1683975047896846,0.13235366628807413,1.272329732242999
0.23093949159253083,0.13199179668857497,1.749650337266154
0.2680989078290033,0.14410615259646256,1.860426518913145
0.23266814993062143,0.13125685090349323,1.7726171878197123
0.186459813536526,0.14496215713161667,1.2862654448997473
0.17198106388461862,0.13834064975934793,1.2431708553038479
0.20297370150942523,0.13848291567841797,1.4656948874528781
0.1714039916668345,0.1307128820714129,1.3113014490277297
0.19696660881635147,0.12966097433634677,1.519089377698263
0.18804985632483492,0.13658334800714528,1.3768139313366166
0.2210706036457688,0.13439358548965766,1.6449490713437467
0.21728581146703252,0.14141162360231813,1.5365484528916094
0.19250181182820159,0.13413684288413583,1.4351151234003623
0.21435900964778073,0.136285769859931,1.5728642092867822
0.20952953718465656,0.14487291429930818,1.4462989040985774
0.19973106977421332,0.12975808718903187,1.539257198537804
0.1707556493509127,0.13510936466827309,1.263832819954117
0.21762423081977306,0.12920197966781322,1.6843722625558777
0.1782359901876727,0.13542325271640573,1.3161402241675773
0.19699798689028852,0.14350272059636135,1.3727822446265425
0.17350818982507107,0.1382198138446743,1.2553062039285654
0.19121780741085773,0.14156342436307398,1.3507571484031988
0.22339292753331752,0.1311055325828792,1.7039168609615942
0.24523758328945205,0.13522537839555002,1.8135470294052607
0.2640753872390575,0.13655732035081686,1.9338061596452367
0.19973551248060153,0.12468580447245259,1.6019106050258514
0.24158229142439147,0.1344982052861603,1.796174833042549
0.20077731264810206,0.1391462291574634,1.442923131038603
0.2285964830069486,0.14794457373510408,1.545149492378493
0.19694330936384336,0.13357861839063737,1.4743625270019058
0.1990156013312121,0.13193461095311443,1.5084411883545572
0.22368006619090425,0.1534139611537226,1.4580163663642982
0.21033330686576165,0.1353879884696713,1.5535595826721298
0.22037590616989094,0.15699067153720536,1.4037515988181748
0.18542502159544963,0.13420629809342371,1.3816417279192927
0.21808640954402547,0.1460097537961293,1.4936427455972254
0.23548629026225817,0.13775484596110094,1.7094592108124786
0.2215625130247719,0.1339124226794576,1.6545329297425964
0.21308644937853144,0.13899990692167216,1.5329970652326248
0.2555717730114714,0.1356924082462678,1.8834640516338603
0.21506640899177767,0.14496875063431233,1.4835363349049522
0.24109911781798968,0.1476458876636624,1.6329551850926853
0.2327329731335508,0.12639596417167165,1.8413006669853134
0.1558275763282316,0.13239402845931034,1.1769985258521178
0.20182513834509144,0.1321645410375394,1.5270747869337054
0.1852719738466612,0.1384370094344247,1.3383124541882092
0.18036733346643552,0.14258197082421742,1.265007998022428
0.16501180628043283,0.14129480712408507,1.167854711996029
0.20608837291326218,0.13440136608215314,1.5333800460576434
0.16642086099845013,0.13041004036490245,1.2761353384508218
0.21389878353819572,0.1361480651648008,1.5710747213284402
0.24132787755413046,0.13755288416145203,1.7544370590650287
0.16685235745177313,0.13872070211575413,1.2027934901349102
0.2102139974705122,0.1299404781466597,1.6177714632791353
0.21879236964900686,0.14427132841836332,1.5165339644932407
0.1743149643208718,0.14546374007466162,1.1983396290470862
0.1902223964548859,0.14596734543435397,1.3031845985062103
0.19710569366204214,0.13544381160115104,1.455258024209111
0.20406224877310697,0.13527229877929467,1.5085294669683071
0.20293864980836657,0.1352736267214086,1.5002085382564019
0.19475284836454207,0.13808557416373865,1.4103779452994032
0.21974950121567915,0.1402541549320232,1.5667949468034288
0.17940429816764294,0.13945408896962636,1.2864757103444842
0.19616627796127106,0.13463946439152952,1.4569745865211
0.15013605416128056,0.14578944252078677,1.0298143100442547
0.22215032834440207,0.13455986416411145,1.6509404919840276
0.23121720924412117,0.13473470580111205,1.7160924341604402
0.16207042087201753,0.14392970571198538,1.1260387150122655
0.20554759362125755,0.14359612471789904,1.4314285571777436
0.20093381267718852,0.1299018710141448,1.546812306154614
0.28509672480952797,0.16073373970579613,1.7737204729471447
0.21018021896246697,0.13846269538147257,1.517955564734664
0.1890618686539671,0.1419232082080255,1.3321420156796877
0.21912295579774202,0.13718048897388296,1.5973332464171317
0.20006423051224909,0.13699448459970665,1.4603816430773118
0.19808307400049083,0.12454906912655735,1.590401882483873
0.1905515348948307,0.1357763225156848,1.4034224183146387
0.2082765212357755,0.14412193780871516,1.4451409993682507
0.1919075986447103,0.14088986167527978,1.3621107747767913
0.2180483019491995,0.14258631894982304,1.5292371915845024
0.2079969445762825,0.1359662238784935,1.5297692224074666
0.18256888316592707,0.14648703016680814,1.2463143184624037
0.15495044649843231,0.140457051626119,1.1031873779530352
0.206526944119394,0.12393799143442116,1.666373173625884
0.22010041498296407,0.1409007641274618,1.562095254386673
0.18629705384315393,0.1374258379727108,1.3556188311556643
0.21645113003819572,0.12481976002924591,1.73410948705141
0.21653668670430098,0.13771649705326192,1.5723365852135733
0.20568597861688007,0.12546905126792615,1.639336366524833
0.20631358177394218,0.13835223503830382,1.491219724183153
0.18037175608907643,0.14781256229380604,1.220273522696621
0.20173143097205473,0.13223262302037395,1.5255798937072635
0.20349051291770642,0.13318021313205175,1.5279335280530009
0.20617062533082153,0.14049576070829112,1.4674508632249053
0.20157691152740884,0.14772394992132404,1.3645513245128242
0.1886722549616802,0.14018996552420757,1.3458328080485964
0.18330509322544583,0.12825096428654456,1.4292687329500047
0.24915762987145076,0.1379231411956481,1.8064961957182601
0.2111958658475694,0.1429141715301569,1.4777811296551797
0.211337446479149,0.14439466134442042,1.4636098350966862
0.21356585194225758,0.14441312380167515,1.478853488659043
0.2129898009527802,0.13337668600373595,1.596904281658447
0.18559443464986838,0.13368249351646422,1.3883226574241805
0.22511651594449456,0.12404670098415783,1.8147722926806773
0.22354731365143918,0.135078420114482,1.654944686664071
0.20064227283894287,0.1381241257632271,1.4526229341200292
0.20436926690503956,0.1403626644927343,1.4560087445163774
0.19008641773736054,0.13848795019948842,1.3725845278491438
0.20923754008134687,0.13036884325104905,1.6049658404840006
0.22455065484978995,0.130098037583417,1.7260110838014084
0.23627048573581844,0.14177250488888765,1.6665465981643786
0.1957926672504127,0.141434628443678,1.3843333093520385
0.18744935149542424,0.12976784054826376,1.4444977330551119
0.17973399206718252,0.1324926766223401,1.356557937005832
0.1727892416151724,0.12939560410009368,1.3353563501393113
0.20133214969965138,0.1270298831621408,1.5849195849662494
0.2205848369094851,0.14020448528452736,1.5733079898395257
0.17948078486394875,0.13629738295363628,1.3168322162502708
0.2022350485761165,0.12954963583585358,1.5610622698496759
0.17974143033922857,0.13123775766370283,1.3695862649514063
0.20742350869160034,0.1436491561547209,1.4439591170879533
0.19349812295758606,0.12636833700310038,1.5312231492991688
0.19490425493519928,0.14255274319522523,1.3672431029143994
0.2220767309469904,0.14885350035256043,1.4919147377858115
0.2041773900940768,0.14219690705689766,1.4358778564176413
0.2288662427252591,0.1335180046259821,1.7141227010272635
0.1921111882255835,0.14115718554113416,1.360973495533467
0.22091849273717215,0.13901230400969455,1.5892010013859317
0.18713100462133303,0.14852884560287563,1.2598967147544438
0.20847905821384752,0.1350447916563794,1.5437771102222229
0.1817983100631912,0.13247173589703995,1.3723554600695274
0.2513525830390505,0.1420659380215399,1.7692670497902223
0.22369581806688474,0.1373963079174859,1.6281064713997009
0.17823350196399346,0.13005210026961017,1.3704776900526692
0.23693249313076564,0.13758585512666177,1.7220701424041387
0.21794967430006218,0.1523742823874392,1.4303573469562645
0.2039646030926338,0.1298514281613205,1.5707536372972275
0.1821520231011564,0.13128012429950756,1.3875064795458887
0.22091221979067321,0.13893083855704658,1.590087716198187
0.20733567464984345,0.14207225136455168,1.459367840366156
0.1951092875760834,0.125256115436949,1.5576827278688588
0.20480254909952203,0.1403144275842337,1.459597224786986
0.2016900018305415,0.13653145981660866,1.4772419638774454
0.23951999655470083,0.1323960936757345,1.8091167941958697
0.22873840289101308,0.14748113581300298,1.5509671906855893
0.22003623430189406,0.13557731531120581,1.6229576002211006
0.22315849504152357,0.13456347337101787,1.6583883386112654
0.2183642034152465,0.11856251766836591,1.841764224559049
0.20541882877690756,0.13816783691858545,1.486734057347582
0.2119248079023328,0.14826307546206902,1.4293835956245946
0.17686497778164723,0.13014838501064915,1.358948693579068
0.23908671075143462,0.14513566611473733,1.647332576145853
0.2240485803382822,0.13631687506279955,1.643586534939755
0.21456574878450746,0.13776177839873277,1.557512913077211
0.22946662359255623,0.1495012910233424,1.5348805486684958
0.2032207463272733,0.1242457026251678,1.6356360182561995
0.23812069190538362,0.15524554770004714,1.5338326633718418
0.19955868832137402,0.1378051084985568,1.4481225732169716
0.233251564693072,0.14624302855309965,1.5949585221314004
0.15208089455231422,0.1344057329232771,1.13150600978551
0.2023698998221806,0.1365056700567558,1.482501787200781
0.19824316322125077,0.14106185098637836,1.405363405024326
0.23293810354786376,0.13029213110413854,1.7878140573330819
0.23859780278096543,0.13815835539492313,1.7269878618556074
0.1935286426864479,0.14923294669017645,1.2968224978377867
0.22957434452024328,0.14031073731052557,1.636185148198359
0.1589144742480412,0.1448087060876813,1.0974096692212616
0.20022236072514948,0.13163916922159977,1.52099380381304
0.22525627223836525,0.14831563921752097,1.5187627779967459
0.2242637941359098,0.12912045119924115,1.7368572681786587
0.23597964943589111,0.13903553213921302,1.697261453997315
0.23062626880992193,0.14250324880825052,1.6183930593768283
0.14239839619648267,0.13477406302173034,1.0565712200389998
0.2193088313898203,0.1343215703669045,1.632714915339136
0.19415185037499605,0.1409992988797723,1.3769703247996008
0.2142848737612221,0.13903715719472523,1.5412058048706394
0.19430638645808446,0.14647456785360577,1.32655374448542
0.22044671244990607,0.13196380868871624,1.6705088663355296
0.18717065384645376,0.1359561555887053,1.3766986352032682
0.21023502936347271,0.1349889696395779,1.5574237652513583
0.19875405543998045,0.13282701934646424,1.4963375404935724
0.20641899039720443,0.1287462843138381,1.6033005651178842
0.2197748140185481,0.13601267913258933,1.615840636477022
0.1883756550651586,0.1366626028742523,1.378399438495176
0.18613940693324985,0.13686512422037125,1.3600207356955332
0.20075396137381735,0.13052391134611507,1.5380627143594452
0.24502591274300442,0.13795259639807486,1.7761602111203452
0.21349749057961687,0.13785544735549848,1.548705507654365
0.18904744122064182,0.1371329417335011,1.3785705960281183
0.17555077985376194,0.13956203905779468,1.25786912429005
0.16269051235839238,0.139978067935634,1.1622571646952737
0.20175838635687085,0.13617111156404768,1.4816533700833776
0.19027224162766748,0.13647614308967113,1.3941795050776737
0.22273054977014323,0.13317865070181614,1.6724193299482488
0.20090119633164244,0.13829746771074475,1.4526744390709752
0.19185137147080947,0.15223136519237562,1.2602617813245374
0.23790043652910395,0.13041870325357122,1.8241282162310535
0.18798476007977993,0.14645808179985512,1.2835396843219198
0.18553415253599498,0.13206553461170886,1.4048642825813058
0.20013233555284476,0.15329887381115698,1.3055042778682129
0.1890744938130564,0.13262718843152874,1.4256088517677479
0.22086876963448812,0.1429189571604801,1.5454126871810305
0.16566836559055073,0.12967473596792656,1.2775685591642674
0.22216178438930284,0.1412135904200344,1.5732323194140958
0.2240012052827957,0.13797736447712478,1.6234634291766952
0.2233201000424827,0.13456909680693005,1.6595199443367457
0.2394747551844954,0.146146088081944,1.6385984621786258
0.25128526719673694,0.12823657608214442,1.9595444207413282
0.20322579043728708,0.14372592198012601,1.4139814699911164
0.20883596165245905,0.1349966957460103,1.5469709128686653
0.19348029010074863,0.13958256366964722,1.3861350946287403
0.2296513015268277,0.1524861994268336,1.5060464644672298
0.24144979570803493,0.12949539982068212,1.8645434204024305
0.1960212096209197,0.1339440281053015,1.463456134578957
0.2245049615701123,0.1349653958251827,1.663426096722659
0.2080408366982431,0.14566052237075292,1.4282582082790574
0.2328126422269334,0.13990587543589533,1.664066226679721
0.1741193169594535,0.1354849485730817,1.2851561652660786
0.1985884960895651,0.14108952637603214,1.4075353514213846
0.22050709389742368,0.13361058218431715,1.6503714772624216
0.22533472048443773,0.13615299720771706,1.655011091240714
0.1928068356498764,0.14209693085739106,1.35686840304368
0.14658932465650268,0.1353781261622688,1.082813958296304
0.2130063044422392,0.13221644892753662,1.6110423942710848
0.15983466718861758,0.13826039291163186,1.1560408864943321
0.1908746898236696,0.1453293974589909,1.3133935264372831
0.19219262679779686,0.13417375164685,1.432415986277663
0.20009913732413628,0.1255149479799248,1.594225552769545
0.15546296473553908,0.13395880113232694,1.1605281879312277
0.20936257807135522,0.14427096948582518,1.451176066935111
0.19595425988158316,0.13355987301575747,1.4671641673278946
0.20452363595190068,0.13974035061783122,1.4635975582402965
0.20018684757974095,0.13352219469170093,1.4992776896902187
0.2350569036442946,0.13718603971809723,1.7134170803917923
0.2236993062398298,0.131284434264168,1.7039286301809886
0.1991755845766741,0.1406005021018399,1.4166064957037423
0.18967154587717733,0.12733436187643363,1.4895550822427355
0.18957558440204397,0.14118290283858326,1.3427658773866469
0.22164057269701004,0.14061302230570205,1.5762449953970032
0.18477336992047078,0.14615077492358444,1.2642654136940452
0.2272043450357093,0.1298189501790807,1.7501631674134541
0.21182206758855265,0.1378947258324299,1.5361143532491555
0.21952132934693142,0.13270330076793377,1.6542265947915007
0.2287678358284657,0.14584830328651385,1.5685327197743215
0.1893288832978567,0.13912066932334305,1.36089686901822
0.2936553147563716,0.14910347047800876,1.9694733718467186
0.2242048571551892,0.14209185692493442,1.5778867417689824
0.24945848505358523,0.1385728997228783,1.8001967596294715
0.20016437924481958,0.13576748039592654,1.4743175513097697
0.19460122537839414,0.14106067832690994,1.3795568523171517
0.20230873137153244,0.13707006467564578,1.4759512359628884
0.21191977004911686,0.1383935558223501,1.5312835109255318
0.19393176309305546,0.1376996907877994,1.408367455173969
0.20005520471328242,0.13222414624392362,1.5130005403417455
0.19800659921849373,0.12975546341753108,1.5259981661145323
0.17878462979004475,0.13964805406784703,1.280251493538059
0.23205955553114546,0.1449956631825647,1.6004585960544089
0.22958466988853238,0.13018503642414353,1.763525795242276
0.22660250313949876,0.1363061598820709,1.662452403732526
0.2146630162741574,0.12801647415355288,1.6768389982110734
0.18963865821244547,0.14067011785068778,1.3481090448344872
0.21389956895917403,0.1295652033530477,1.6509028923169022
0.2290296290572177,0.14140342718879295,1.6196893781890573
0.19923434414242927,0.1346428326223577,1.4797248413603712
0.19624201639963398,0.1426281882096272,1.3758992444832019
0.21935800041821343,0.1436377558591542,1.5271611499786149
0.2083754683674329,0.14233554214618724,1.4639735460691796
0.2024924782818176,0.14153982174668406,1.430639630479551
0.23833865978340524,0.13960474714464766,1.7072389346220234
0.22394090575755024,0.14429691529337607,1.5519452048039049
0.19382155895495062,0.13720281194638576,1.412664625493897
0.2363938984618436,0.13824210166592446,1.7099993100011786
0.18380338516766875,0.1380495957167279,1.331430086509096
0.1814594184652013,0.12759049275658157,1.4222017216548526
